city,aqi,pollutant,date
Agartala,39,PM10,14-Aug-26
Agra,71,"PM2.5, PM10",14-Aug-26
Ahmedabad,68,PM10,14-Aug-26
Ahmednagar,34,PM10,14-Aug-26
Aizawl,17,PM10,14-Aug-26
Ajmer,63,PM10,14-Aug-26
Akola,29,PM10,14-Aug-26
Alwar,90,PM10,14-Aug-26
Amaravati,75,PM10,14-Aug-26
Ambala,141,PM10,14-Aug-26
Ambernath,71,PM10,14-Aug-26
Amravati,33,PM10,14-Aug-26
Amritsar,53,PM2.5,14-Aug-26
Anantapur,67,PM10,14-Aug-26
Angul,103,CO,14-Aug-26
Ankleshwar,55,PM10,14-Aug-26
Araria,50,O3,14-Aug-26
Arrah,55,CO,14-Aug-26
Asansol,51,"SO2, CO",14-Aug-26
Aurangabad (Maharashtra),46,"PM10, PM2.5",14-Aug-26
Baddi,138,PM10,14-Aug-26
Badlapur,44,CO,14-Aug-26
Baghpat,144,PM10,14-Aug-26
Bahadurgarh,55,PM10,14-Aug-26
Balasore,51,O3,14-Aug-26
Ballabgarh,152,PM10,14-Aug-26
Banswara,57,PM10,14-Aug-26
Baran,32,PM10,14-Aug-26
Baraut,220,PM2.5,14-Aug-26
Barbil,61,PM2.5,14-Aug-26
Bareilly,67,"PM10, SO2",14-Aug-26
Baripada,30,O3,14-Aug-26
Barmer,47,O3,14-Aug-26
Barrackpore,47,CO,14-Aug-26
Bathinda,29,PM10,14-Aug-26
Beed,32,PM10,14-Aug-26
Begusarai,66,PM10,14-Aug-26
Belapur,35,PM10,14-Aug-26
Belgaum,43,NO2,14-Aug-26
Bengaluru,66,"NO2, PM10, PM2.5",14-Aug-26
Bettiah,29,NO2,14-Aug-26
Bhagalpur,65,PM10,14-Aug-26
Bharatpur,29,O3,14-Aug-26
Bhavnagar,59,CO,14-Aug-26
Bhilai,29,"PM10, CO",14-Aug-26
Bhilwara,71,PM10,14-Aug-26
Bhiwadi,89,PM10,14-Aug-26
Bhiwandi,48,PM10,14-Aug-26
Bhiwani,38,PM2.5,14-Aug-26
Bhopal,53,PM10,14-Aug-26
Bhubaneswar,57,"PM2.5, CO",14-Aug-26
Bikaner,55,PM10,14-Aug-26
Bilaspur,51,PM10,14-Aug-26
Boisar,46,PM10,14-Aug-26
Brajrajnagar,50,CO,14-Aug-26
Bulandshahr,108,PM10,14-Aug-26
Bundi,57,PM10,14-Aug-26
Byasanagar,42,PM2.5,14-Aug-26
Byrnihat (Assam),96,PM2.5,14-Aug-26
Byrnihat (Meghalaya),79,PM2.5,14-Aug-26
Chamarajanagar,45,PM10,14-Aug-26
Chandigarh,47,"PM10, NO2",14-Aug-26
Chandrapur,48,PM10,14-Aug-26
Charkhi dadri,106,PM2.5,14-Aug-26
Chennai,74,PM10,14-Aug-26
Chhal,31,O3,14-Aug-26
Chhapra,113,PM10,14-Aug-26
Chikkaballapur,36,PM10,14-Aug-26
Chikkamagaluru,37,PM10,14-Aug-26
Chittoor,66,PM10,14-Aug-26
Chittorgarh,58,PM10,14-Aug-26
Churu,63,PM10,14-Aug-26
Coimbatore,28,SO2,14-Aug-26
Cuddalore,23,PM2.5,14-Aug-26
Cuttack,36,O3,14-Aug-26
Damoh,51,SO2,14-Aug-26
Davanagere,34,PM10,14-Aug-26
Delhi,98,"PM10, PM2.5",14-Aug-26
Dewas,64,PM10,14-Aug-26
Dharuhera,75,PM2.5,14-Aug-26
Dholpur,30,CO,14-Aug-26
Dhule,29,PM10,14-Aug-26
Dombivli,35,O3,14-Aug-26
Dungarpur,58,PM10,14-Aug-26
Durgapur,40,"CO, PM10",14-Aug-26
Eloor,64,PM10,14-Aug-26
Eluru,56,PM10,14-Aug-26
Faridabad,144,"PM2.5, PM10",14-Aug-26
Fatehabad,49,CO,14-Aug-26
Fatehpur sikri,20,CO,14-Aug-26
Firozabad,56,PM10,14-Aug-26
Gadag,93,PM10,14-Aug-26
Gandhinagar,57,PM10,14-Aug-26
Gaya,54,PM10,14-Aug-26
Ghaziabad,111,"PM10, CO",14-Aug-26
Greater noida,198,PM10,14-Aug-26
Gummidipoondi,151,PM2.5,14-Aug-26
Guntur,69,PM10,14-Aug-26
Gurugram,90,"PM2.5, PM10",14-Aug-26
Guwahati,46,"CO, PM2.5",14-Aug-26
Gwalior,54,"CO, PM10, NO2",14-Aug-26
Hajipur,35,O3,14-Aug-26
Haldia,31,CO,14-Aug-26
Hanumangarh,40,PM10,14-Aug-26
Hapur,114,PM2.5,14-Aug-26
Hingoli,47,PM10,14-Aug-26
Howrah,48,"CO, NO2, PM10",14-Aug-26
Hubballi,42,PM10,14-Aug-26
Hyderabad,47,PM10,14-Aug-26
Indore,37,"PM10, SO2, CO",14-Aug-26
Jabalpur,56,"NO2, CO, PM10",14-Aug-26
Jaipur,71,"CO, PM10, O3",14-Aug-26
Jaisalmer,64,PM10,14-Aug-26
Jalandhar,66,PM2.5,14-Aug-26
Jalgaon,42,CO,14-Aug-26
Jalna,53,O3,14-Aug-26
Jalore,62,PM10,14-Aug-26
Jhalawar,54,PM2.5,14-Aug-26
Jhansi,58,PM2.5,14-Aug-26
Jhunjhunu,56,O3,14-Aug-26
Jind,57,PM2.5,14-Aug-26
Jodhpur,58,PM10,14-Aug-26
Jorapokhar,107,PM10,14-Aug-26
Kadapa,51,PM2.5,14-Aug-26
Kaithal,85,SO2,14-Aug-26
Kakinada,42,NO2,14-Aug-26
Kalaburagi,34,CO,14-Aug-26
Kalyan,56,PM10,14-Aug-26
Kannur,74,PM2.5,14-Aug-26
Kanpur,65,"PM2.5, PM10, CO",14-Aug-26
Karauli,37,NO2,14-Aug-26
Karnal,83,PM10,14-Aug-26
Katihar,71,CO,14-Aug-26
Katni,46,PM10,14-Aug-26
Keonjhar,38,CO,14-Aug-26
Khanna,70,PM10,14-Aug-26
Khurja,63,PM10,14-Aug-26
Kishanganj,44,PM2.5,14-Aug-26
Kohima,60,SO2,14-Aug-26
Kolhapur,37,PM10,14-Aug-26
Kolkata,46,"PM10, O3, CO",14-Aug-26
Korba,18,CO,14-Aug-26
Kota,50,"PM10, PM2.5",14-Aug-26
Kunjemura,27,PM10,14-Aug-26
Kurnool,35,PM10,14-Aug-26
Kurukshetra,72,PM10,14-Aug-26
Latur,41,PM10,14-Aug-26
Leh,184,CO,14-Aug-26
Lucknow,67,"PM10, PM2.5",14-Aug-26
Ludhiana,79,PM10,14-Aug-26
Machilipatnam,55,PM10,14-Aug-26
Madikeri,20,PM10,14-Aug-26
Mahad,43,PM10,14-Aug-26
Maihar,30,CO,14-Aug-26
Malegaon,50,PM10,14-Aug-26
Mandideep,53,PM10,14-Aug-26
Mandi gobindgarh,112,PM2.5,14-Aug-26
Mandikhera,70,PM10,14-Aug-26
Manesar,102,PM2.5,14-Aug-26
Mangalore,40,PM10,14-Aug-26
Manguraha,73,PM10,14-Aug-26
Mathura,44,PM2.5,14-Aug-26
Meerut,133,"PM2.5, PM10",14-Aug-26
Mehsana,69,PM10,14-Aug-26
Mira-bhayandar,35,PM10,14-Aug-26
Modinagar,145,PM2.5,14-Aug-26
Moradabad,61,"PM10, PM2.5",14-Aug-26
Motihari,63,PM2.5,14-Aug-26
Mumbai,44,"PM10, CO",14-Aug-26
Muzaffarnagar,104,PM2.5,14-Aug-26
Muzaffarpur,59,O3,14-Aug-26
Mysuru,74,PM10,14-Aug-26
Nagaon,62,PM2.5,14-Aug-26
Nagaur,62,PM10,14-Aug-26
Nagpur,31,"CO, PM10",14-Aug-26
Naharlagun,39,PM10,14-Aug-26
Nalbari,30,PM2.5,14-Aug-26
Nanded,37,PM10,14-Aug-26
Nandesari,38,PM10,14-Aug-26
Narnaul,87,PM10,14-Aug-26
Nashik,33,PM10,14-Aug-26
Navi mumbai,42,"CO, PM10",14-Aug-26
Nellore,66,PM2.5,14-Aug-26
Noida,123,PM10,14-Aug-26
Pali,151,PM2.5,14-Aug-26
Palwal,94,PM10,14-Aug-26
Panchgaon,73,PM2.5,14-Aug-26
Panchkula,46,PM2.5,14-Aug-26
Panipat,126,PM2.5,14-Aug-26
Parbhani,27,NO2,14-Aug-26
Patiala,54,PM10,14-Aug-26
Patna,57,"O3, PM2.5",14-Aug-26
Pimpri-chinchwad,51,PM10,14-Aug-26
Pithampur,77,PM10,14-Aug-26
Pratapgarh,55,PM10,14-Aug-26
Prayagraj,46,PM10,14-Aug-26
Puducherry,43,O3,14-Aug-26
Pune,59,"CO, PM10",14-Aug-26
Purnia,57,CO,14-Aug-26
Raebareli,110,"PM2.5, PM10",14-Aug-26
Raipur,45,PM10,14-Aug-26
Rairangpur,24,CO,14-Aug-26
Rajamahendravaram,42,PM10,14-Aug-26
Rajkot,42,PM10,14-Aug-26
Rajsamand,47,PM10,14-Aug-26
Ramanagara,43,PM10,14-Aug-26
Ratlam,32,PM2.5,14-Aug-26
Rishikesh,37,CO,14-Aug-26
Rohtak,54,PM2.5,14-Aug-26
Rourkela,36,"CO, PM2.5, PM10",14-Aug-26
Rupnagar,56,CO,14-Aug-26
Sagar,40,O3,14-Aug-26
Saharsa,36,PM10,14-Aug-26
Samastipur,76,PM2.5,14-Aug-26
Sangli,32,PM10,14-Aug-26
Sasaram,17,O3,14-Aug-26
Satara,63,PM10,14-Aug-26
Satna,70,PM10,14-Aug-26
Sawai madhopur,55,PM10,14-Aug-26
Shillong,26,PM10,14-Aug-26
Shivamogga,65,PM10,14-Aug-26
Sikar,78,PM10,14-Aug-26
Silchar,50,PM10,14-Aug-26
Siliguri,117,NO2,14-Aug-26
Sirohi,39,PM10,14-Aug-26
Sirsa,86,CO,14-Aug-26
Sivasagar,50,O3,14-Aug-26
Siwan,105,PM10,14-Aug-26
Solapur,38,PM10,14-Aug-26
Sonipat,103,PM10,14-Aug-26
Sri ganganagar,58,NO2,14-Aug-26
Srikakulam,68,CO,14-Aug-26
Srinagar,47,PM10,14-Aug-26
Surat,45,"PM10, CO",14-Aug-26
Talcher,78,NO2,14-Aug-26
Tensa,41,O3,14-Aug-26
Thane,39,PM10,14-Aug-26
Thiruvananthapuram,29,PM10,14-Aug-26
Thoothukudi,64,PM10,14-Aug-26
Tirumala,113,PM10,14-Aug-26
Tirupati,68,PM10,14-Aug-26
Tonk,105,CO,14-Aug-26
Udaipur,75,PM10,14-Aug-26
Ujjain,47,PM2.5,14-Aug-26
Ulhasnagar,37,PM10,14-Aug-26
Vadodara,76,CO,14-Aug-26
Vapi,25,PM10,14-Aug-26
Varanasi,52,PM10,14-Aug-26
Vatva,123,PM2.5,14-Aug-26
Vijayapura,43,PM10,14-Aug-26
Vijayawada,54,"PM10, O3",14-Aug-26
Virar,34,PM10,14-Aug-26
Visakhapatnam,94,PM10,14-Aug-26
Vrindavan,56,PM2.5,14-Aug-26
Yadgir,42,PM10,14-Aug-26
Yamuna nagar,89,PM10,14-Aug-26
Agartala,27,PM2.5,13-Aug-26
Agra,70,"PM2.5, PM10",13-Aug-26
Ahmedabad,68,PM10,13-Aug-26
Ahmednagar,43,PM10,13-Aug-26
Aizawl,14,SO2,13-Aug-26
Ajmer,42,PM10,13-Aug-26
Akola,35,PM10,13-Aug-26
Alwar,96,PM10,13-Aug-26
Amaravati,66,PM10,13-Aug-26
Ambala,142,PM10,13-Aug-26
Ambernath,71,PM10,13-Aug-26
Amravati,37,PM10,13-Aug-26
Amritsar,71,PM10,13-Aug-26
Anantapur,62,PM10,13-Aug-26
Angul,103,CO,13-Aug-26
Ankleshwar,55,PM10,13-Aug-26
Araria,49,O3,13-Aug-26
Arrah,52,CO,13-Aug-26
Asansol,52,"SO2, PM10",13-Aug-26
Aurangabad (Maharashtra),46,"CO, PM10",13-Aug-26
Baddi,138,PM10,13-Aug-26
Badlapur,41,CO,13-Aug-26
Baghpat,154,PM10,13-Aug-26
Bahadurgarh,67,PM10,13-Aug-26
Balasore,43,CO,13-Aug-26
Ballabgarh,145,PM10,13-Aug-26
Banswara,51,PM10,13-Aug-26
Baran,28,O3,13-Aug-26
Bareilly,75,"O3, SO2",13-Aug-26
Barmer,47,PM10,13-Aug-26
Barrackpore,48,CO,13-Aug-26
Bathinda,52,PM10,13-Aug-26
Beed,34,PM10,13-Aug-26
Begusarai,104,PM10,13-Aug-26
Belapur,47,PM10,13-Aug-26
Belgaum,38,NO2,13-Aug-26
Bengaluru,61,"PM10, PM2.5",13-Aug-26
Bettiah,29,NO2,13-Aug-26
Bhagalpur,139,"PM2.5, PM10",13-Aug-26
Bharatpur,44,O3,13-Aug-26
Bhavnagar,60,CO,13-Aug-26
Bhilai,21,"PM10, CO",13-Aug-26
Bhilwara,63,PM10,13-Aug-26
Bhiwadi,79,PM10,13-Aug-26
Bhiwandi,44,PM10,13-Aug-26
Bhiwani,35,PM2.5,13-Aug-26
Bhopal,43,PM10,13-Aug-26
Bhubaneswar,55,"PM2.5, PM10",13-Aug-26
Bikaner,38,O3,13-Aug-26
Bilaspur,57,PM10,13-Aug-26
Bileipada,68,PM10,13-Aug-26
Boisar,53,PM10,13-Aug-26
Brajrajnagar,47,PM10,13-Aug-26
Bulandshahr,98,PM10,13-Aug-26
Bundi,47,PM10,13-Aug-26
Byasanagar,54,PM10,13-Aug-26
Byrnihat (Assam),96,PM2.5,13-Aug-26
Byrnihat (Meghalaya),153,PM2.5,13-Aug-26
Chamarajanagar,43,PM10,13-Aug-26
Chandigarh,46,"PM10, NO2",13-Aug-26
Chandrapur,41,PM10,13-Aug-26
Charkhi Dadri,99,PM2.5,13-Aug-26
Chennai,75,PM10,13-Aug-26
Chhal,45,PM10,13-Aug-26
Chhapra,115,PM10,13-Aug-26
Chikkaballapur,46,PM10,13-Aug-26
Chittorgarh,44,PM10,13-Aug-26
Churu,45,O3,13-Aug-26
Coimbatore,28,SO2,13-Aug-26
Cuddalore,24,PM2.5,13-Aug-26
Cuttack,41,PM10,13-Aug-26
Damoh,50,SO2,13-Aug-26
Dausa,63,PM10,13-Aug-26
Davanagere,22,CO,13-Aug-26
Delhi,105,"PM10, PM2.5",13-Aug-26
Dewas,61,PM10,13-Aug-26
Dharuhera,87,PM2.5,13-Aug-26
Dholpur,34,CO,13-Aug-26
Dhule,29,PM10,13-Aug-26
Dombivli,33,O3,13-Aug-26
Dungarpur,49,PM10,13-Aug-26
Durgapur,55,"NO2, PM10, O3",13-Aug-26
Eluru,52,PM10,13-Aug-26
Faridabad,131,"PM2.5, PM10",13-Aug-26
Fatehabad,47,CO,13-Aug-26
Firozabad,30,"PM10, SO2",13-Aug-26
Gadag,86,PM10,13-Aug-26
Gajraula,96,PM10,13-Aug-26
Gandhinagar,45,"PM10, PM2.5",13-Aug-26
Gangtok,25,PM2.5,13-Aug-26
Gaya,63,"PM2.5, PM10",13-Aug-26
Ghaziabad,118,"PM10, CO",13-Aug-26
Gorakhpur,147,PM2.5,13-Aug-26
Greater Noida,157,PM10,13-Aug-26
Gummidipoondi,166,PM2.5,13-Aug-26
Guntur,64,PM10,13-Aug-26
Gurugram,131,PM2.5,13-Aug-26
Guwahati,59,"CO, PM10, PM2.5",13-Aug-26
Gwalior,76,"PM2.5, O3, NO2",13-Aug-26
Hajipur,48,O3,13-Aug-26
Haldia,31,PM2.5,13-Aug-26
Hanumangarh,39,PM10,13-Aug-26
Hapur,106,PM10,13-Aug-26
Hingoli,47,PM10,13-Aug-26
Hisar,66,PM10,13-Aug-26
Howrah,52,"NO2, CO",13-Aug-26
Hubballi,53,PM10,13-Aug-26
Hyderabad,45,PM10,13-Aug-26
Indore,40,"PM10, SO2",13-Aug-26
Jabalpur,45,"PM10, CO",13-Aug-26
Jaipur,63,"CO, O3, PM2.5",13-Aug-26
Jaisalmer,88,PM10,13-Aug-26
Jalandhar,73,PM2.5,13-Aug-26
Jalgaon,32,PM10,13-Aug-26
Jalore,65,PM10,13-Aug-26
Jhalawar,36,PM10,13-Aug-26
Jhansi,47,PM10,13-Aug-26
Jhunjhunu,63,O3,13-Aug-26
Jind,83,PM2.5,13-Aug-26
Jodhpur,45,"O3, PM10",13-Aug-26
Jorapokhar,105,PM10,13-Aug-26
Kadapa,67,PM2.5,13-Aug-26
Kaithal,51,PM10,13-Aug-26
Kakinada,41,NO2,13-Aug-26
Kalaburagi,37,PM10,13-Aug-26
Kalyan,64,"PM10, PM2.5",13-Aug-26
Kannur,73,PM2.5,13-Aug-26
Kanpur,79,"PM2.5, PM10",13-Aug-26
Karauli,44,NO2,13-Aug-26
Karnal,83,PM10,13-Aug-26
Katni,53,PM10,13-Aug-26
Keonjhar,49,PM10,13-Aug-26
Khanna,66,PM10,13-Aug-26
Khurja,61,CO,13-Aug-26
Kishanganj,43,PM2.5,13-Aug-26
Kohima,57,SO2,13-Aug-26
Kolhapur,37,"PM10, NO2",13-Aug-26
Kolkata,50,"PM10, CO",13-Aug-26
Korba,33,PM10,13-Aug-26
Kota,34,PM10,13-Aug-26
Kunjemura,75,PM10,13-Aug-26
Kurnool,35,PM10,13-Aug-26
Kurukshetra,64,PM10,13-Aug-26
Latur,39,PM10,13-Aug-26
Leh,184,CO,13-Aug-26
Lucknow,76,"PM10, PM2.5",13-Aug-26
Ludhiana,80,PM10,13-Aug-26
Machilipatnam,55,PM10,13-Aug-26
Mahad,37,PM10,13-Aug-26
Malegaon,44,PM10,13-Aug-26
Mandideep,52,PM2.5,13-Aug-26
Mandi Gobindgarh,93,PM10,13-Aug-26
Mandikhera,70,PM10,13-Aug-26
Manesar,99,PM2.5,13-Aug-26
Mangalore,37,PM10,13-Aug-26
Manguraha,80,PM10,13-Aug-26
Mathura,60,PM2.5,13-Aug-26
Meerut,115,"PM2.5, PM10",13-Aug-26
Mehsana,61,PM10,13-Aug-26
Milupara,36,PM2.5,13-Aug-26
Mira-Bhayandar,32,PM10,13-Aug-26
Modinagar,190,PM10,13-Aug-26
Moradabad,57,"PM10, PM2.5",13-Aug-26
Motihari,63,PM2.5,13-Aug-26
Mumbai,41,PM10,13-Aug-26
Muzaffarnagar,77,PM10,13-Aug-26
Muzaffarpur,56,O3,13-Aug-26
Mysuru,50,PM10,13-Aug-26
Nagaon,49,PM2.5,13-Aug-26
Nagaur,34,PM10,13-Aug-26
Nagpur,36,PM10,13-Aug-26
Naharlagun,31,PM10,13-Aug-26
Nanded,37,O3,13-Aug-26
Nandesari,89,PM2.5,13-Aug-26
Narnaul,73,PM10,13-Aug-26
Nashik,34,"PM2.5, PM10",13-Aug-26
Navi Mumbai,38,"CO, PM10",13-Aug-26
Nellore,64,PM10,13-Aug-26
Noida,119,"PM10, O3",13-Aug-26
Pali,96,PM2.5,13-Aug-26
Palwal,100,PM10,13-Aug-26
Panchgaon,68,CO,13-Aug-26
Panchkula,62,PM2.5,13-Aug-26
Parbhani,29,NO2,13-Aug-26
Patiala,52,PM10,13-Aug-26
Patna,87,"PM2.5, PM10",13-Aug-26
Pimpri-Chinchwad,46,"PM10, CO",13-Aug-26
Pithampur,85,PM10,13-Aug-26
Pratapgarh,36,O3,13-Aug-26
Prayagraj,89,"PM10, PM2.5",13-Aug-26
Puducherry,43,PM10,13-Aug-26
Pune,60,"CO, PM10",13-Aug-26
Purnia,59,CO,13-Aug-26
Raebareli,86,"PM2.5, PM10",13-Aug-26
Raipur,37,"PM10, O3",13-Aug-26
Rairangpur,37,PM10,13-Aug-26
Rajamahendravaram,29,PM10,13-Aug-26
Rajkot,41,CO,13-Aug-26
Rajsamand,45,PM10,13-Aug-26
Ramanagara,46,PM10,13-Aug-26
Ratlam,55,NO2,13-Aug-26
Rishikesh,37,CO,13-Aug-26
Rohtak,56,PM10,13-Aug-26
Rourkela,44,PM10,13-Aug-26
Rupnagar,57,CO,13-Aug-26
Sagar,38,O3,13-Aug-26
Samastipur,140,PM2.5,13-Aug-26
Satara,58,PM10,13-Aug-26
Satna,70,PM10,13-Aug-26
Sawai Madhopur,60,O3,13-Aug-26
Shamli,93,CO,13-Aug-26
Shillong,23,SO2,13-Aug-26
Shivamogga,45,PM10,13-Aug-26
Sikar,45,PM10,13-Aug-26
Silchar,49,PM10,13-Aug-26
Siliguri,120,NO2,13-Aug-26
Sirohi,47,PM10,13-Aug-26
Sirsa,88,CO,13-Aug-26
Sivasagar,43,O3,13-Aug-26
Siwan,105,PM10,13-Aug-26
Solapur,34,PM10,13-Aug-26
Sonipat,106,PM10,13-Aug-26
Sri Ganganagar,74,PM10,13-Aug-26
Srikakulam,80,CO,13-Aug-26
Srinagar,42,PM10,13-Aug-26
Surat,46,"PM10, CO",13-Aug-26
Talcher,78,NO2,13-Aug-26
Tensa,46,PM10,13-Aug-26
Thane,35,PM10,13-Aug-26
Thiruvananthapuram,58,PM10,13-Aug-26
Thoothukudi,66,PM10,13-Aug-26
Thrissur,51,PM10,13-Aug-26
Tirumala,45,NO2,13-Aug-26
Tirupati,79,PM10,13-Aug-26
Tonk,83,CO,13-Aug-26
Udaipur,44,PM10,13-Aug-26
Ulhasnagar,39,PM10,13-Aug-26
Vadodara,75,CO,13-Aug-26
Vapi,33,PM10,13-Aug-26
Varanasi,78,PM10,13-Aug-26
Vatva,107,PM10,13-Aug-26
Vijayapura,43,PM10,13-Aug-26
Vijayawada,60,"PM2.5, PM10",13-Aug-26
Virar,30,PM10,13-Aug-26
Visakhapatnam,94,PM10,13-Aug-26
Vrindavan,41,PM2.5,13-Aug-26
Yamuna Nagar,96,PM2.5,13-Aug-26
Agartala,61,PM10,12-Aug-26
Agra,83,"PM2.5, PM10",12-Aug-26
Ahmedabad,84,"PM10, PM2.5",12-Aug-26
Ahmednagar,32,PM10,12-Aug-26
Aizawl,15,SO2,12-Aug-26
Ajmer,46,PM10,12-Aug-26
Akola,29,PM10,12-Aug-26
Alwar,99,PM10,12-Aug-26
Amaravati,94,PM10,12-Aug-26
Ambala,114,PM10,12-Aug-26
Ambernath,48,PM10,12-Aug-26
Amravati,29,PM10,12-Aug-26
Amritsar,76,PM10,12-Aug-26
Anantapur,73,PM10,12-Aug-26
Angul,102,CO,12-Aug-26
Ankleshwar,61,O3,12-Aug-26
Araria,68,PM10,12-Aug-26
Arrah,56,CO,12-Aug-26
Asansol,70,"CO, SO2",12-Aug-26
Aurangabad (Maharashtra),38,PM10,12-Aug-26
Baddi,141,PM10,12-Aug-26
Badlapur,45,CO,12-Aug-26
Bagalkot,51,PM10,12-Aug-26
Baghpat,65,O3,12-Aug-26
Bahadurgarh,63,PM2.5,12-Aug-26
Balasore,43,CO,12-Aug-26
Ballabgarh,135,PM10,12-Aug-26
Banswara,69,PM10,12-Aug-26
Baran,42,O3,12-Aug-26
Barbil,70,PM2.5,12-Aug-26
Bareilly,66,"PM10, SO2",12-Aug-26
Baripada,50,O3,12-Aug-26
Barmer,58,PM10,12-Aug-26
Barrackpore,52,CO,12-Aug-26
Bathinda,40,PM10,12-Aug-26
Beed,27,PM10,12-Aug-26
Begusarai,84,PM10,12-Aug-26
Belapur,39,PM10,12-Aug-26
Bengaluru,67,"PM10, PM2.5",12-Aug-26
Bettiah,27,NO2,12-Aug-26
Bhagalpur,70,"PM10, PM2.5",12-Aug-26
Bharatpur,105,PM10,12-Aug-26
Bhavnagar,60,PM10,12-Aug-26
Bhilai,25,"PM10, CO",12-Aug-26
Bhilwara,41,PM2.5,12-Aug-26
Bhiwadi,114,PM2.5,12-Aug-26
Bhiwandi,41,PM10,12-Aug-26
Bhiwani,65,PM2.5,12-Aug-26
Bhopal,33,"CO, O3",12-Aug-26
Bhubaneswar,66,"PM2.5, PM10",12-Aug-26
Bikaner,101,PM10,12-Aug-26
Bilaspur,99,PM2.5,12-Aug-26
Boisar,51,PM10,12-Aug-26
Brajrajnagar,48,CO,12-Aug-26
Bulandshahr,70,PM10,12-Aug-26
Bundi,47,PM10,12-Aug-26
Buxar,168,PM2.5,12-Aug-26
Byasanagar,60,PM10,12-Aug-26
Byrnihat (Assam),82,PM2.5,12-Aug-26
Byrnihat (Meghalaya),161,PM2.5,12-Aug-26
Chamarajanagar,42,PM10,12-Aug-26
Chandigarh,36,"CO, PM10, NO2",12-Aug-26
Chandrapur,34,"CO, PM10",12-Aug-26
Charkhi Dadri,231,PM2.5,12-Aug-26
Chennai,62,PM10,12-Aug-26
Chhal,35,PM2.5,12-Aug-26
Chhapra,114,PM10,12-Aug-26
Chikkaballapur,49,PM10,12-Aug-26
Chittoor,75,PM2.5,12-Aug-26
Chittorgarh,33,PM10,12-Aug-26
Churu,59,PM10,12-Aug-26
Coimbatore,26,SO2,12-Aug-26
Cuddalore,23,PM2.5,12-Aug-26
Cuttack,64,PM10,12-Aug-26
Damoh,50,SO2,12-Aug-26
Dausa,59,PM10,12-Aug-26
Davanagere,22,CO,12-Aug-26
Dehradun,25,PM10,12-Aug-26
Delhi,92,"PM10, PM2.5, O3",12-Aug-26
Dewas,60,O3,12-Aug-26
Dharuhera,126,PM2.5,12-Aug-26
Dhule,29,PM10,12-Aug-26
Dombivli,34,O3,12-Aug-26
Dungarpur,64,PM10,12-Aug-26
Durgapur,77,"NO2, PM10",12-Aug-26
Eloor,125,CO,12-Aug-26
Eluru,63,PM10,12-Aug-26
Faridabad,88,PM10,12-Aug-26
Fatehabad,46,CO,12-Aug-26
Fatehpur Sikri,29,PM10,12-Aug-26
Firozabad,40,"PM10, CO",12-Aug-26
Gadag,88,PM10,12-Aug-26
Gajraula,47,PM10,12-Aug-26
Gandhinagar,73,PM10,12-Aug-26
Gangtok,21,PM2.5,12-Aug-26
Gaya,117,PM2.5,12-Aug-26
Ghaziabad,79,"CO, O3, PM10",12-Aug-26
Greater Noida,148,PM10,12-Aug-26
Gummidipoondi,129,PM2.5,12-Aug-26
Guntur,58,PM10,12-Aug-26
Gurugram,165,PM2.5,12-Aug-26
Guwahati,54,"CO, PM10, O3",12-Aug-26
Gwalior,69,"PM10, PM2.5",12-Aug-26
Hajipur,60,O3,12-Aug-26
Haldia,37,PM10,12-Aug-26
Hanumangarh,44,PM10,12-Aug-26
Hapur,96,PM10,12-Aug-26
Hisar,64,PM10,12-Aug-26
Howrah,62,"NO2, CO, PM10",12-Aug-26
Hubballi,62,PM10,12-Aug-26
Hyderabad,44,PM10,12-Aug-26
Indore,39,"PM10, SO2, CO",12-Aug-26
Jabalpur,56,"NO2, CO, PM10",12-Aug-26
Jaipur,67,PM2.5,12-Aug-26
Jaisalmer,100,PM10,12-Aug-26
Jalandhar,56,PM2.5,12-Aug-26
Jalgaon,37,CO,12-Aug-26
Jalna,46,O3,12-Aug-26
Jalore,71,PM10,12-Aug-26
Jhansi,51,PM10,12-Aug-26
Jhunjhunu,50,O3,12-Aug-26
Jind,69,PM2.5,12-Aug-26
Jodhpur,57,PM10,12-Aug-26
Jorapokhar,59,PM2.5,12-Aug-26
Kaithal,100,SO2,12-Aug-26
Kalaburagi,31,CO,12-Aug-26
Kalyan,51,"PM2.5, PM10",12-Aug-26
Kannur,73,PM2.5,12-Aug-26
Kanpur,64,"PM10, PM2.5",12-Aug-26
Karauli,33,PM10,12-Aug-26
Karnal,61,PM10,12-Aug-26
Karwar,18,PM10,12-Aug-26
Katni,50,PM10,12-Aug-26
Keonjhar,60,PM10,12-Aug-26
Khanna,69,PM10,12-Aug-26
Khora,130,PM2.5,12-Aug-26
Khurja,73,PM10,12-Aug-26
Kishanganj,47,PM2.5,12-Aug-26
Kohima,58,SO2,12-Aug-26
Kolhapur,30,"NO2, PM10",12-Aug-26
Kolkata,58,"PM10, CO",12-Aug-26
Korba,31,"PM10, SO2",12-Aug-26
Kota,43,"PM2.5, PM10",12-Aug-26
Kunjemura,28,PM10,12-Aug-26
Kurukshetra,49,PM2.5,12-Aug-26
Latur,40,PM10,12-Aug-26
Leh,183,CO,12-Aug-26
Lucknow,66,"PM10, PM2.5",12-Aug-26
Ludhiana,67,PM10,12-Aug-26
Machilipatnam,60,PM10,12-Aug-26
Madikeri,27,PM10,12-Aug-26
Mahad,30,PM2.5,12-Aug-26
Maihar,34,CO,12-Aug-26
Malegaon,43,PM10,12-Aug-26
Mandideep,35,PM10,12-Aug-26
Mandi Gobindgarh,102,PM10,12-Aug-26
Mandikhera,69,PM10,12-Aug-26
Manesar,92,PM2.5,12-Aug-26
Mangalore,48,PM10,12-Aug-26
Manguraha,79,PM10,12-Aug-26
Mathura,76,PM10,12-Aug-26
Meerut,51,"PM10, PM2.5, CO",12-Aug-26
Mehsana,65,PM10,12-Aug-26
Mira-Bhayandar,27,PM2.5,12-Aug-26
Modinagar,20,PM10,12-Aug-26
Moradabad,44,"PM10, PM2.5",12-Aug-26
Mumbai,34,PM10,12-Aug-26
Munger,66,PM2.5,12-Aug-26
Muzaffarnagar,33,O3,12-Aug-26
Muzaffarpur,47,"PM10, O3",12-Aug-26
Mysuru,58,PM10,12-Aug-26
Nagaon,62,PM2.5,12-Aug-26
Nagaur,45,PM10,12-Aug-26
Nagpur,41,"PM10, CO",12-Aug-26
Naharlagun,37,PM10,12-Aug-26
Nanded,38,PM10,12-Aug-26
Nandesari,52,PM10,12-Aug-26
Narnaul,93,PM10,12-Aug-26
Nashik,37,"PM10, O3",12-Aug-26
Navi Mumbai,38,CO,12-Aug-26
Nellore,60,PM10,12-Aug-26
Noida,101,"O3, PM10",12-Aug-26
Pali,78,PM10,12-Aug-26
Palwal,101,PM10,12-Aug-26
Panchgaon,82,CO,12-Aug-26
Panchkula,39,O3,12-Aug-26
Panipat,85,PM10,12-Aug-26
Parbhani,39,NO2,12-Aug-26
Patiala,43,CO,12-Aug-26
Patna,76,PM10,12-Aug-26
Pimpri-Chinchwad,39,"CO, PM10",12-Aug-26
Pithampur,74,PM10,12-Aug-26
Prayagraj,47,"PM10, O3",12-Aug-26
Puducherry,51,O3,12-Aug-26
Pune,63,CO,12-Aug-26
Purnia,58,CO,12-Aug-26
Raebareli,91,PM2.5,12-Aug-26
Raipur,40,PM10,12-Aug-26
Rairangpur,30,PM10,12-Aug-26
Rajamahendravaram,48,PM10,12-Aug-26
Rajkot,63,PM10,12-Aug-26
Rajsamand,38,PM10,12-Aug-26
Ramanagara,39,PM10,12-Aug-26
Ratlam,44,PM10,12-Aug-26
Rishikesh,37,CO,12-Aug-26
Rohtak,57,PM10,12-Aug-26
Rourkela,49,"PM10, PM2.5",12-Aug-26
Rupnagar,54,CO,12-Aug-26
Sagar,35,O3,12-Aug-26
Saharsa,57,PM10,12-Aug-26
Samastipur,154,PM2.5,12-Aug-26
Satara,38,PM10,12-Aug-26
Satna,70,PM10,12-Aug-26
Sawai Madhopur,58,O3,12-Aug-26
Shamli,85,CO,12-Aug-26
Shillong,25,O3,12-Aug-26
Shivamogga,46,O3,12-Aug-26
Sikar,78,PM10,12-Aug-26
Silchar,56,PM10,12-Aug-26
Siliguri,119,NO2,12-Aug-26
Sirohi,56,PM10,12-Aug-26
Sivasagar,50,O3,12-Aug-26
Siwan,104,PM10,12-Aug-26
Solapur,45,"O3, PM10",12-Aug-26
Sonipat,115,PM10,12-Aug-26
Sri Ganganagar,147,PM10,12-Aug-26
Srinagar,49,PM10,12-Aug-26
Surat,48,PM10,12-Aug-26
Talcher,78,SO2,12-Aug-26
Tensa,60,O3,12-Aug-26
Thane,27,"CO, O3",12-Aug-26
Thiruvananthapuram,54,PM10,12-Aug-26
Thoothukudi,66,PM10,12-Aug-26
Thrissur,52,PM10,12-Aug-26
Tirumala,42,NO2,12-Aug-26
Tirupati,76,PM2.5,12-Aug-26
Tonk,60,CO,12-Aug-26
Tumidih,49,PM10,12-Aug-26
Udaipur,44,PM2.5,12-Aug-26
Ujjain,44,O3,12-Aug-26
Ulhasnagar,21,PM10,12-Aug-26
Vadodara,73,CO,12-Aug-26
Vapi,40,PM10,12-Aug-26
Varanasi,68,PM10,12-Aug-26
Vatva,114,PM10,12-Aug-26
Vijayapura,43,PM10,12-Aug-26
Vijayawada,57,"PM10, PM2.5",12-Aug-26
Virar,24,PM10,12-Aug-26
Visakhapatnam,110,PM10,12-Aug-26
Vrindavan,42,PM2.5,12-Aug-26
Yadgir,30,PM10,12-Aug-26
Yamuna Nagar,74,PM2.5,12-Aug-26
Agartala,54,PM10,11-Aug-26
Agra,81,"PM2.5, PM10",11-Aug-26
Ahmedabad,68,PM10,11-Aug-26
Ahmednagar,43,PM10,11-Aug-26
Ajmer,91,PM10,11-Aug-26
Akola,48,PM10,11-Aug-26
Alwar,100,PM10,11-Aug-26
Amaravati,96,PM10,11-Aug-26
Ambala,96,PM10,11-Aug-26
Ambernath,72,PM10,11-Aug-26
Amravati,51,PM10,11-Aug-26
Amritsar,66,PM2.5,11-Aug-26
Anantapur,75,PM10,11-Aug-26
Angul,82,CO,11-Aug-26
Ankleshwar,75,O3,11-Aug-26
Araria,74,PM2.5,11-Aug-26
Arrah,56,CO,11-Aug-26
Asansol,59,"SO2, CO, PM10",11-Aug-26
Aurangabad (Maharashtra),66,PM10,11-Aug-26
Baddi,103,PM10,11-Aug-26
Badlapur,22,NO2,11-Aug-26
Bagalkot,51,PM10,11-Aug-26
Baghpat,44,PM10,11-Aug-26
Bahadurgarh,69,PM10,11-Aug-26
Balasore,41,CO,11-Aug-26
Ballabgarh,133,PM10,11-Aug-26
Banswara,61,PM10,11-Aug-26
Barbil,55,PM2.5,11-Aug-26
Bareilly,41,"SO2, PM10",11-Aug-26
Baripada,57,O3,11-Aug-26
Barmer,74,PM10,11-Aug-26
Barrackpore,46,CO,11-Aug-26
Bathinda,28,NO2,11-Aug-26
Beed,41,PM10,11-Aug-26
Begusarai,116,PM10,11-Aug-26
Belapur,40,PM10,11-Aug-26
Belgaum,24,SO2,11-Aug-26
Bengaluru,61,PM10,11-Aug-26
Bettiah,27,NO2,11-Aug-26
Bhagalpur,113,"PM10, PM2.5",11-Aug-26
Bharatpur,56,PM10,11-Aug-26
Bhavnagar,62,PM10,11-Aug-26
Bhilai,28,"PM10, CO",11-Aug-26
Bhilwara,92,PM10,11-Aug-26
Bhiwadi,90,PM10,11-Aug-26
Bhiwandi,43,PM10,11-Aug-26
Bhiwani,67,PM2.5,11-Aug-26
Bhopal,47,"NO2, CO, PM10",11-Aug-26
Bhubaneswar,35,PM10,11-Aug-26
Bilaspur,29,PM10,11-Aug-26
Bileipada,70,PM10,11-Aug-26
Boisar,62,PM10,11-Aug-26
Brajrajnagar,50,CO,11-Aug-26
Bulandshahr,41,PM10,11-Aug-26
Bundi,57,PM10,11-Aug-26
Byasanagar,48,O3,11-Aug-26
Byrnihat (Assam),83,PM2.5,11-Aug-26
Byrnihat (Meghalaya),134,PM2.5,11-Aug-26
Chamarajanagar,45,PM10,11-Aug-26
Chandigarh,43,"CO, PM2.5",11-Aug-26
Chandrapur,63,PM10,11-Aug-26
Charkhi Dadri,146,PM2.5,11-Aug-26
Chennai,59,PM10,11-Aug-26
Chhal,78,PM10,11-Aug-26
Chhapra,115,PM10,11-Aug-26
Chikkaballapur,36,PM10,11-Aug-26
Chittoor,71,PM2.5,11-Aug-26
Chittorgarh,52,PM10,11-Aug-26
Churu,55,PM10,11-Aug-26
Coimbatore,45,O3,11-Aug-26
Cuttack,45,PM10,11-Aug-26
Damoh,50,SO2,11-Aug-26
Dausa,71,PM10,11-Aug-26
Davanagere,21,PM2.5,11-Aug-26
Dehradun,43,PM2.5,11-Aug-26
Delhi,78,"PM2.5, NO2",11-Aug-26
Dewas,58,O3,11-Aug-26
Dharuhera,97,PM2.5,11-Aug-26
Dholpur,98,PM10,11-Aug-26
Dhule,40,PM10,11-Aug-26
Dombivli,33,O3,11-Aug-26
Dungarpur,74,PM10,11-Aug-26
Durgapur,63,"NO2, PM10",11-Aug-26
Eloor,115,CO,11-Aug-26
Eluru,56,PM10,11-Aug-26
Faridabad,118,"PM2.5, PM10",11-Aug-26
Fatehabad,47,CO,11-Aug-26
Fatehpur Sikri,30,PM10,11-Aug-26
Firozabad,42,"PM10, CO",11-Aug-26
Gajraula,44,PM2.5,11-Aug-26
Gandhinagar,75,PM10,11-Aug-26
Gaya,146,"PM2.5, PM10",11-Aug-26
Ghaziabad,75,"CO, PM10",11-Aug-26
Gorakhpur,214,PM2.5,11-Aug-26
Greater Noida,84,PM10,11-Aug-26
Gummidipoondi,88,PM2.5,11-Aug-26
Guntur,49,PM10,11-Aug-26
Gurugram,106,"PM2.5, PM10",11-Aug-26
Guwahati,63,"CO, PM10, PM2.5",11-Aug-26
Gwalior,82,"CO, PM10, O3",11-Aug-26
Hajipur,45,O3,11-Aug-26
Haldia,31,PM10,11-Aug-26
Hanumangarh,53,PM10,11-Aug-26
Hapur,40,PM10,11-Aug-26
Hingoli,52,PM10,11-Aug-26
Hisar,50,PM10,11-Aug-26
Howrah,56,"NO2, CO",11-Aug-26
Hubballi,61,PM10,11-Aug-26
Hyderabad,48,PM10,11-Aug-26
Indore,38,"PM10, PM2.5, SO2",11-Aug-26
Jabalpur,52,"NO2, PM10",11-Aug-26
Jaipur,66,"PM2.5, PM10",11-Aug-26
Jaisalmer,102,PM10,11-Aug-26
Jalandhar,94,PM2.5,11-Aug-26
Jalgaon,48,PM10,11-Aug-26
Jalna,66,PM10,11-Aug-26
Jalore,76,PM10,11-Aug-26
Jhansi,61,PM10,11-Aug-26
Jhunjhunu,52,PM10,11-Aug-26
Jodhpur,67,PM10,11-Aug-26
Jorapokhar,71,PM10,11-Aug-26
Kaithal,99,SO2,11-Aug-26
Kalaburagi,33,CO,11-Aug-26
Kalyan,70,PM10,11-Aug-26
Kannur,73,PM2.5,11-Aug-26
Kanpur,80,"PM10, PM2.5",11-Aug-26
Karnal,45,PM2.5,11-Aug-26
Karwar,25,PM10,11-Aug-26
Katni,46,PM10,11-Aug-26
Keonjhar,41,PM10,11-Aug-26
Khanna,70,PM10,11-Aug-26
Khora,118,PM2.5,11-Aug-26
Khurja,69,PM10,11-Aug-26
Kishanganj,56,PM2.5,11-Aug-26
Kohima,57,SO2,11-Aug-26
Kolhapur,38,PM10,11-Aug-26
Kolkata,68,"O3, PM10",11-Aug-26
Korba,26,"SO2, PM10",11-Aug-26
Kota,67,PM10,11-Aug-26
Kunjemura,55,PM10,11-Aug-26
Kurukshetra,43,PM2.5,11-Aug-26
Latur,42,PM10,11-Aug-26
Leh,183,CO,11-Aug-26
Lucknow,70,"PM10, PM2.5",11-Aug-26
Ludhiana,67,PM10,11-Aug-26
Machilipatnam,62,PM10,11-Aug-26
Madikeri,29,PM10,11-Aug-26
Mahad,26,PM2.5,11-Aug-26
Malegaon,53,PM10,11-Aug-26
Mandideep,37,PM10,11-Aug-26
Mandi Gobindgarh,91,PM10,11-Aug-26
Mandikhera,71,PM10,11-Aug-26
Manesar,72,PM2.5,11-Aug-26
Mangalore,43,PM10,11-Aug-26
Manguraha,70,PM10,11-Aug-26
Mathura,72,PM10,11-Aug-26
Meerut,56,"PM10, PM2.5",11-Aug-26
Mehsana,64,PM10,11-Aug-26
Mira-Bhayandar,30,PM10,11-Aug-26
Modinagar,23,PM2.5,11-Aug-26
Moradabad,46,"SO2, PM2.5, PM10",11-Aug-26
Motihari,140,PM2.5,11-Aug-26
Mumbai,41,"PM10, O3",11-Aug-26
Munger,57,PM2.5,11-Aug-26
Muzaffarnagar,32,PM10,11-Aug-26
Muzaffarpur,52,"PM10, O3",11-Aug-26
Mysuru,56,PM10,11-Aug-26
Nagaon,58,PM2.5,11-Aug-26
Nagpur,50,PM10,11-Aug-26
Naharlagun,35,PM10,11-Aug-26
Nanded,49,PM10,11-Aug-26
Nandesari,66,CO,11-Aug-26
Narnaul,77,PM10,11-Aug-26
Nashik,34,"PM10, O3",11-Aug-26
Navi Mumbai,41,"CO, PM10",11-Aug-26
Nellore,62,PM10,11-Aug-26
Noida,68,"PM10, CO",11-Aug-26
Pali,144,PM10,11-Aug-26
Palwal,103,PM10,11-Aug-26
Panchgaon,79,CO,11-Aug-26
Panchkula,33,O3,11-Aug-26
Panipat,82,PM10,11-Aug-26
Parbhani,39,NO2,11-Aug-26
Patiala,39,CO,11-Aug-26
Patna,78,"PM2.5, PM10",11-Aug-26
Pimpri-Chinchwad,66,PM10,11-Aug-26
Pithampur,85,PM10,11-Aug-26
Pratapgarh,34,PM10,11-Aug-26
Prayagraj,31,SO2,11-Aug-26
Puducherry,47,O3,11-Aug-26
Pune,61,PM10,11-Aug-26
Purnia,59,CO,11-Aug-26
Raebareli,168,"PM2.5, PM10",11-Aug-26
Raipur,47,PM10,11-Aug-26
Rairangpur,25,PM10,11-Aug-26
Rajamahendravaram,65,PM10,11-Aug-26
Rajkot,70,PM10,11-Aug-26
Rajsamand,79,PM10,11-Aug-26
Ramanagara,43,PM10,11-Aug-26
Ratlam,38,PM2.5,11-Aug-26
Rishikesh,37,CO,11-Aug-26
Rohtak,53,PM2.5,11-Aug-26
Rourkela,48,PM10,11-Aug-26
Rupnagar,54,CO,11-Aug-26
Sagar,29,O3,11-Aug-26
Saharsa,239,PM10,11-Aug-26
Samastipur,154,PM2.5,11-Aug-26
Sangli,28,PM10,11-Aug-26
Satara,61,PM10,11-Aug-26
Satna,70,PM10,11-Aug-26
Sawai Madhopur,55,O3,11-Aug-26
Shamli,126,CO,11-Aug-26
Shillong,24,SO2,11-Aug-26
Shivamogga,46,O3,11-Aug-26
Sikar,87,PM10,11-Aug-26
Silchar,52,PM10,11-Aug-26
Siliguri,117,NO2,11-Aug-26
Singrauli,45,NO2,11-Aug-26
Sirohi,66,PM10,11-Aug-26
Sirsa,92,CO,11-Aug-26
Siwan,105,PM10,11-Aug-26
Solapur,45,PM10,11-Aug-26
Sonipat,113,PM10,11-Aug-26
Sri Ganganagar,106,O3,11-Aug-26
Srinagar,51,PM10,11-Aug-26
Surat,46,"CO, PM10",11-Aug-26
Talcher,78,SO2,11-Aug-26
Tensa,77,O3,11-Aug-26
Thiruvananthapuram,57,PM10,11-Aug-26
Thoothukudi,65,PM10,11-Aug-26
Thrissur,49,PM10,11-Aug-26
Tirumala,49,NO2,11-Aug-26
Tonk,77,PM10,11-Aug-26
Tumidih,36,PM10,11-Aug-26
Udaipur,86,PM10,11-Aug-26
Ujjain,47,PM2.5,11-Aug-26
Ulhasnagar,28,PM10,11-Aug-26
Vadodara,74,CO,11-Aug-26
Vapi,38,PM10,11-Aug-26
Varanasi,67,PM10,11-Aug-26
Vatva,112,PM2.5,11-Aug-26
Vijayapura,43,PM10,11-Aug-26
Vijayawada,64,"PM10, PM2.5",11-Aug-26
Virar,33,PM10,11-Aug-26
Visakhapatnam,98,PM10,11-Aug-26
Vrindavan,41,PM2.5,11-Aug-26
Yadgir,42,PM10,11-Aug-26
Yamuna Nagar,83,PM2.5,11-Aug-26
Agartala,65,PM10,10-Aug-26
Agra,83,"PM2.5, PM10, SO2",10-Aug-26
Ahmedabad,93,PM10,10-Aug-26
Ahmednagar,41,PM10,10-Aug-26
Aizawl,14,SO2,10-Aug-26
Ajmer,79,PM10,10-Aug-26
Akola,47,PM10,10-Aug-26
Alwar,97,"PM10, PM2.5",10-Aug-26
Amaravati,79,PM10,10-Aug-26
Ambala,90,PM10,10-Aug-26
Ambernath,86,PM10,10-Aug-26
Amravati,62,PM10,10-Aug-26
Amritsar,64,PM2.5,10-Aug-26
Anantapur,63,PM10,10-Aug-26
Angul,77,O3,10-Aug-26
Ankleshwar,66,PM10,10-Aug-26
Araria,58,PM2.5,10-Aug-26
Arrah,53,CO,10-Aug-26
Asansol,55,"SO2, CO, PM10",10-Aug-26
Aurangabad (Maharashtra),50,PM10,10-Aug-26
Baddi,102,CO,10-Aug-26
Badlapur,42,CO,10-Aug-26
Bagalkot,51,PM10,10-Aug-26
Baghpat,79,PM10,10-Aug-26
Bahadurgarh,82,PM10,10-Aug-26
Balasore,36,CO,10-Aug-26
Ballabgarh,130,PM10,10-Aug-26
Banswara,62,PM10,10-Aug-26
Baran,39,PM10,10-Aug-26
Barbil,65,PM10,10-Aug-26
Bareilly,47,"SO2, PM10",10-Aug-26
Baripada,43,O3,10-Aug-26
Barmer,65,PM10,10-Aug-26
Barrackpore,41,CO,10-Aug-26
Bathinda,29,NO2,10-Aug-26
Beed,41,PM10,10-Aug-26
Begusarai,76,PM10,10-Aug-26
Belapur,23,CO,10-Aug-26
Belgaum,41,NO2,10-Aug-26
Bengaluru,54,"PM10, PM2.5",10-Aug-26
Bettiah,27,NO2,10-Aug-26
Bhagalpur,74,"PM10, PM2.5",10-Aug-26
Bharatpur,39,PM10,10-Aug-26
Bhavnagar,63,PM10,10-Aug-26
Bhilai,27,"PM10, CO",10-Aug-26
Bhilwara,97,PM10,10-Aug-26
Bhiwadi,96,PM10,10-Aug-26
Bhiwandi,50,PM10,10-Aug-26
Bhiwani,73,PM2.5,10-Aug-26
Bhopal,58,"NO2, PM10",10-Aug-26
Bhubaneswar,52,CO,10-Aug-26
Bikaner,61,PM10,10-Aug-26
Bilaspur,38,PM2.5,10-Aug-26
Boisar,51,PM10,10-Aug-26
Brajrajnagar,47,CO,10-Aug-26
Bulandshahr,60,PM10,10-Aug-26
Bundi,64,PM10,10-Aug-26
Byasanagar,46,PM2.5,10-Aug-26
Byrnihat (Assam),82,PM2.5,10-Aug-26
Byrnihat (Meghalaya),87,PM2.5,10-Aug-26
Chamarajanagar,37,PM10,10-Aug-26
Chandigarh,33,"NO2, O3",10-Aug-26
Chandrapur,73,PM10,10-Aug-26
Charkhi Dadri,171,PM2.5,10-Aug-26
Chennai,66,PM10,10-Aug-26
Chhal,57,O3,10-Aug-26
Chhapra,114,PM10,10-Aug-26
Chikkaballapur,30,PM10,10-Aug-26
Chikkamagaluru,35,PM10,10-Aug-26
Chittoor,61,PM10,10-Aug-26
Chittorgarh,71,PM10,10-Aug-26
Churu,94,O3,10-Aug-26
Coimbatore,27,SO2,10-Aug-26
Cuttack,52,PM10,10-Aug-26
Damoh,49,SO2,10-Aug-26
Dausa,70,PM10,10-Aug-26
Dehradun,17,PM10,10-Aug-26
Delhi,89,"PM2.5, PM10",10-Aug-26
Dewas,58,O3,10-Aug-26
Dharuhera,95,PM2.5,10-Aug-26
Dharwad,65,PM10,10-Aug-26
Dhule,41,PM10,10-Aug-26
Dombivli,35,O3,10-Aug-26
Dungarpur,81,PM10,10-Aug-26
Durgapur,64,"NO2, PM10, CO",10-Aug-26
Eluru,56,PM10,10-Aug-26
Faridabad,119,"PM2.5, PM10",10-Aug-26
Fatehabad,50,CO,10-Aug-26
Fatehpur Sikri,30,O3,10-Aug-26
Firozabad,33,PM10,10-Aug-26
Gajraula,50,PM10,10-Aug-26
Gandhinagar,90,PM10,10-Aug-26
Gaya,61,"CO, PM10",10-Aug-26
Ghaziabad,95,"PM10, CO",10-Aug-26
Greater Noida,201,O3,10-Aug-26
Gummidipoondi,97,PM2.5,10-Aug-26
Guntur,66,NH3,10-Aug-26
Gurugram,100,"PM2.5, PM10",10-Aug-26
Guwahati,40,PM2.5,10-Aug-26
Gwalior,82,"PM10, CO",10-Aug-26
Hajipur,53,PM10,10-Aug-26
Haldia,36,PM10,10-Aug-26
Hanumangarh,58,PM10,10-Aug-26
Hapur,57,PM10,10-Aug-26
Hingoli,105,O3,10-Aug-26
Hisar,61,PM10,10-Aug-26
Howrah,48,"CO, NO2, O3",10-Aug-26
Hubballi,66,PM10,10-Aug-26
Hyderabad,47,PM10,10-Aug-26
Indore,51,"PM10, PM2.5",10-Aug-26
Jabalpur,45,"CO, PM10",10-Aug-26
Jaipur,69,"O3, PM2.5",10-Aug-26
Jaisalmer,100,PM10,10-Aug-26
Jalandhar,100,PM2.5,10-Aug-26
Jalgaon,48,PM10,10-Aug-26
Jalna,71,PM10,10-Aug-26
Jalore,76,PM10,10-Aug-26
Jhalawar,47,PM10,10-Aug-26
Jhansi,59,PM10,10-Aug-26
Jind,59,PM2.5,10-Aug-26
Jodhpur,50,PM10,10-Aug-26
Jorapokhar,77,PM2.5,10-Aug-26
Kadapa,62,PM2.5,10-Aug-26
Kaithal,53,PM10,10-Aug-26
Kalaburagi,36,PM10,10-Aug-26
Kalyan,98,"PM10, PM2.5",10-Aug-26
Kannur,58,PM2.5,10-Aug-26
Kanpur,78,"PM10, PM2.5",10-Aug-26
Karauli,38,NO2,10-Aug-26
Karnal,50,CO,10-Aug-26
Karwar,38,PM10,10-Aug-26
Katni,36,PM10,10-Aug-26
Khanna,64,PM10,10-Aug-26
Khora,113,PM2.5,10-Aug-26
Kohima,41,SO2,10-Aug-26
Kolhapur,37,PM10,10-Aug-26
Kolkata,52,"O3, PM10, CO",10-Aug-26
Korba,23,"PM10, CO",10-Aug-26
Kota,73,PM10,10-Aug-26
Kunjemura,41,PM10,10-Aug-26
Kurukshetra,52,PM10,10-Aug-26
Latur,48,PM10,10-Aug-26
Lucknow,74,"PM10, PM2.5",10-Aug-26
Ludhiana,75,PM10,10-Aug-26
Machilipatnam,59,PM10,10-Aug-26
Mahad,55,PM10,10-Aug-26
Maihar,32,CO,10-Aug-26
Malegaon,52,PM10,10-Aug-26
Mandideep,72,PM10,10-Aug-26
Mandi Gobindgarh,111,PM10,10-Aug-26
Mandikhera,98,PM10,10-Aug-26
Manesar,113,PM2.5,10-Aug-26
Mangalore,37,O3,10-Aug-26
Manguraha,72,PM10,10-Aug-26
Mathura,72,PM10,10-Aug-26
Meerut,90,PM10,10-Aug-26
Mehsana,72,PM10,10-Aug-26
Milupara,33,NO2,10-Aug-26
Mira-Bhayandar,32,PM10,10-Aug-26
Modinagar,25,PM2.5,10-Aug-26
Moradabad,47,"O3, PM2.5, SO2",10-Aug-26
Mumbai,41,"PM10, CO",10-Aug-26
Muzaffarnagar,47,PM10,10-Aug-26
Muzaffarpur,40,PM10,10-Aug-26
Mysuru,53,PM10,10-Aug-26
Nagaur,55,PM10,10-Aug-26
Nagpur,53,PM10,10-Aug-26
Naharlagun,37,PM10,10-Aug-26
Nanded,49,PM10,10-Aug-26
Nandesari,61,CO,10-Aug-26
Narnaul,82,PM10,10-Aug-26
Nashik,43,PM10,10-Aug-26
Navi Mumbai,38,PM10,10-Aug-26
Nellore,65,PM10,10-Aug-26
Noida,93,PM10,10-Aug-26
Pali,128,PM2.5,10-Aug-26
Palwal,113,PM10,10-Aug-26
Panchgaon,89,CO,10-Aug-26
Panchkula,35,O3,10-Aug-26
Parbhani,52,PM10,10-Aug-26
Patiala,35,O3,10-Aug-26
Patna,71,"PM2.5, PM10",10-Aug-26
Pimpri-Chinchwad,51,PM10,10-Aug-26
Pithampur,106,PM10,10-Aug-26
Pratapgarh,56,PM10,10-Aug-26
Prayagraj,39,"PM10, SO2",10-Aug-26
Puducherry,44,O3,10-Aug-26
Pune,61,PM10,10-Aug-26
Purnia,58,CO,10-Aug-26
Raebareli,66,"PM2.5, PM10",10-Aug-26
Raipur,48,PM10,10-Aug-26
Rairangpur,26,PM10,10-Aug-26
Rajamahendravaram,64,PM10,10-Aug-26
Rajkot,78,PM10,10-Aug-26
Rajsamand,91,PM10,10-Aug-26
Ramanagara,41,PM10,10-Aug-26
Ratlam,39,PM2.5,10-Aug-26
Rishikesh,37,CO,10-Aug-26
Rohtak,80,PM2.5,10-Aug-26
Rourkela,44,PM10,10-Aug-26
Sagar,42,O3,10-Aug-26
Saharsa,78,PM10,10-Aug-26
Sangli,43,PM10,10-Aug-26
Satara,63,PM10,10-Aug-26
Satna,70,PM10,10-Aug-26
Sawai Madhopur,82,PM10,10-Aug-26
Shamli,65,CO,10-Aug-26
Shillong,33,O3,10-Aug-26
Shivamogga,52,PM10,10-Aug-26
Sikar,63,PM10,10-Aug-26
Silchar,54,PM10,10-Aug-26
Siliguri,121,NO2,10-Aug-26
Singrauli,46,NO2,10-Aug-26
Sirohi,78,PM10,10-Aug-26
Sirsa,86,CO,10-Aug-26
Solapur,45,PM10,10-Aug-26
Sonipat,124,PM10,10-Aug-26
Sri Ganganagar,83,NO2,10-Aug-26
Srinagar,46,PM10,10-Aug-26
Surat,53,PM10,10-Aug-26
Tensa,77,O3,10-Aug-26
Thane,48,PM10,10-Aug-26
Thiruvananthapuram,55,"PM10, CO",10-Aug-26
Thoothukudi,65,PM10,10-Aug-26
Thrissur,44,PM10,10-Aug-26
Tirumala,121,PM10,10-Aug-26
Tonk,100,CO,10-Aug-26
Tumakuru,65,PM10,10-Aug-26
Tumidih,54,PM10,10-Aug-26
Udaipur,103,PM10,10-Aug-26
Ujjain,83,PM2.5,10-Aug-26
Ulhasnagar,54,PM10,10-Aug-26
Vadodara,74,PM10,10-Aug-26
Vapi,35,PM10,10-Aug-26
Varanasi,61,PM10,10-Aug-26
Vatva,115,PM10,10-Aug-26
Vijayawada,51,PM10,10-Aug-26
Virar,43,PM10,10-Aug-26
Visakhapatnam,105,PM10,10-Aug-26
Vrindavan,48,PM2.5,10-Aug-26
Yadgir,54,PM10,10-Aug-26
Yamuna Nagar,72,PM2.5,10-Aug-26
Agartala,79,PM10,09-Aug-26
Agra,80,"PM2.5, PM10",09-Aug-26
Ahmedabad,93,PM10,09-Aug-26
Ahmednagar,47,PM10,09-Aug-26
Aizawl,14,SO2,09-Aug-26
Akola,45,PM10,09-Aug-26
Alwar,79,PM10,09-Aug-26
Amaravati,76,PM10,09-Aug-26
Ambala,108,PM10,09-Aug-26
Ambernath,90,PM10,09-Aug-26
Amravati,66,PM10,09-Aug-26
Amritsar,58,PM2.5,09-Aug-26
Anantapur,67,PM10,09-Aug-26
Angul,76,O3,09-Aug-26
Ankleshwar,70,PM10,09-Aug-26
Araria,40,O3,09-Aug-26
Arrah,55,CO,09-Aug-26
Asansol,53,"SO2, CO",09-Aug-26
Aurangabad (Maharashtra),53,PM10,09-Aug-26
Baddi,106,CO,09-Aug-26
Badlapur,23,NO2,09-Aug-26
Baghpat,79,PM10,09-Aug-26
Bahadurgarh,59,PM2.5,09-Aug-26
Balasore,45,CO,09-Aug-26
Ballabgarh,82,PM10,09-Aug-26
Banswara,64,PM10,09-Aug-26
Baran,54,PM10,09-Aug-26
Barbil,38,PM2.5,09-Aug-26
Bareilly,46,"SO2, PM10",09-Aug-26
Barmer,81,PM10,09-Aug-26
Barrackpore,39,PM10,09-Aug-26
Bathinda,29,NO2,09-Aug-26
Beed,46,PM10,09-Aug-26
Begusarai,68,PM10,09-Aug-26
Belapur,18,NO2,09-Aug-26
Belgaum,41,NO2,09-Aug-26
Bengaluru,53,PM10,09-Aug-26
Bettiah,26,NO2,09-Aug-26
Bhagalpur,89,"PM10, PM2.5",09-Aug-26
Bharatpur,42,O3,09-Aug-26
Bhavnagar,64,PM10,09-Aug-26
Bhilai,20,"PM10, CO",09-Aug-26
Bhilwara,95,PM10,09-Aug-26
Bhiwadi,86,"PM2.5, PM10",09-Aug-26
Bhiwandi,44,PM10,09-Aug-26
Bhiwani,52,PM2.5,09-Aug-26
Bhopal,80,PM10,09-Aug-26
Bhubaneswar,36,O3,09-Aug-26
Bikaner,65,PM10,09-Aug-26
Bilaspur,22,PM2.5,09-Aug-26
Boisar,55,PM10,09-Aug-26
Brajrajnagar,47,CO,09-Aug-26
Bulandshahr,61,PM10,09-Aug-26
Bundi,61,PM10,09-Aug-26
Byasanagar,39,PM2.5,09-Aug-26
Byrnihat (Assam),90,PM2.5,09-Aug-26
Byrnihat (Meghalaya),89,PM2.5,09-Aug-26
Chamarajanagar,45,PM10,09-Aug-26
Chandigarh,35,"PM10, NO2",09-Aug-26
Chandrapur,57,PM10,09-Aug-26
Charkhi Dadri,167,PM2.5,09-Aug-26
Chennai,70,"PM10, O3",09-Aug-26
Chikkaballapur,23,PM10,09-Aug-26
Chikkamagaluru,36,PM10,09-Aug-26
Chittoor,59,PM10,09-Aug-26
Chittorgarh,72,PM10,09-Aug-26
Churu,55,O3,09-Aug-26
Coimbatore,26,SO2,09-Aug-26
Cuttack,46,PM10,09-Aug-26
Damoh,50,SO2,09-Aug-26
Dausa,61,PM10,09-Aug-26
Delhi,87,"O3, PM2.5",09-Aug-26
Dewas,84,PM10,09-Aug-26
Dharuhera,81,PM2.5,09-Aug-26
Dharwad,63,PM10,09-Aug-26
Dholpur,29,CO,09-Aug-26
Dhule,55,PM10,09-Aug-26
Dombivli,35,O3,09-Aug-26
Dungarpur,114,CO,09-Aug-26
Durgapur,59,"NO2, PM10",09-Aug-26
Eluru,61,O3,09-Aug-26
Faridabad,98,"PM2.5, PM10",09-Aug-26
Fatehabad,52,CO,09-Aug-26
Fatehpur Sikri,29,O3,09-Aug-26
Firozabad,35,PM10,09-Aug-26
Gadag,82,PM10,09-Aug-26
Gajraula,50,PM10,09-Aug-26
Gandhinagar,96,PM10,09-Aug-26
Gaya,39,"PM10, CO",09-Aug-26
Ghaziabad,82,"CO, PM10, PM2.5",09-Aug-26
Greater Noida,133,PM10,09-Aug-26
Gummidipoondi,120,PM2.5,09-Aug-26
Guntur,86,NH3,09-Aug-26
Gurugram,117,PM2.5,09-Aug-26
Guwahati,38,"PM2.5, SO2",09-Aug-26
Gwalior,80,"PM10, CO, PM2.5",09-Aug-26
Hajipur,43,O3,09-Aug-26
Haldia,28,PM10,09-Aug-26
Hanumangarh,53,PM10,09-Aug-26
Hingoli,336,O3,09-Aug-26
Hisar,34,PM10,09-Aug-26
Howrah,47,"CO, NO2, O3",09-Aug-26
Hubballi,55,PM10,09-Aug-26
Hyderabad,50,PM10,09-Aug-26
Indore,64,"PM10, PM2.5",09-Aug-26
Jabalpur,50,"CO, PM10",09-Aug-26
Jaipur,54,"CO, O3, PM2.5",09-Aug-26
Jaisalmer,114,PM10,09-Aug-26
Jalandhar,59,PM2.5,09-Aug-26
Jalgaon,50,PM10,09-Aug-26
Jalna,58,PM10,09-Aug-26
Jalore,89,PM10,09-Aug-26
Jhalawar,72,PM10,09-Aug-26
Jhansi,71,PM10,09-Aug-26
Jhunjhunu,101,O3,09-Aug-26
Jind,39,PM2.5,09-Aug-26
Jodhpur,80,PM10,09-Aug-26
Jorapokhar,77,PM10,09-Aug-26
Kadapa,70,PM2.5,09-Aug-26
Kaithal,50,PM10,09-Aug-26
Kalaburagi,31,CO,09-Aug-26
Kalyan,50,PM2.5,09-Aug-26
Kannur,53,PM2.5,09-Aug-26
Kanpur,65,"PM10, PM2.5",09-Aug-26
Karauli,36,NO2,09-Aug-26
Karnal,51,CO,09-Aug-26
Karwar,57,PM10,09-Aug-26
Khairthal,75,PM10,09-Aug-26
Khanna,65,PM10,09-Aug-26
Khora,106,PM2.5,09-Aug-26
Khurja,81,PM10,09-Aug-26
Kishanganj,42,PM2.5,09-Aug-26
Kohima,50,SO2,09-Aug-26
Kolhapur,36,PM10,09-Aug-26
Kolkata,57,"O3, PM10",09-Aug-26
Korba,31,CO,09-Aug-26
Kota,77,PM10,09-Aug-26
Kunjemura,22,CO,09-Aug-26
Kurukshetra,47,PM2.5,09-Aug-26
Latur,71,PM10,09-Aug-26
Lucknow,61,"PM10, PM2.5",09-Aug-26
Ludhiana,74,PM10,09-Aug-26
Machilipatnam,59,PM10,09-Aug-26
Madikeri,17,PM10,09-Aug-26
Mahad,56,PM10,09-Aug-26
Maihar,34,CO,09-Aug-26
Malegaon,55,PM10,09-Aug-26
Mandideep,83,PM10,09-Aug-26
Mandi Gobindgarh,119,PM10,09-Aug-26
Mandikhera,98,PM10,09-Aug-26
Manesar,54,PM2.5,09-Aug-26
Mangalore,37,O3,09-Aug-26
Manguraha,70,PM10,09-Aug-26
Mathura,63,PM2.5,09-Aug-26
Meerut,74,PM10,09-Aug-26
Mehsana,71,PM10,09-Aug-26
Milupara,37,O3,09-Aug-26
Mira-Bhayandar,34,PM10,09-Aug-26
Modinagar,24,PM2.5,09-Aug-26
Moradabad,49,"O3, PM2.5, SO2",09-Aug-26
Mumbai,45,PM10,09-Aug-26
Muzaffarnagar,63,PM10,09-Aug-26
Muzaffarpur,43,PM10,09-Aug-26
Mysuru,57,PM10,09-Aug-26
Nagaur,59,PM10,09-Aug-26
Nagpur,56,PM10,09-Aug-26
Naharlagun,32,PM10,09-Aug-26
Nanded,51,PM10,09-Aug-26
Nandesari,61,PM10,09-Aug-26
Narnaul,67,PM10,09-Aug-26
Nashik,37,"PM10, O3",09-Aug-26
Navi Mumbai,44,PM10,09-Aug-26
Nellore,56,PM10,09-Aug-26
Noida,83,"PM10, PM2.5",09-Aug-26
Pali,149,PM10,09-Aug-26
Palwal,103,PM10,09-Aug-26
Pampore,27,PM10,09-Aug-26
Panchgaon,79,CO,09-Aug-26
Panchkula,36,O3,09-Aug-26
Panipat,94,PM10,09-Aug-26
Parbhani,30,PM10,09-Aug-26
Patiala,38,PM10,09-Aug-26
Patna,65,"PM10, O3",09-Aug-26
Pimpri-Chinchwad,59,PM10,09-Aug-26
Pithampur,132,PM10,09-Aug-26
Pratapgarh,86,PM10,09-Aug-26
Prayagraj,44,"PM10, SO2",09-Aug-26
Puducherry,42,O3,09-Aug-26
Pune,61,PM10,09-Aug-26
Purnia,55,CO,09-Aug-26
Raebareli,74,CO,09-Aug-26
Raipur,21,PM10,09-Aug-26
Rairangpur,23,PM10,09-Aug-26
Rajamahendravaram,56,PM10,09-Aug-26
Rajkot,76,PM10,09-Aug-26
Rajsamand,93,PM10,09-Aug-26
Ramanagara,44,PM10,09-Aug-26
Ratlam,51,PM2.5,09-Aug-26
Rishikesh,37,CO,09-Aug-26
Rohtak,43,PM2.5,09-Aug-26
Rourkela,43,"PM10, CO",09-Aug-26
Sagar,40,O3,09-Aug-26
Saharsa,88,PM10,09-Aug-26
Samastipur,39,PM2.5,09-Aug-26
Sangli,52,PM10,09-Aug-26
Satara,63,PM10,09-Aug-26
Satna,70,PM10,09-Aug-26
Sawai Madhopur,60,PM10,09-Aug-26
Shamli,57,CO,09-Aug-26
Shillong,35,O3,09-Aug-26
Shivamogga,53,PM10,09-Aug-26
Sikar,46,PM10,09-Aug-26
Silchar,53,PM10,09-Aug-26
Siliguri,119,NO2,09-Aug-26
Singrauli,71,SO2,09-Aug-26
Sirohi,76,PM10,09-Aug-26
Sirsa,88,CO,09-Aug-26
Siwan,104,PM10,09-Aug-26
Solapur,45,PM10,09-Aug-26
Sonipat,90,PM10,09-Aug-26
Sri Ganganagar,86,NO2,09-Aug-26
Srinagar,30,PM10,09-Aug-26
Surat,57,PM10,09-Aug-26
Tensa,78,O3,09-Aug-26
Thane,48,PM10,09-Aug-26
Thiruvananthapuram,43,PM10,09-Aug-26
Thoothukudi,67,PM10,09-Aug-26
Thrissur,42,PM10,09-Aug-26
Tirumala,40,NO2,09-Aug-26
Tirupati,55,PM10,09-Aug-26
Tonk,88,PM10,09-Aug-26
Tumidih,40,NO2,09-Aug-26
Udaipur,101,PM10,09-Aug-26
Ujjain,88,PM2.5,09-Aug-26
Ulhasnagar,52,PM10,09-Aug-26
Vadodara,79,PM10,09-Aug-26
Vapi,48,PM10,09-Aug-26
Varanasi,56,PM10,09-Aug-26
Vatva,111,PM10,09-Aug-26
Vijayawada,69,"PM2.5, PM10",09-Aug-26
Visakhapatnam,87,PM10,09-Aug-26
Vrindavan,49,PM10,09-Aug-26
Yadgir,50,PM10,09-Aug-26
Yamuna Nagar,83,PM2.5,09-Aug-26
Agartala,81,PM10,08-Aug-26
Agra,49,"SO2, PM10",08-Aug-26
Ahmedabad,83,PM10,08-Aug-26
Ahmednagar,42,PM10,08-Aug-26
Aizawl,15,PM10,08-Aug-26
Akola,42,PM10,08-Aug-26
Alwar,80,PM10,08-Aug-26
Amaravati,85,PM10,08-Aug-26
Ambala,85,PM10,08-Aug-26
Ambernath,89,PM10,08-Aug-26
Amravati,65,PM10,08-Aug-26
Amritsar,58,PM10,08-Aug-26
Anantapur,68,PM10,08-Aug-26
Angul,62,O3,08-Aug-26
Ankleshwar,64,PM10,08-Aug-26
Arrah,51,CO,08-Aug-26
Asansol,55,"SO2, CO",08-Aug-26
Aurangabad (Maharashtra),51,PM10,08-Aug-26
Baddi,94,CO,08-Aug-26
Badlapur,37,CO,08-Aug-26
Baghpat,50,PM10,08-Aug-26
Bahadurgarh,48,PM10,08-Aug-26
Balasore,42,CO,08-Aug-26
Ballabgarh,36,PM10,08-Aug-26
Banswara,67,PM10,08-Aug-26
Baran,87,PM10,08-Aug-26
Barbil,43,PM2.5,08-Aug-26
Bareilly,56,"O3, SO2",08-Aug-26
Baripada,47,O3,08-Aug-26
Barmer,88,PM10,08-Aug-26
Barrackpore,41,CO,08-Aug-26
Bathinda,43,PM10,08-Aug-26
Beed,44,PM10,08-Aug-26
Begusarai,83,PM10,08-Aug-26
Belapur,22,CO,08-Aug-26
Belgaum,48,NO2,08-Aug-26
Bengaluru,49,PM10,08-Aug-26
Bettiah,28,NO2,08-Aug-26
Bhagalpur,54,"SO2, PM10",08-Aug-26
Bharatpur,32,O3,08-Aug-26
Bhavnagar,62,PM10,08-Aug-26
Bhilai,28,"PM10, CO",08-Aug-26
Bhilwara,122,PM10,08-Aug-26
Bhiwadi,74,"PM2.5, PM10",08-Aug-26
Bhiwandi,54,O3,08-Aug-26
Bhopal,87,PM10,08-Aug-26
Bhubaneswar,36,"CO, O3",08-Aug-26
Bikaner,93,PM10,08-Aug-26
Bilaspur,35,CO,08-Aug-26
Boisar,50,PM10,08-Aug-26
Bulandshahr,32,O3,08-Aug-26
Bundi,87,PM10,08-Aug-26
Byrnihat (Assam),106,PM2.5,08-Aug-26
Byrnihat (Meghalaya),158,PM2.5,08-Aug-26
Chamarajanagar,45,PM10,08-Aug-26
Chandigarh,42,"CO, PM10",08-Aug-26
Chandrapur,76,PM10,08-Aug-26
Charkhi Dadri,55,PM2.5,08-Aug-26
Chennai,79,PM10,08-Aug-26
Chhal,29,CO,08-Aug-26
Chikkaballapur,24,SO2,08-Aug-26
Chikkamagaluru,33,PM10,08-Aug-26
Chittoor,60,PM10,08-Aug-26
Chittorgarh,88,PM10,08-Aug-26
Churu,47,O3,08-Aug-26
Coimbatore,26,SO2,08-Aug-26
Cuttack,59,CO,08-Aug-26
Damoh,51,SO2,08-Aug-26
Dausa,65,PM10,08-Aug-26
Dehradun,42,PM10,08-Aug-26
Delhi,63,"PM2.5, NO2",08-Aug-26
Dewas,81,PM10,08-Aug-26
Dharuhera,53,PM2.5,08-Aug-26
Dharwad,63,PM10,08-Aug-26
Dholpur,33,CO,08-Aug-26
Dhule,60,PM10,08-Aug-26
Dombivli,35,O3,08-Aug-26
Dungarpur,76,PM10,08-Aug-26
Durgapur,58,"NO2, PM10",08-Aug-26
Eloor,64,PM10,08-Aug-26
Eluru,52,PM2.5,08-Aug-26
Faridabad,93,"PM2.5, PM10",08-Aug-26
Fatehabad,48,CO,08-Aug-26
Fatehpur Sikri,29,PM10,08-Aug-26
Firozabad,35,PM10,08-Aug-26
Gadag,105,PM10,08-Aug-26
Gajraula,42,PM10,08-Aug-26
Gandhinagar,92,PM10,08-Aug-26
Gaya,48,PM10,08-Aug-26
Ghaziabad,54,"CO, PM10",08-Aug-26
Gorakhpur,120,PM10,08-Aug-26
Greater Noida,142,O3,08-Aug-26
Gummidipoondi,126,PM2.5,08-Aug-26
Guntur,49,PM10,08-Aug-26
Gurugram,87,"PM2.5, PM10",08-Aug-26
Guwahati,32,"PM2.5, SO2",08-Aug-26
Gwalior,49,"CO, O3, NO2",08-Aug-26
Hajipur,40,O3,08-Aug-26
Haldia,26,O3,08-Aug-26
Hanumangarh,39,CO,08-Aug-26
Hapur,47,CO,08-Aug-26
Hingoli,319,O3,08-Aug-26
Hisar,32,PM10,08-Aug-26
Howrah,45,"CO, NO2",08-Aug-26
Hyderabad,46,PM10,08-Aug-26
Indore,58,PM10,08-Aug-26
Jabalpur,57,"CO, PM10",08-Aug-26
Jaipur,75,"CO, PM10",08-Aug-26
Jaisalmer,102,PM10,08-Aug-26
Jalandhar,41,PM2.5,08-Aug-26
Jalgaon,43,PM10,08-Aug-26
Jalna,39,PM10,08-Aug-26
Jalore,88,PM10,08-Aug-26
Jhalawar,76,PM10,08-Aug-26
Jhansi,55,PM10,08-Aug-26
Jhunjhunu,63,O3,08-Aug-26
Jind,51,PM2.5,08-Aug-26
Jodhpur,84,PM10,08-Aug-26
Jorapokhar,67,PM10,08-Aug-26
Kaithal,70,SO2,08-Aug-26
Kakinada,66,PM10,08-Aug-26
Kalaburagi,32,CO,08-Aug-26
Kalyan,80,"PM10, PM2.5",08-Aug-26
Kannur,54,PM2.5,08-Aug-26
Kanpur,64,"PM2.5, CO",08-Aug-26
Karauli,39,NO2,08-Aug-26
Karnal,48,CO,08-Aug-26
Karwar,59,PM10,08-Aug-26
Katni,74,PM10,08-Aug-26
Khairthal,73,PM10,08-Aug-26
Khanna,70,PM10,08-Aug-26
Khora,76,PM2.5,08-Aug-26
Khurja,53,CO,08-Aug-26
Kishanganj,50,PM2.5,08-Aug-26
Kohima,56,SO2,08-Aug-26
Kolhapur,31,PM10,08-Aug-26
Kolkata,51,"O3, PM10, CO",08-Aug-26
Korba,26,CO,08-Aug-26
Kota,95,PM10,08-Aug-26
Kunjemura,27,PM10,08-Aug-26
Kurnool,33,PM10,08-Aug-26
Kurukshetra,52,PM2.5,08-Aug-26
Latur,47,PM10,08-Aug-26
Lucknow,72,"PM10, PM2.5",08-Aug-26
Ludhiana,80,PM2.5,08-Aug-26
Machilipatnam,65,PM10,08-Aug-26
Madikeri,14,CO,08-Aug-26
Mahad,38,PM10,08-Aug-26
Maihar,29,CO,08-Aug-26
Malegaon,57,PM10,08-Aug-26
Mandideep,101,PM10,08-Aug-26
Mandi Gobindgarh,118,PM10,08-Aug-26
Manesar,41,NO2,08-Aug-26
Manguraha,73,PM10,08-Aug-26
Mathura,42,PM2.5,08-Aug-26
Meerut,57,"PM2.5, PM10",08-Aug-26
Mehsana,72,PM10,08-Aug-26
Milupara,36,NO2,08-Aug-26
Mira-Bhayandar,31,PM10,08-Aug-26
Modinagar,22,PM2.5,08-Aug-26
Moradabad,42,"SO2, PM2.5, CO",08-Aug-26
Mumbai,43,PM10,08-Aug-26
Munger,45,PM2.5,08-Aug-26
Muzaffarnagar,35,PM2.5,08-Aug-26
Muzaffarpur,39,"PM10, O3",08-Aug-26
Mysuru,48,PM10,08-Aug-26
Nagaon,62,PM2.5,08-Aug-26
Nagaur,95,PM10,08-Aug-26
Nagpur,54,PM10,08-Aug-26
Naharlagun,28,PM10,08-Aug-26
Nalbari,59,PM2.5,08-Aug-26
Nanded,39,PM10,08-Aug-26
Nandesari,69,PM10,08-Aug-26
Narnaul,59,PM10,08-Aug-26
Nashik,45,PM10,08-Aug-26
Navi Mumbai,39,"CO, PM10",08-Aug-26
Nellore,56,PM10,08-Aug-26
Noida,55,"PM10, CO, PM2.5",08-Aug-26
Pali,134,PM2.5,08-Aug-26
Palwal,110,CO,08-Aug-26
Pampore,45,PM10,08-Aug-26
Panchgaon,33,CO,08-Aug-26
Panchkula,35,O3,08-Aug-26
Panipat,119,PM10,08-Aug-26
Parbhani,27,NO2,08-Aug-26
Patiala,44,PM10,08-Aug-26
Patna,66,"PM2.5, O3",08-Aug-26
Pimpri-Chinchwad,55,PM10,08-Aug-26
Pithampur,128,PM10,08-Aug-26
Pratapgarh,82,PM10,08-Aug-26
Prayagraj,35,PM10,08-Aug-26
Puducherry,43,O3,08-Aug-26
Pune,52,PM10,08-Aug-26
Purnia,56,CO,08-Aug-26
Raebareli,66,"CO, PM10",08-Aug-26
Raipur,43,PM10,08-Aug-26
Rairangpur,31,PM10,08-Aug-26
Rajamahendravaram,65,PM10,08-Aug-26
Rajkot,72,PM10,08-Aug-26
Rajsamand,91,PM10,08-Aug-26
Ramanagara,48,PM10,08-Aug-26
Ratlam,43,PM2.5,08-Aug-26
Rishikesh,37,CO,08-Aug-26
Rohtak,52,CO,08-Aug-26
Rourkela,48,"PM10, CO",08-Aug-26
Sagar,36,O3,08-Aug-26
Saharsa,46,PM10,08-Aug-26
Samastipur,104,PM2.5,08-Aug-26
Sangli,42,PM10,08-Aug-26
Satara,58,PM10,08-Aug-26
Satna,70,PM10,08-Aug-26
Sawai Madhopur,78,PM10,08-Aug-26
Shamli,87,CO,08-Aug-26
Shillong,32,O3,08-Aug-26
Shivamogga,39,PM10,08-Aug-26
Sikar,43,PM10,08-Aug-26
Silchar,55,PM10,08-Aug-26
Siliguri,118,NO2,08-Aug-26
Singrauli,39,SO2,08-Aug-26
Sirohi,71,PM10,08-Aug-26
Sirsa,81,CO,08-Aug-26
Siwan,105,PM10,08-Aug-26
Solapur,42,"PM10, O3",08-Aug-26
Sonipat,103,PM10,08-Aug-26
Sri Ganganagar,83,NO2,08-Aug-26
Srinagar,40,PM10,08-Aug-26
Surat,56,PM10,08-Aug-26
Talcher,87,SO2,08-Aug-26
Tensa,77,O3,08-Aug-26
Thane,41,PM10,08-Aug-26
Thiruvananthapuram,40,PM10,08-Aug-26
Thoothukudi,67,PM10,08-Aug-26
Thrissur,42,PM10,08-Aug-26
Tirumala,43,NO2,08-Aug-26
Tirupati,55,PM10,08-Aug-26
Tonk,109,PM10,08-Aug-26
Udaipur,109,PM10,08-Aug-26
Ujjain,71,PM10,08-Aug-26
Ulhasnagar,42,PM10,08-Aug-26
Vadodara,75,PM10,08-Aug-26
Vapi,44,PM10,08-Aug-26
Varanasi,66,"PM2.5, PM10",08-Aug-26
Vatva,121,PM10,08-Aug-26
Virar,31,PM10,08-Aug-26
Visakhapatnam,103,PM10,08-Aug-26
Vrindavan,36,PM10,08-Aug-26
Yadgir,43,PM10,08-Aug-26
Yamuna Nagar,87,PM10,08-Aug-26
Agartala,61,PM10,07-Aug-26
Agra,54,"O3, PM10",07-Aug-26
Ahmedabad,92,"PM10, PM2.5",07-Aug-26
Ahmednagar,48,PM10,07-Aug-26
Aizawl,14,SO2,07-Aug-26
Akola,42,PM10,07-Aug-26
Alwar,94,PM10,07-Aug-26
Amaravati,53,PM10,07-Aug-26
Ambala,97,PM10,07-Aug-26
Ambernath,87,PM10,07-Aug-26
Amravati,48,PM10,07-Aug-26
Amritsar,77,PM10,07-Aug-26
Anantapur,71,PM10,07-Aug-26
Angul,64,CO,07-Aug-26
Ankleshwar,65,PM10,07-Aug-26
Araria,43,PM2.5,07-Aug-26
Arrah,48,CO,07-Aug-26
Asansol,61,"SO2, CO",07-Aug-26
Aurangabad (Maharashtra),49,"PM10, O3",07-Aug-26
Baddi,98,CO,07-Aug-26
Badlapur,26,CO,07-Aug-26
Bagalkot,51,PM10,07-Aug-26
Baghpat,32,PM10,07-Aug-26
Bahadurgarh,48,PM10,07-Aug-26
Balasore,54,O3,07-Aug-26
Ballabgarh,41,PM10,07-Aug-26
Banswara,64,PM10,07-Aug-26
Baran,45,CO,07-Aug-26
Barbil,34,PM10,07-Aug-26
Bareilly,34,"PM2.5, SO2",07-Aug-26
Baripada,44,O3,07-Aug-26
Barmer,91,PM10,07-Aug-26
Barrackpore,48,CO,07-Aug-26
Bathinda,88,PM10,07-Aug-26
Beed,42,PM10,07-Aug-26
Begusarai,104,PM10,07-Aug-26
Belapur,20,NO2,07-Aug-26
Bengaluru,51,PM10,07-Aug-26
Bettiah,26,NO2,07-Aug-26
Bhagalpur,99,"PM2.5, PM10",07-Aug-26
Bharatpur,27,O3,07-Aug-26
Bhavnagar,63,PM10,07-Aug-26
Bhilai,30,"PM10, CO",07-Aug-26
Bhilwara,123,PM10,07-Aug-26
Bhiwadi,73,"PM2.5, PM10",07-Aug-26
Bhiwandi,42,O3,07-Aug-26
Bhiwani,157,PM2.5,07-Aug-26
Bhopal,77,PM10,07-Aug-26
Bhubaneswar,43,CO,07-Aug-26
Bilaspur,41,CO,07-Aug-26
Bileipada,68,PM10,07-Aug-26
Boisar,52,PM10,07-Aug-26
Brajrajnagar,44,O3,07-Aug-26
Bulandshahr,38,CO,07-Aug-26
Bundi,72,PM10,07-Aug-26
Byrnihat (Assam),86,PM2.5,07-Aug-26
Byrnihat (Meghalaya),181,PM2.5,07-Aug-26
Chamarajanagar,43,PM10,07-Aug-26
Chandigarh,21,O3,07-Aug-26
Chandrapur,53,PM10,07-Aug-26
Charkhi Dadri,149,PM2.5,07-Aug-26
Chennai,128,PM10,07-Aug-26
Chhapra,85,PM10,07-Aug-26
Chikkamagaluru,27,PM10,07-Aug-26
Chittoor,72,PM10,07-Aug-26
Chittorgarh,83,PM10,07-Aug-26
Churu,75,PM10,07-Aug-26
Cuttack,53,CO,07-Aug-26
Damoh,50,SO2,07-Aug-26
Dausa,42,PM2.5,07-Aug-26
Delhi,63,"PM2.5, CO, PM10",07-Aug-26
Dewas,84,PM10,07-Aug-26
Dharuhera,72,PM2.5,07-Aug-26
Dharwad,59,PM10,07-Aug-26
Dholpur,31,CO,07-Aug-26
Dhule,67,PM10,07-Aug-26
Dombivli,36,O3,07-Aug-26
Dungarpur,78,PM10,07-Aug-26
Durgapur,92,"PM10, NO2",07-Aug-26
Eloor,81,CO,07-Aug-26
Eluru,154,O3,07-Aug-26
Faridabad,86,PM10,07-Aug-26
Fatehabad,58,PM10,07-Aug-26
Fatehpur Sikri,29,PM10,07-Aug-26
Firozabad,34,PM10,07-Aug-26
Gadag,39,CO,07-Aug-26
Gajraula,28,PM10,07-Aug-26
Gandhinagar,97,PM10,07-Aug-26
Gaya,30,O3,07-Aug-26
Ghaziabad,60,"CO, PM10",07-Aug-26
Gorakhpur,74,PM10,07-Aug-26
Greater Noida,87,PM10,07-Aug-26
Gummidipoondi,150,PM2.5,07-Aug-26
Guntur,63,PM10,07-Aug-26
Gurugram,77,"PM10, PM2.5, CO",07-Aug-26
Guwahati,39,"PM2.5, SO2",07-Aug-26
Gwalior,54,"CO, NO2",07-Aug-26
Hajipur,50,PM2.5,07-Aug-26
Haldia,29,PM10,07-Aug-26
Hanumangarh,63,PM10,07-Aug-26
Hapur,52,CO,07-Aug-26
Hingoli,187,O3,07-Aug-26
Hisar,53,PM10,07-Aug-26
Howrah,52,"CO, NO2",07-Aug-26
Hyderabad,45,PM10,07-Aug-26
Indore,58,PM10,07-Aug-26
Jabalpur,63,"CO, PM10",07-Aug-26
Jaipur,90,"PM10, PM2.5",07-Aug-26
Jaisalmer,117,PM10,07-Aug-26
Jalandhar,62,PM2.5,07-Aug-26
Jalgaon,51,PM10,07-Aug-26
Jalna,52,PM10,07-Aug-26
Jalore,104,PM10,07-Aug-26
Jhalawar,70,PM10,07-Aug-26
Jhansi,44,PM10,07-Aug-26
Jhunjhunu,83,O3,07-Aug-26
Jind,47,PM2.5,07-Aug-26
Jodhpur,91,PM10,07-Aug-26
Jorapokhar,59,PM2.5,07-Aug-26
Kadapa,57,PM10,07-Aug-26
Kaithal,101,SO2,07-Aug-26
Kakinada,45,NO2,07-Aug-26
Kalaburagi,34,PM10,07-Aug-26
Kalyan,73,PM10,07-Aug-26
Kannur,67,PM2.5,07-Aug-26
Kanpur,55,"PM10, CO, PM2.5",07-Aug-26
Karauli,35,NO2,07-Aug-26
Karnal,46,CO,07-Aug-26
Karwar,52,PM10,07-Aug-26
Katni,57,PM10,07-Aug-26
Keonjhar,38,CO,07-Aug-26
Khairthal,131,PM2.5,07-Aug-26
Khanna,70,PM10,07-Aug-26
Khora,80,PM2.5,07-Aug-26
Kohima,59,SO2,07-Aug-26
Kolhapur,29,"CO, PM10",07-Aug-26
Kolkata,49,"PM10, O3",07-Aug-26
Korba,28,"CO, SO2",07-Aug-26
Kota,73,PM10,07-Aug-26
Kunjemura,26,CO,07-Aug-26
Kurnool,28,PM10,07-Aug-26
Kurukshetra,47,PM2.5,07-Aug-26
Latur,38,PM10,07-Aug-26
Lucknow,49,"PM10, O3",07-Aug-26
Machilipatnam,61,PM10,07-Aug-26
Madikeri,12,CO,07-Aug-26
Mahad,58,PM10,07-Aug-26
Maihar,28,CO,07-Aug-26
Malegaon,67,PM10,07-Aug-26
Mandideep,95,PM10,07-Aug-26
Mandi Gobindgarh,118,PM10,07-Aug-26
Manesar,42,NO2,07-Aug-26
Mathura,39,PM2.5,07-Aug-26
Meerut,50,"PM10, PM2.5, CO",07-Aug-26
Mehsana,78,PM10,07-Aug-26
Milupara,24,CO,07-Aug-26
Mira-Bhayandar,38,PM10,07-Aug-26
Modinagar,36,NO2,07-Aug-26
Moradabad,34,O3,07-Aug-26
Motihari,69,PM2.5,07-Aug-26
Mumbai,42,"PM10, CO",07-Aug-26
Munger,64,PM2.5,07-Aug-26
Muzaffarnagar,34,CO,07-Aug-26
Muzaffarpur,57,"O3, PM10",07-Aug-26
Mysuru,51,PM10,07-Aug-26
Nagaon,54,PM2.5,07-Aug-26
Nagaur,103,PM10,07-Aug-26
Nagpur,46,PM10,07-Aug-26
Naharlagun,37,PM10,07-Aug-26
Nanded,37,PM10,07-Aug-26
Nandesari,64,PM10,07-Aug-26
Nashik,45,PM10,07-Aug-26
Navi Mumbai,42,PM10,07-Aug-26
Nellore,57,PM2.5,07-Aug-26
Noida,51,"PM10, CO",07-Aug-26
Pali,169,PM10,07-Aug-26
Palwal,95,CO,07-Aug-26
Pampore,69,PM10,07-Aug-26
Panchgaon,47,CO,07-Aug-26
Panchkula,35,O3,07-Aug-26
Panipat,81,PM10,07-Aug-26
Parbhani,33,O3,07-Aug-26
Patiala,35,O3,07-Aug-26
Patna,78,"PM2.5, PM10",07-Aug-26
Pimpri-Chinchwad,49,PM10,07-Aug-26
Pithampur,119,PM10,07-Aug-26
Pratapgarh,94,PM10,07-Aug-26
Prayagraj,27,"PM10, SO2",07-Aug-26
Puducherry,35,O3,07-Aug-26
Pune,59,PM10,07-Aug-26
Purnia,57,CO,07-Aug-26
Raebareli,72,"CO, PM10",07-Aug-26
Raipur,50,PM10,07-Aug-26
Rairangpur,24,PM10,07-Aug-26
Rajamahendravaram,42,PM10,07-Aug-26
Rajkot,77,PM10,07-Aug-26
Rajsamand,103,PM10,07-Aug-26
Ramanagara,45,PM10,07-Aug-26
Ratlam,42,PM2.5,07-Aug-26
Rishikesh,37,CO,07-Aug-26
Rohtak,30,CO,07-Aug-26
Rourkela,40,"PM10, PM2.5",07-Aug-26
Sagar,40,O3,07-Aug-26
Saharsa,42,PM10,07-Aug-26
Samastipur,83,PM2.5,07-Aug-26
Sangli,36,PM10,07-Aug-26
Satara,66,PM10,07-Aug-26
Satna,71,PM10,07-Aug-26
Sawai Madhopur,68,PM10,07-Aug-26
Shamli,125,CO,07-Aug-26
Shillong,28,SO2,07-Aug-26
Shivamogga,29,PM10,07-Aug-26
Sikar,95,PM10,07-Aug-26
Silchar,39,PM10,07-Aug-26
Siliguri,125,NO2,07-Aug-26
Singrauli,38,CO,07-Aug-26
Sirohi,89,PM10,07-Aug-26
Sirsa,89,CO,07-Aug-26
Siwan,105,PM10,07-Aug-26
Solapur,47,"O3, PM10",07-Aug-26
Sonipat,132,PM10,07-Aug-26
Sri Ganganagar,89,PM10,07-Aug-26
Srinagar,55,PM10,07-Aug-26
Surat,61,PM10,07-Aug-26
Tensa,77,O3,07-Aug-26
Thane,49,PM10,07-Aug-26
Thiruvananthapuram,43,"PM10, CO",07-Aug-26
Thoothukudi,67,PM10,07-Aug-26
Thrissur,46,PM10,07-Aug-26
Tirumala,43,NO2,07-Aug-26
Tirupati,61,PM10,07-Aug-26
Tonk,125,PM10,07-Aug-26
Tumakuru,64,PM10,07-Aug-26
Tumidih,36,NO2,07-Aug-26
Udaipur,118,PM10,07-Aug-26
Ujjain,73,PM10,07-Aug-26
Ulhasnagar,49,PM10,07-Aug-26
Vadodara,87,PM10,07-Aug-26
Vapi,46,PM10,07-Aug-26
Varanasi,54,PM10,07-Aug-26
Vatva,113,PM10,07-Aug-26
Vijayawada,70,"PM2.5, PM10",07-Aug-26
Virar,37,PM10,07-Aug-26
Visakhapatnam,68,PM10,07-Aug-26
Vrindavan,32,PM10,07-Aug-26
Yadgir,38,PM10,07-Aug-26
Agartala,69,PM10,06-Aug-26
Agra,55,"PM2.5, SO2, PM10",06-Aug-26
Ahmedabad,85,"PM2.5, PM10",06-Aug-26
Ahmednagar,47,PM10,06-Aug-26
Ajmer,84,PM10,06-Aug-26
Akola,36,PM10,06-Aug-26
Alwar,89,PM10,06-Aug-26
Amaravati,67,PM10,06-Aug-26
Ambala,62,PM10,06-Aug-26
Ambernath,71,PM10,06-Aug-26
Amravati,37,"PM10, PM2.5",06-Aug-26
Amritsar,75,PM10,06-Aug-26
Angul,76,O3,06-Aug-26
Ankleshwar,74,PM10,06-Aug-26
Asansol,56,"SO2, CO",06-Aug-26
Aurangabad (Maharashtra),53,PM10,06-Aug-26
Baddi,104,SO2,06-Aug-26
Badlapur,44,CO,06-Aug-26
Bagalkot,51,PM10,06-Aug-26
Bahadurgarh,49,PM10,06-Aug-26
Balasore,56,O3,06-Aug-26
Ballabgarh,75,PM2.5,06-Aug-26
Banswara,58,PM10,06-Aug-26
Baran,55,PM10,06-Aug-26
Bareilly,40,"PM10, SO2",06-Aug-26
Baripada,48,O3,06-Aug-26
Barmer,90,PM10,06-Aug-26
Barrackpore,47,CO,06-Aug-26
Beed,42,PM10,06-Aug-26
Begusarai,32,PM10,06-Aug-26
Belapur,32,CO,06-Aug-26
Bengaluru,61,PM10,06-Aug-26
Bhagalpur,121,"PM2.5, PM10",06-Aug-26
Bharatpur,35,O3,06-Aug-26
Bhavnagar,67,PM10,06-Aug-26
Bhilai,29,"PM10, CO",06-Aug-26
Bhilwara,87,PM10,06-Aug-26
Bhiwadi,74,PM10,06-Aug-26
Bhiwandi,55,PM10,06-Aug-26
Bhiwani,159,PM2.5,06-Aug-26
Bhopal,58,PM10,06-Aug-26
Bhubaneswar,54,O3,06-Aug-26
Bikaner,99,PM10,06-Aug-26
Bilaspur,30,CO,06-Aug-26
Bileipada,53,PM10,06-Aug-26
Boisar,54,PM10,06-Aug-26
Brajrajnagar,49,CO,06-Aug-26
Bulandshahr,41,PM10,06-Aug-26
Bundi,77,PM10,06-Aug-26
Byrnihat (Assam),95,PM2.5,06-Aug-26
Byrnihat (Meghalaya),94,PM2.5,06-Aug-26
Chamarajanagar,44,PM10,06-Aug-26
Chandigarh,38,"CO, PM10, NO2",06-Aug-26
Chandrapur,45,"PM10, CO",06-Aug-26
Charkhi Dadri,97,PM2.5,06-Aug-26
Chennai,80,"PM10, O3",06-Aug-26
Chhal,43,O3,06-Aug-26
Chhapra,100,CO,06-Aug-26
Chikkaballapur,30,PM10,06-Aug-26
Chikkamagaluru,29,PM10,06-Aug-26
Chittoor,65,PM10,06-Aug-26
Chittorgarh,67,PM10,06-Aug-26
Churu,91,PM10,06-Aug-26
Coimbatore,26,SO2,06-Aug-26
Cuddalore,23,SO2,06-Aug-26
Cuttack,47,O3,06-Aug-26
Damoh,50,SO2,06-Aug-26
Dausa,70,PM10,06-Aug-26
Delhi,74,PM10,06-Aug-26
Dewas,96,PM10,06-Aug-26
Dharuhera,82,PM2.5,06-Aug-26
Dharwad,66,PM10,06-Aug-26
Dholpur,32,CO,06-Aug-26
Dhule,58,PM10,06-Aug-26
Dombivli,34,O3,06-Aug-26
Dungarpur,76,PM10,06-Aug-26
Durgapur,46,"NO2, PM10, O3",06-Aug-26
Eloor,67,CO,06-Aug-26
Eluru,49,PM10,06-Aug-26
Faridabad,113,"PM2.5, PM10",06-Aug-26
Fatehabad,63,PM10,06-Aug-26
Fatehpur Sikri,29,PM10,06-Aug-26
Firozabad,53,"PM2.5, PM10",06-Aug-26
Gadag,39,CO,06-Aug-26
Gandhinagar,89,PM10,06-Aug-26
Gaya,89,"PM2.5, PM10",06-Aug-26
Ghaziabad,82,"CO, PM10",06-Aug-26
Gorakhpur,55,PM10,06-Aug-26
Greater Noida,97,PM10,06-Aug-26
Gummidipoondi,119,PM2.5,06-Aug-26
Guntur,61,PM10,06-Aug-26
Gurugram,90,"PM2.5, PM10",06-Aug-26
Gwalior,51,"CO, O3",06-Aug-26
Hajipur,35,O3,06-Aug-26
Hanumangarh,65,PM10,06-Aug-26
Hapur,46,CO,06-Aug-26
Hingoli,93,O3,06-Aug-26
Howrah,66,"PM10, CO, PM2.5",06-Aug-26
Hyderabad,45,"PM10, PM2.5",06-Aug-26
Indore,54,"PM10, PM2.5",06-Aug-26
Jabalpur,51,"NO2, PM10",06-Aug-26
Jaipur,92,PM10,06-Aug-26
Jaisalmer,120,PM10,06-Aug-26
Jalandhar,71,PM2.5,06-Aug-26
Jalgaon,36,PM10,06-Aug-26
Jalna,52,PM10,06-Aug-26
Jalore,85,PM10,06-Aug-26
Jhalawar,61,PM10,06-Aug-26
Jhansi,76,PM10,06-Aug-26
Jhunjhunu,77,PM10,06-Aug-26
Jind,56,PM2.5,06-Aug-26
Jodhpur,77,PM10,06-Aug-26
Jorapokhar,64,PM10,06-Aug-26
Kaithal,103,SO2,06-Aug-26
Kakinada,52,PM10,06-Aug-26
Kalaburagi,41,CO,06-Aug-26
Kalyan,68,"PM10, PM2.5",06-Aug-26
Kannur,70,PM2.5,06-Aug-26
Kanpur,51,"PM10, NO2",06-Aug-26
Karnal,52,CO,06-Aug-26
Karwar,47,PM10,06-Aug-26
Katni,79,PM10,06-Aug-26
Keonjhar,39,CO,06-Aug-26
Khairthal,72,PM10,06-Aug-26
Khanna,65,PM10,06-Aug-26
Khora,89,PM2.5,06-Aug-26
Khurja,54,PM10,06-Aug-26
Kishanganj,51,PM2.5,06-Aug-26
Kohima,54,SO2,06-Aug-26
Kolhapur,34,PM10,06-Aug-26
Kolkata,60,"PM10, O3, NO2",06-Aug-26
Korba,29,CO,06-Aug-26
Kota,81,PM10,06-Aug-26
Kunjemura,39,PM10,06-Aug-26
Kurnool,28,PM10,06-Aug-26
Kurukshetra,49,PM10,06-Aug-26
Latur,36,PM10,06-Aug-26
Lucknow,54,"PM10, CO",06-Aug-26
Ludhiana,70,PM10,06-Aug-26
Machilipatnam,69,PM2.5,06-Aug-26
Madikeri,14,PM10,06-Aug-26
Madurai,44,PM10,06-Aug-26
Mahad,35,PM10,06-Aug-26
Maihar,28,CO,06-Aug-26
Malegaon,59,PM10,06-Aug-26
Mandideep,76,PM10,06-Aug-26
Mandi Gobindgarh,118,PM10,06-Aug-26
Manesar,42,NO2,06-Aug-26
Mangalore,49,PM10,06-Aug-26
Manguraha,73,PM10,06-Aug-26
Mathura,32,PM2.5,06-Aug-26
Meerut,53,"PM10, PM2.5, CO",06-Aug-26
Mehsana,85,PM10,06-Aug-26
Mira-Bhayandar,36,PM10,06-Aug-26
Moradabad,26,O3,06-Aug-26
Mumbai,46,"PM2.5, PM10",06-Aug-26
Munger,48,O3,06-Aug-26
Muzaffarnagar,51,PM2.5,06-Aug-26
Muzaffarpur,33,"PM10, O3",06-Aug-26
Mysuru,54,PM10,06-Aug-26
Nagaon,54,PM2.5,06-Aug-26
Nagaur,83,PM10,06-Aug-26
Nagpur,43,PM10,06-Aug-26
Naharlagun,28,PM10,06-Aug-26
Nalbari,71,PM2.5,06-Aug-26
Nanded,35,O3,06-Aug-26
Nandesari,62,PM10,06-Aug-26
Narnaul,77,PM10,06-Aug-26
Nashik,34,"PM10, PM2.5",06-Aug-26
Navi Mumbai,44,"CO, PM10",06-Aug-26
Nellore,60,PM10,06-Aug-26
Noida,76,PM10,06-Aug-26
Pali,135,PM2.5,06-Aug-26
Pampore,82,PM10,06-Aug-26
Panchgaon,48,CO,06-Aug-26
Panchkula,44,PM2.5,06-Aug-26
Panipat,96,PM10,06-Aug-26
Parbhani,34,O3,06-Aug-26
Patiala,47,PM10,06-Aug-26
Patna,49,"O3, CO",06-Aug-26
Pimpri-Chinchwad,50,"PM10, CO",06-Aug-26
Pithampur,107,PM10,06-Aug-26
Pratapgarh,86,PM10,06-Aug-26
Prayagraj,79,"PM10, SO2",06-Aug-26
Puducherry,47,PM10,06-Aug-26
Pune,45,"CO, PM10",06-Aug-26
Purnia,56,CO,06-Aug-26
Raebareli,72,"CO, PM10",06-Aug-26
Raipur,41,PM10,06-Aug-26
Rairangpur,24,PM10,06-Aug-26
Rajamahendravaram,44,O3,06-Aug-26
Rajkot,83,PM10,06-Aug-26
Rajsamand,83,PM10,06-Aug-26
Ramanagara,42,PM10,06-Aug-26
Ratlam,35,NO2,06-Aug-26
Rishikesh,37,CO,06-Aug-26
Rohtak,38,PM10,06-Aug-26
Rourkela,50,"CO, PM10",06-Aug-26
Rupnagar,54,CO,06-Aug-26
Sagar,40,O3,06-Aug-26
Saharsa,40,PM10,06-Aug-26
Samastipur,76,PM2.5,06-Aug-26
Sangli,37,PM10,06-Aug-26
Satara,51,PM10,06-Aug-26
Satna,70,PM10,06-Aug-26
Sawai Madhopur,67,PM10,06-Aug-26
Shamli,85,CO,06-Aug-26
Shillong,28,SO2,06-Aug-26
Shivamogga,37,PM10,06-Aug-26
Sikar,44,PM2.5,06-Aug-26
Silchar,40,PM10,06-Aug-26
Siliguri,122,NO2,06-Aug-26
Sirohi,79,PM10,06-Aug-26
Sirsa,80,CO,06-Aug-26
Siwan,105,PM10,06-Aug-26
Solapur,45,"O3, PM10",06-Aug-26
Sonipat,134,PM10,06-Aug-26
Sri Ganganagar,78,PM10,06-Aug-26
Srinagar,58,PM10,06-Aug-26
Surat,73,PM10,06-Aug-26
Talcher,75,SO2,06-Aug-26
Thane,45,PM10,06-Aug-26
Thiruvananthapuram,47,PM10,06-Aug-26
Thoothukudi,67,PM10,06-Aug-26
Thrissur,47,PM10,06-Aug-26
Tirumala,42,NO2,06-Aug-26
Tirupati,70,PM10,06-Aug-26
Tonk,102,PM10,06-Aug-26
Tumakuru,65,PM10,06-Aug-26
Tumidih,32,NO2,06-Aug-26
Udaipur,99,PM10,06-Aug-26
Ujjain,51,PM10,06-Aug-26
Ulhasnagar,38,PM10,06-Aug-26
Vadodara,86,PM10,06-Aug-26
Vapi,33,PM10,06-Aug-26
Varanasi,40,"PM10, SO2",06-Aug-26
Vatva,117,PM10,06-Aug-26
Vijayapura,43,PM10,06-Aug-26
Vijayawada,61,PM10,06-Aug-26
Virar,35,PM10,06-Aug-26
Visakhapatnam,99,PM10,06-Aug-26
Vrindavan,34,PM10,06-Aug-26
Yamuna Nagar,76,PM10,06-Aug-26
Agartala,61,PM10,05-Aug-26
Agra,63,"PM2.5, PM10, SO2",05-Aug-26
Ahmedabad,94,PM10,05-Aug-26
Ahmednagar,54,PM10,05-Aug-26
Aizawl,14,SO2,05-Aug-26
Ajmer,88,PM10,05-Aug-26
Akola,51,PM10,05-Aug-26
Alwar,101,PM10,05-Aug-26
Amaravati,79,PM10,05-Aug-26
Ambala,74,PM10,05-Aug-26
Amravati,46,PM10,05-Aug-26
Amritsar,85,PM10,05-Aug-26
Angul,62,O3,05-Aug-26
Ankleshwar,74,PM10,05-Aug-26
Araria,47,PM2.5,05-Aug-26
Asansol,58,"SO2, CO",05-Aug-26
Aurangabad (Maharashtra),58,"CO, PM2.5, PM10",05-Aug-26
Baddi,115,PM10,05-Aug-26
Badlapur,49,CO,05-Aug-26
Bagalkot,51,PM10,05-Aug-26
Bahadurgarh,39,O3,05-Aug-26
Balasore,52,CO,05-Aug-26
Ballabgarh,63,PM2.5,05-Aug-26
Banswara,63,PM10,05-Aug-26
Baran,57,PM10,05-Aug-26
Barbil,59,PM2.5,05-Aug-26
Bareilly,38,SO2,05-Aug-26
Baripada,53,O3,05-Aug-26
Barmer,80,PM10,05-Aug-26
Barrackpore,56,PM10,05-Aug-26
Bathinda,84,CO,05-Aug-26
Beed,26,PM10,05-Aug-26
Begusarai,33,PM10,05-Aug-26
Belapur,30,PM10,05-Aug-26
Bengaluru,49,PM10,05-Aug-26
Bettiah,41,CO,05-Aug-26
Bhagalpur,120,"PM10, PM2.5",05-Aug-26
Bharatpur,33,O3,05-Aug-26
Bhavnagar,64,PM10,05-Aug-26
Bhilai,26,"PM10, CO",05-Aug-26
Bhilwara,109,PM10,05-Aug-26
Bhiwadi,74,PM10,05-Aug-26
Bhiwandi,53,PM10,05-Aug-26
Bhopal,73,PM10,05-Aug-26
Bhubaneswar,46,"PM2.5, O3",05-Aug-26
Bikaner,59,PM10,05-Aug-26
Bilaspur,37,PM10,05-Aug-26
Bileipada,52,PM2.5,05-Aug-26
Boisar,53,PM10,05-Aug-26
Brajrajnagar,48,CO,05-Aug-26
Bulandshahr,38,O3,05-Aug-26
Bundi,70,PM10,05-Aug-26
Byasanagar,64,PM10,05-Aug-26
Byrnihat (Assam),94,PM2.5,05-Aug-26
Byrnihat (Meghalaya),127,PM2.5,05-Aug-26
Chamarajanagar,45,PM10,05-Aug-26
Chandigarh,37,"CO, PM10",05-Aug-26
Chandrapur,47,"PM10, CO",05-Aug-26
Charkhi Dadri,152,PM2.5,05-Aug-26
Chennai,61,PM10,05-Aug-26
Chhal,61,PM10,05-Aug-26
Chikkaballapur,25,PM10,05-Aug-26
Chittoor,58,PM10,05-Aug-26
Chittorgarh,68,PM10,05-Aug-26
Churu,58,PM10,05-Aug-26
Coimbatore,27,SO2,05-Aug-26
Cuttack,58,CO,05-Aug-26
Damoh,51,SO2,05-Aug-26
Dausa,165,PM10,05-Aug-26
Delhi,69,"PM10, PM2.5",05-Aug-26
Dewas,92,PM10,05-Aug-26
Dharuhera,67,PM2.5,05-Aug-26
Dharwad,65,PM10,05-Aug-26
Dholpur,298,PM2.5,05-Aug-26
Dhule,54,PM10,05-Aug-26
Dombivli,34,O3,05-Aug-26
Dungarpur,86,PM10,05-Aug-26
Durgapur,63,"PM10, NO2",05-Aug-26
Eloor,64,PM10,05-Aug-26
Eluru,54,PM10,05-Aug-26
Faridabad,80,"PM10, CO",05-Aug-26
Fatehabad,55,PM10,05-Aug-26
Fatehpur Sikri,29,PM10,05-Aug-26
Firozabad,45,PM10,05-Aug-26
Gadag,43,CO,05-Aug-26
Gandhinagar,112,PM10,05-Aug-26
Gaya,123,"PM2.5, SO2, PM10",05-Aug-26
Ghaziabad,70,"CO, PM10",05-Aug-26
Gorakhpur,62,PM10,05-Aug-26
Greater Noida,115,O3,05-Aug-26
Gummidipoondi,131,PM2.5,05-Aug-26
Guntur,62,PM10,05-Aug-26
Gurugram,103,PM2.5,05-Aug-26
Guwahati,63,PM2.5,05-Aug-26
Gwalior,61,CO,05-Aug-26
Hajipur,48,PM2.5,05-Aug-26
Haldia,50,PM10,05-Aug-26
Hanumangarh,32,CO,05-Aug-26
Hapur,53,CO,05-Aug-26
Hingoli,38,PM10,05-Aug-26
Hisar,41,O3,05-Aug-26
Howrah,61,PM10,05-Aug-26
Hyderabad,47,PM10,05-Aug-26
Indore,53,"PM10, PM2.5",05-Aug-26
Jabalpur,53,PM10,05-Aug-26
Jaipur,102,"PM2.5, PM10",05-Aug-26
Jaisalmer,105,PM10,05-Aug-26
Jalandhar,50,CO,05-Aug-26
Jalgaon,50,PM10,05-Aug-26
Jalna,46,PM10,05-Aug-26
Jalore,95,PM10,05-Aug-26
Jhalawar,60,PM10,05-Aug-26
Jhansi,65,PM10,05-Aug-26
Jhunjhunu,82,O3,05-Aug-26
Jind,49,PM2.5,05-Aug-26
Jodhpur,84,PM10,05-Aug-26
Jorapokhar,74,PM10,05-Aug-26
Kaithal,103,SO2,05-Aug-26
Kakinada,62,PM10,05-Aug-26
Kalaburagi,33,CO,05-Aug-26
Kalyan,60,"PM10, PM2.5",05-Aug-26
Kannur,46,PM10,05-Aug-26
Kanpur,40,"CO, PM10, NO2",05-Aug-26
Karauli,64,PM10,05-Aug-26
Karnal,51,CO,05-Aug-26
Karwar,42,PM10,05-Aug-26
Katni,82,PM10,05-Aug-26
Keonjhar,41,PM10,05-Aug-26
Khairthal,88,PM10,05-Aug-26
Khanna,73,PM10,05-Aug-26
Khora,96,PM2.5,05-Aug-26
Khurja,41,PM10,05-Aug-26
Kishanganj,57,PM2.5,05-Aug-26
Kohima,53,SO2,05-Aug-26
Kolhapur,26,PM10,05-Aug-26
Kolkata,58,"O3, PM10",05-Aug-26
Korba,25,"CO, PM10",05-Aug-26
Kota,78,PM10,05-Aug-26
Kunjemura,57,PM10,05-Aug-26
Kurnool,29,PM10,05-Aug-26
Kurukshetra,43,PM2.5,05-Aug-26
Latur,45,PM10,05-Aug-26
Lucknow,56,"PM10, CO",05-Aug-26
Ludhiana,52,PM10,05-Aug-26
Machilipatnam,79,PM10,05-Aug-26
Madikeri,14,CO,05-Aug-26
Madurai,34,PM10,05-Aug-26
Mahad,48,PM10,05-Aug-26
Malegaon,63,PM10,05-Aug-26
Mandideep,88,PM10,05-Aug-26
Mandi Gobindgarh,117,PM10,05-Aug-26
Manesar,38,PM2.5,05-Aug-26
Mangalore,52,PM10,05-Aug-26
Manguraha,80,PM10,05-Aug-26
Mathura,34,PM10,05-Aug-26
Meerut,49,"PM2.5, CO",05-Aug-26
Mehsana,88,PM10,05-Aug-26
Mira-Bhayandar,29,PM10,05-Aug-26
Moradabad,47,"PM2.5, O3",05-Aug-26
Mumbai,42,"CO, PM10",05-Aug-26
Muzaffarnagar,49,PM10,05-Aug-26
Muzaffarpur,38,"PM10, O3",05-Aug-26
Mysuru,48,PM10,05-Aug-26
Nagaon,47,PM2.5,05-Aug-26
Nagaur,95,PM10,05-Aug-26
Nagpur,55,PM10,05-Aug-26
Naharlagun,12,PM10,05-Aug-26
Nalbari,79,PM2.5,05-Aug-26
Nanded,34,O3,05-Aug-26
Nandesari,59,PM10,05-Aug-26
Narnaul,90,PM10,05-Aug-26
Nashik,44,"PM10, PM2.5",05-Aug-26
Navi Mumbai,31,"PM10, PM2.5",05-Aug-26
Nellore,54,PM10,05-Aug-26
Noida,64,"PM10, CO",05-Aug-26
Pali,135,PM2.5,05-Aug-26
Palwal,60,PM10,05-Aug-26
Pampore,53,PM10,05-Aug-26
Panchgaon,31,CO,05-Aug-26
Panchkula,30,NO2,05-Aug-26
Parbhani,41,O3,05-Aug-26
Patiala,35,O3,05-Aug-26
Patna,63,"PM10, O3",05-Aug-26
Pimpri-Chinchwad,47,"CO, PM10",05-Aug-26
Pithampur,107,PM10,05-Aug-26
Pratapgarh,105,PM10,05-Aug-26
Prayagraj,44,"PM10, SO2",05-Aug-26
Puducherry,37,O3,05-Aug-26
Pune,52,"CO, PM10",05-Aug-26
Purnia,55,CO,05-Aug-26
Raebareli,75,CO,05-Aug-26
Raipur,35,PM10,05-Aug-26
Rairangpur,44,PM10,05-Aug-26
Rajamahendravaram,41,PM10,05-Aug-26
Rajkot,80,PM10,05-Aug-26
Rajsamand,80,PM10,05-Aug-26
Ramanagara,44,PM10,05-Aug-26
Ratlam,41,PM2.5,05-Aug-26
Rishikesh,37,CO,05-Aug-26
Rohtak,35,O3,05-Aug-26
Rourkela,49,PM10,05-Aug-26
Rupnagar,54,CO,05-Aug-26
Sagar,38,O3,05-Aug-26
Saharsa,52,PM10,05-Aug-26
Sangli,34,PM10,05-Aug-26
Satara,52,PM10,05-Aug-26
Satna,70,PM10,05-Aug-26
Sawai Madhopur,84,PM10,05-Aug-26
Shamli,71,CO,05-Aug-26
Shillong,32,O3,05-Aug-26
Sikar,120,PM10,05-Aug-26
Silchar,55,PM10,05-Aug-26
Siliguri,122,NO2,05-Aug-26
Sirohi,77,PM10,05-Aug-26
Sirsa,84,CO,05-Aug-26
Siwan,105,PM10,05-Aug-26
Solapur,51,"PM10, O3",05-Aug-26
Sonipat,132,PM10,05-Aug-26
Sri Ganganagar,61,NO2,05-Aug-26
Srinagar,46,PM10,05-Aug-26
Surat,78,PM10,05-Aug-26
Thane,39,"PM2.5, PM10",05-Aug-26
Thiruvananthapuram,37,PM10,05-Aug-26
Thoothukudi,65,PM10,05-Aug-26
Tirumala,47,NO2,05-Aug-26
Tirupati,69,PM10,05-Aug-26
Tonk,114,PM10,05-Aug-26
Tumidih,35,O3,05-Aug-26
Udaipur,97,PM10,05-Aug-26
Ujjain,57,PM10,05-Aug-26
Ulhasnagar,8,PM10,05-Aug-26
Vadodara,88,PM10,05-Aug-26
Vapi,36,PM10,05-Aug-26
Varanasi,38,"PM10, NO2, SO2",05-Aug-26
Vatva,117,PM10,05-Aug-26
Vijayapura,43,PM10,05-Aug-26
Vijayawada,62,PM10,05-Aug-26
Virar,38,PM10,05-Aug-26
Visakhapatnam,106,PM10,05-Aug-26
Vrindavan,49,SO2,05-Aug-26
Yamuna Nagar,115,PM10,05-Aug-26
Agartala,73,PM10,04-Aug-26
Agra,58,"PM2.5, SO2, NO2",04-Aug-26
Ahmedabad,91,"PM2.5, PM10",04-Aug-26
Ahmednagar,50,PM10,04-Aug-26
Aizawl,14,SO2,04-Aug-26
Ajmer,84,PM10,04-Aug-26
Akola,46,PM10,04-Aug-26
Alwar,85,PM10,04-Aug-26
Amaravati,59,PM10,04-Aug-26
Ambala,63,PM10,04-Aug-26
Amravati,34,PM10,04-Aug-26
Amritsar,54,PM10,04-Aug-26
Anantapur,55,PM10,04-Aug-26
Angul,65,O3,04-Aug-26
Ankleshwar,67,PM10,04-Aug-26
Araria,47,PM2.5,04-Aug-26
Asansol,58,"SO2, CO, PM2.5",04-Aug-26
Aurangabad (Maharashtra),49,"PM10, PM2.5",04-Aug-26
Baddi,75,CO,04-Aug-26
Badlapur,34,CO,04-Aug-26
Bagalkot,51,PM10,04-Aug-26
Bahadurgarh,48,PM10,04-Aug-26
Balasore,50,O3,04-Aug-26
Ballabgarh,45,PM2.5,04-Aug-26
Banswara,42,PM10,04-Aug-26
Baran,50,PM10,04-Aug-26
Barbil,70,PM2.5,04-Aug-26
Bareilly,42,"PM10, SO2",04-Aug-26
Baripada,60,O3,04-Aug-26
Barmer,84,PM10,04-Aug-26
Barrackpore,64,PM10,04-Aug-26
Beed,32,PM10,04-Aug-26
Begusarai,29,SO2,04-Aug-26
Belapur,53,PM10,04-Aug-26
Belgaum,64,NO2,04-Aug-26
Bengaluru,53,PM10,04-Aug-26
Bhagalpur,118,"PM10, PM2.5",04-Aug-26
Bharatpur,31,CO,04-Aug-26
Bhavnagar,64,PM10,04-Aug-26
Bhilai,28,"PM10, CO",04-Aug-26
Bhilwara,94,PM10,04-Aug-26
Bhiwadi,73,PM10,04-Aug-26
Bhiwandi,72,PM2.5,04-Aug-26
Bhiwani,26,CO,04-Aug-26
Bhopal,54,PM10,04-Aug-26
Bhubaneswar,41,"O3, CO",04-Aug-26
Bikaner,65,PM10,04-Aug-26
Bileipada,133,PM10,04-Aug-26
Boisar,47,PM10,04-Aug-26
Brajrajnagar,44,O3,04-Aug-26
Bulandshahr,38,PM10,04-Aug-26
Bundi,47,PM10,04-Aug-26
Byasanagar,51,O3,04-Aug-26
Byrnihat (Meghalaya),70,PM2.5,04-Aug-26
Chamarajanagar,42,PM10,04-Aug-26
Chandigarh,39,"CO, NO2",04-Aug-26
Chandrapur,45,"PM10, CO",04-Aug-26
Charkhi Dadri,75,PM2.5,04-Aug-26
Chennai,72,PM10,04-Aug-26
Chhapra,86,CO,04-Aug-26
Chikkaballapur,32,PM10,04-Aug-26
Chittoor,63,PM10,04-Aug-26
Chittorgarh,64,PM10,04-Aug-26
Churu,32,PM10,04-Aug-26
Coimbatore,25,SO2,04-Aug-26
Cuddalore,23,SO2,04-Aug-26
Cuttack,53,O3,04-Aug-26
Damoh,50,SO2,04-Aug-26
Dausa,131,PM10,04-Aug-26
Dehradun,64,PM2.5,04-Aug-26
Delhi,64,"NO2, PM10",04-Aug-26
Dewas,90,PM10,04-Aug-26
Dharuhera,71,CO,04-Aug-26
Dharwad,60,PM10,04-Aug-26
Dholpur,248,PM2.5,04-Aug-26
Dhule,51,PM10,04-Aug-26
Dombivli,39,O3,04-Aug-26
Dungarpur,77,PM10,04-Aug-26
Durgapur,85,"PM10, NO2",04-Aug-26
Eloor,125,CO,04-Aug-26
Eluru,53,PM10,04-Aug-26
Faridabad,88,"PM10, PM2.5, CO",04-Aug-26
Fatehabad,58,PM10,04-Aug-26
Fatehpur Sikri,29,PM10,04-Aug-26
Firozabad,40,"PM10, CO",04-Aug-26
Gandhinagar,101,PM10,04-Aug-26
Gaya,93,"PM2.5, CO, PM10",04-Aug-26
Ghaziabad,68,"CO, PM10",04-Aug-26
Gorakhpur,45,SO2,04-Aug-26
Greater Noida,100,"O3, PM10",04-Aug-26
Gummidipoondi,127,PM2.5,04-Aug-26
Guntur,50,PM10,04-Aug-26
Gurugram,76,"PM2.5, PM10",04-Aug-26
Guwahati,98,"O3, PM2.5, SO2",04-Aug-26
Gwalior,56,"CO, O3",04-Aug-26
Hajipur,41,O3,04-Aug-26
Haldia,47,PM10,04-Aug-26
Hanumangarh,34,O3,04-Aug-26
Hapur,39,CO,04-Aug-26
Hingoli,39,PM10,04-Aug-26
Hisar,48,O3,04-Aug-26
Howrah,67,"PM10, CO",04-Aug-26
Hyderabad,49,PM10,04-Aug-26
Indore,52,"PM10, PM2.5",04-Aug-26
Jabalpur,53,"NO2, PM10",04-Aug-26
Jaipur,70,PM10,04-Aug-26
Jaisalmer,100,PM10,04-Aug-26
Jalandhar,45,CO,04-Aug-26
Jalgaon,37,PM10,04-Aug-26
Jalore,88,PM10,04-Aug-26
Jhalawar,83,PM10,04-Aug-26
Jhansi,61,PM10,04-Aug-26
Jhunjhunu,100,O3,04-Aug-26
Jind,43,PM2.5,04-Aug-26
Jodhpur,93,PM10,04-Aug-26
Jorapokhar,87,PM10,04-Aug-26
Kadapa,56,PM10,04-Aug-26
Kaithal,98,SO2,04-Aug-26
Kakinada,57,PM10,04-Aug-26
Kalaburagi,32,CO,04-Aug-26
Kalyan,71,"CO, PM10",04-Aug-26
Kannur,45,PM10,04-Aug-26
Kanpur,43,"CO, PM10, NO2",04-Aug-26
Karauli,40,NO2,04-Aug-26
Karnal,51,CO,04-Aug-26
Karwar,42,PM10,04-Aug-26
Kashipur,38,PM2.5,04-Aug-26
Katni,63,PM10,04-Aug-26
Keonjhar,44,PM10,04-Aug-26
Khanna,75,PM10,04-Aug-26
Khora,103,CO,04-Aug-26
Khurja,55,CO,04-Aug-26
Kishanganj,49,PM2.5,04-Aug-26
Kohima,50,SO2,04-Aug-26
Kolhapur,31,PM10,04-Aug-26
Kolkata,68,"O3, PM10",04-Aug-26
Korba,41,"CO, SO2",04-Aug-26
Kota,58,PM10,04-Aug-26
Kunjemura,39,PM10,04-Aug-26
Kurnool,29,PM10,04-Aug-26
Kurukshetra,45,PM2.5,04-Aug-26
Latur,34,PM10,04-Aug-26
Lucknow,51,"PM10, CO",04-Aug-26
Ludhiana,72,PM10,04-Aug-26
Machilipatnam,82,PM2.5,04-Aug-26
Madikeri,15,PM10,04-Aug-26
Madurai,28,PM10,04-Aug-26
Mahad,52,PM10,04-Aug-26
Maihar,26,SO2,04-Aug-26
Malegaon,42,PM10,04-Aug-26
Mandideep,64,PM10,04-Aug-26
Mandi Gobindgarh,123,PM10,04-Aug-26
Mandikhera,99,PM10,04-Aug-26
Manesar,34,O3,04-Aug-26
Mangalore,48,PM10,04-Aug-26
Mathura,28,PM2.5,04-Aug-26
Meerut,46,"PM2.5, PM10, CO",04-Aug-26
Mehsana,87,PM10,04-Aug-26
Milupara,31,PM10,04-Aug-26
Mira-Bhayandar,38,PM10,04-Aug-26
Moradabad,49,"PM2.5, PM10",04-Aug-26
Mumbai,49,PM10,04-Aug-26
Muzaffarnagar,45,PM10,04-Aug-26
Muzaffarpur,31,"PM10, O3",04-Aug-26
Mysuru,50,PM10,04-Aug-26
Nagaon,56,PM2.5,04-Aug-26
Nagaur,84,PM10,04-Aug-26
Nagpur,35,"PM10, CO",04-Aug-26
Naharlagun,23,PM10,04-Aug-26
Nalbari,67,PM2.5,04-Aug-26
Nanded,29,PM10,04-Aug-26
Nandesari,51,PM10,04-Aug-26
Narnaul,64,PM10,04-Aug-26
Nashik,35,"PM10, CO",04-Aug-26
Navi Mumbai,44,"CO, PM10",04-Aug-26
Nellore,65,PM10,04-Aug-26
Noida,61,"PM10, O3",04-Aug-26
Pali,110,PM2.5,04-Aug-26
Palwal,77,CO,04-Aug-26
Pampore,51,PM10,04-Aug-26
Panchgaon,33,CO,04-Aug-26
Panchkula,69,PM2.5,04-Aug-26
Panipat,146,PM10,04-Aug-26
Parbhani,26,PM10,04-Aug-26
Patiala,35,O3,04-Aug-26
Patna,55,"O3, PM10",04-Aug-26
Pimpri-Chinchwad,53,"PM10, CO",04-Aug-26
Pithampur,103,PM10,04-Aug-26
Pratapgarh,93,PM10,04-Aug-26
Prayagraj,73,PM10,04-Aug-26
Puducherry,37,PM10,04-Aug-26
Pune,48,PM10,04-Aug-26
Purnia,56,CO,04-Aug-26
Raipur,40,PM10,04-Aug-26
Rairangpur,40,PM10,04-Aug-26
Rajamahendravaram,36,O3,04-Aug-26
Rajkot,84,PM10,04-Aug-26
Rajsamand,62,PM10,04-Aug-26
Ramanagara,38,PM10,04-Aug-26
Ratlam,45,PM2.5,04-Aug-26
Rishikesh,37,CO,04-Aug-26
Rohtak,37,O3,04-Aug-26
Rourkela,48,PM10,04-Aug-26
Sagar,38,O3,04-Aug-26
Saharsa,49,PM10,04-Aug-26
Samastipur,36,PM2.5,04-Aug-26
Sangli,44,PM10,04-Aug-26
Sasaram,54,PM10,04-Aug-26
Satara,70,PM10,04-Aug-26
Satna,70,PM10,04-Aug-26
Sawai Madhopur,64,PM10,04-Aug-26
Shamli,72,CO,04-Aug-26
Shillong,28,SO2,04-Aug-26
Sikar,92,PM10,04-Aug-26
Silchar,57,PM10,04-Aug-26
Siliguri,115,NO2,04-Aug-26
Singrauli,46,PM10,04-Aug-26
Sirohi,81,PM10,04-Aug-26
Sirsa,85,CO,04-Aug-26
Siwan,105,PM10,04-Aug-26
Solapur,48,"O3, PM10",04-Aug-26
Sonipat,131,PM10,04-Aug-26
Srinagar,43,PM10,04-Aug-26
Surat,78,PM10,04-Aug-26
Talcher,82,SO2,04-Aug-26
Thane,48,PM10,04-Aug-26
Thiruvananthapuram,38,PM10,04-Aug-26
Thoothukudi,65,PM10,04-Aug-26
Thrissur,43,PM10,04-Aug-26
Tirumala,50,NO2,04-Aug-26
Tirupati,67,PM10,04-Aug-26
Tonk,105,PM10,04-Aug-26
Tumidih,49,PM10,04-Aug-26
Udaipur,71,PM10,04-Aug-26
Ujjain,71,PM10,04-Aug-26
Ulhasnagar,16,PM10,04-Aug-26
Vadodara,71,CO,04-Aug-26
Vapi,44,PM10,04-Aug-26
Varanasi,46,"PM10, NO2",04-Aug-26
Vatva,126,PM2.5,04-Aug-26
Vijayapura,43,PM10,04-Aug-26
Vijayawada,57,PM10,04-Aug-26
Virar,35,PM10,04-Aug-26
Visakhapatnam,87,PM10,04-Aug-26
Vrindavan,50,PM2.5,04-Aug-26
Yadgir,32,PM10,04-Aug-26
Agartala,72,PM10,03-Aug-26
Agra,70,"PM10, PM2.5, SO2",03-Aug-26
Ahmedabad,75,"CO, PM10",03-Aug-26
Ahmednagar,44,PM10,03-Aug-26
Aizawl,17,PM10,03-Aug-26
Ajmer,43,PM10,03-Aug-26
Akola,48,PM10,03-Aug-26
Alwar,88,PM10,03-Aug-26
Amaravati,58,PM10,03-Aug-26
Ambala,67,PM10,03-Aug-26
Ambernath,54,PM10,03-Aug-26
Amravati,42,PM10,03-Aug-26
Amritsar,75,PM10,03-Aug-26
Anantapur,55,PM10,03-Aug-26
Angul,59,PM10,03-Aug-26
Ankleshwar,43,CO,03-Aug-26
Araria,48,PM2.5,03-Aug-26
Asansol,59,"SO2, CO",03-Aug-26
Aurangabad (Maharashtra),66,"PM10, CO",03-Aug-26
Baddi,93,CO,03-Aug-26
Badlapur,35,CO,03-Aug-26
Bagalkot,51,PM10,03-Aug-26
Bahadurgarh,59,PM2.5,03-Aug-26
Balasore,57,O3,03-Aug-26
Ballabgarh,51,PM2.5,03-Aug-26
Banswara,66,PM10,03-Aug-26
Baran,45,O3,03-Aug-26
Barbil,75,PM2.5,03-Aug-26
Bareilly,34,PM2.5,03-Aug-26
Baripada,64,O3,03-Aug-26
Barmer,56,PM10,03-Aug-26
Barrackpore,65,PM10,03-Aug-26
Bathinda,85,CO,03-Aug-26
Beed,28,PM2.5,03-Aug-26
Begusarai,63,PM10,03-Aug-26
Belapur,46,PM10,03-Aug-26
Belgaum,68,NO2,03-Aug-26
Bengaluru,51,PM10,03-Aug-26
Bettiah,23,PM2.5,03-Aug-26
Bhagalpur,70,PM2.5,03-Aug-26
Bharatpur,33,O3,03-Aug-26
Bhavnagar,59,CO,03-Aug-26
Bhilai,21,"PM10, CO",03-Aug-26
Bhilwara,55,PM10,03-Aug-26
Bhiwadi,60,PM10,03-Aug-26
Bhiwandi,45,PM10,03-Aug-26
Bhiwani,21,CO,03-Aug-26
Bhopal,45,PM10,03-Aug-26
Bhubaneswar,47,PM10,03-Aug-26
Bihar Sharif,387,PM2.5,03-Aug-26
Bikaner,42,O3,03-Aug-26
Bilaspur,53,PM10,03-Aug-26
Bileipada,178,PM10,03-Aug-26
Boisar,60,PM10,03-Aug-26
Brajrajnagar,67,PM10,03-Aug-26
Bulandshahr,51,PM10,03-Aug-26
Bundi,44,PM10,03-Aug-26
Byasanagar,58,PM2.5,03-Aug-26
Byrnihat (Assam),86,PM2.5,03-Aug-26
Byrnihat (Meghalaya),154,PM2.5,03-Aug-26
Chamarajanagar,46,PM10,03-Aug-26
Chandigarh,44,"CO, NO2",03-Aug-26
Chandrapur,49,PM10,03-Aug-26
Charkhi Dadri,79,PM2.5,03-Aug-26
Chennai,75,"PM10, O3",03-Aug-26
Chhal,92,PM2.5,03-Aug-26
Chhapra,90,CO,03-Aug-26
Chikkaballapur,40,PM10,03-Aug-26
Chikkamagaluru,31,PM10,03-Aug-26
Chittoor,62,PM2.5,03-Aug-26
Chittorgarh,59,CO,03-Aug-26
Churu,56,O3,03-Aug-26
Coimbatore,25,SO2,03-Aug-26
Cuttack,52,CO,03-Aug-26
Damoh,51,SO2,03-Aug-26
Dausa,73,PM10,03-Aug-26
Dehradun,44,PM2.5,03-Aug-26
Delhi,76,"PM10, PM2.5, NO2",03-Aug-26
Dewas,61,O3,03-Aug-26
Dhanbad,103,NO2,03-Aug-26
Dharuhera,69,CO,03-Aug-26
Dharwad,57,PM10,03-Aug-26
Dholpur,52,PM10,03-Aug-26
Dhule,46,PM10,03-Aug-26
Dombivli,35,O3,03-Aug-26
Dungarpur,51,PM10,03-Aug-26
Durgapur,77,"PM10, NO2",03-Aug-26
Eluru,65,PM10,03-Aug-26
Faridabad,75,"PM2.5, PM10, CO",03-Aug-26
Fatehabad,78,PM10,03-Aug-26
Fatehpur Sikri,29,PM10,03-Aug-26
Firozabad,33,"SO2, PM10",03-Aug-26
Gandhinagar,65,PM10,03-Aug-26
Gangtok,19,PM2.5,03-Aug-26
Gaya,53,PM10,03-Aug-26
Ghaziabad,78,"CO, PM10",03-Aug-26
Greater Noida,85,PM10,03-Aug-26
Gummidipoondi,77,PM2.5,03-Aug-26
Guntur,60,PM10,03-Aug-26
Gurugram,130,PM2.5,03-Aug-26
Guwahati,73,"O3, PM2.5, SO2",03-Aug-26
Gwalior,53,"CO, PM10, O3",03-Aug-26
Hajipur,56,PM2.5,03-Aug-26
Haldia,55,PM10,03-Aug-26
Hanumangarh,42,PM10,03-Aug-26
Hapur,50,PM2.5,03-Aug-26
Hingoli,38,PM10,03-Aug-26
Hisar,56,PM10,03-Aug-26
Howrah,74,PM10,03-Aug-26
Hubballi,52,PM10,03-Aug-26
Hyderabad,49,PM10,03-Aug-26
Indore,36,"NO2, SO2, CO",03-Aug-26
Jabalpur,55,"NO2, CO",03-Aug-26
Jaipur,48,"PM2.5, O3, CO",03-Aug-26
Jaisalmer,64,PM10,03-Aug-26
Jalandhar,60,PM10,03-Aug-26
Jalgaon,40,CO,03-Aug-26
Jalore,35,PM10,03-Aug-26
Jhalawar,61,PM10,03-Aug-26
Jhansi,63,PM10,03-Aug-26
Jhunjhunu,88,O3,03-Aug-26
Jind,56,PM2.5,03-Aug-26
Jodhpur,52,"O3, PM10",03-Aug-26
Jorapokhar,120,PM10,03-Aug-26
Kadapa,58,PM10,03-Aug-26
Kaithal,54,PM10,03-Aug-26
Kakinada,66,O3,03-Aug-26
Kalaburagi,32,CO,03-Aug-26
Kalyan,58,"CO, PM10",03-Aug-26
Kannur,45,PM10,03-Aug-26
Kanpur,43,"CO, PM10, NO2",03-Aug-26
Karauli,44,NO2,03-Aug-26
Karnal,69,PM10,03-Aug-26
Karwar,59,NO2,03-Aug-26
Katihar,65,CO,03-Aug-26
Katni,47,PM10,03-Aug-26
Keonjhar,46,PM10,03-Aug-26
Khanna,68,PM10,03-Aug-26
Khora,99,PM2.5,03-Aug-26
Khurja,47,PM10,03-Aug-26
Kishanganj,44,PM2.5,03-Aug-26
Kohima,55,SO2,03-Aug-26
Kolhapur,32,PM10,03-Aug-26
Kolkata,70,"O3, PM10",03-Aug-26
Korba,46,PM10,03-Aug-26
Kota,41,"PM10, O3",03-Aug-26
Kunjemura,105,PM10,03-Aug-26
Kurnool,28,PM10,03-Aug-26
Kurukshetra,60,PM10,03-Aug-26
Latur,36,PM10,03-Aug-26
Lucknow,74,"PM10, PM2.5",03-Aug-26
Machilipatnam,84,PM2.5,03-Aug-26
Madikeri,14,CO,03-Aug-26
Mahad,50,PM10,03-Aug-26
Maihar,15,PM10,03-Aug-26
Malegaon,50,PM10,03-Aug-26
Mandideep,45,PM10,03-Aug-26
Mandi Gobindgarh,105,PM10,03-Aug-26
Mandikhera,98,PM10,03-Aug-26
Manesar,35,PM2.5,03-Aug-26
Mangalore,57,PM10,03-Aug-26
Manguraha,71,PM10,03-Aug-26
Mathura,37,PM2.5,03-Aug-26
Meerut,60,"PM2.5, PM10",03-Aug-26
Mehsana,81,PM10,03-Aug-26
Milupara,58,PM10,03-Aug-26
Mira-Bhayandar,31,PM10,03-Aug-26
Moradabad,47,"PM2.5, PM10",03-Aug-26
Mumbai,48,PM10,03-Aug-26
Munger,59,PM10,03-Aug-26
Muzaffarnagar,66,PM10,03-Aug-26
Muzaffarpur,42,"PM10, CO",03-Aug-26
Mysuru,52,PM10,03-Aug-26
Nagaon,64,PM2.5,03-Aug-26
Nagaur,33,PM10,03-Aug-26
Nagpur,49,PM10,03-Aug-26
Naharlagun,13,PM2.5,03-Aug-26
Nalbari,33,PM2.5,03-Aug-26
Nanded,31,PM10,03-Aug-26
Nandesari,61,PM2.5,03-Aug-26
Narnaul,74,PM10,03-Aug-26
Nashik,33,"PM10, CO",03-Aug-26
Navi Mumbai,39,"CO, PM10",03-Aug-26
Nellore,65,PM10,03-Aug-26
Noida,74,PM10,03-Aug-26
Palwal,51,PM2.5,03-Aug-26
Pampore,54,PM10,03-Aug-26
Panchkula,40,PM2.5,03-Aug-26
Panipat,119,PM10,03-Aug-26
Parbhani,31,O3,03-Aug-26
Patiala,44,PM10,03-Aug-26
Patna,65,"PM10, PM2.5",03-Aug-26
Pimpri-Chinchwad,45,PM10,03-Aug-26
Pithampur,67,PM10,03-Aug-26
Pratapgarh,45,PM10,03-Aug-26
Prayagraj,23,"O3, SO2, PM2.5",03-Aug-26
Puducherry,44,O3,03-Aug-26
Pune,50,CO,03-Aug-26
Purnia,57,CO,03-Aug-26
Raebareli,74,PM10,03-Aug-26
Raipur,38,"PM10, CO",03-Aug-26
Rairangpur,43,PM10,03-Aug-26
Rajamahendravaram,51,PM10,03-Aug-26
Rajkot,74,PM10,03-Aug-26
Rajsamand,46,O3,03-Aug-26
Ramanagara,40,PM10,03-Aug-26
Ratlam,35,NO2,03-Aug-26
Rishikesh,37,CO,03-Aug-26
Rohtak,62,PM10,03-Aug-26
Rourkela,63,PM10,03-Aug-26
Sagar,35,O3,03-Aug-26
Saharsa,64,PM10,03-Aug-26
Samastipur,99,PM2.5,03-Aug-26
Sangli,40,PM10,03-Aug-26
Satara,55,PM10,03-Aug-26
Satna,70,PM10,03-Aug-26
Sawai Madhopur,43,PM10,03-Aug-26
Shamli,66,CO,03-Aug-26
Shillong,26,SO2,03-Aug-26
Sikar,80,PM10,03-Aug-26
Silchar,55,PM10,03-Aug-26
Siliguri,116,NO2,03-Aug-26
Singrauli,43,NO2,03-Aug-26
Sirohi,58,PM10,03-Aug-26
Sirsa,85,CO,03-Aug-26
Siwan,105,PM10,03-Aug-26
Solapur,53,"PM10, O3",03-Aug-26
Sonipat,133,PM10,03-Aug-26
Sri Ganganagar,114,PM10,03-Aug-26
Srinagar,44,PM10,03-Aug-26
Surat,73,PM10,03-Aug-26
Talcher,62,PM10,03-Aug-26
Tensa,38,PM10,03-Aug-26
Thane,40,"PM2.5, PM10",03-Aug-26
Thiruvananthapuram,34,"PM2.5, PM10",03-Aug-26
Thoothukudi,66,PM10,03-Aug-26
Thrissur,40,PM10,03-Aug-26
Tirumala,53,NO2,03-Aug-26
Tirupati,62,PM10,03-Aug-26
Tonk,57,PM10,03-Aug-26
Tumidih,47,PM2.5,03-Aug-26
Udaipur,60,PM10,03-Aug-26
Ujjain,42,O3,03-Aug-26
Ulhasnagar,24,PM10,03-Aug-26
Vadodara,70,CO,03-Aug-26
Vapi,45,PM10,03-Aug-26
Varanasi,48,PM10,03-Aug-26
Vatva,101,PM10,03-Aug-26
Vijayapura,43,PM10,03-Aug-26
Vijayawada,61,PM10,03-Aug-26
Virar,31,PM10,03-Aug-26
Visakhapatnam,132,PM10,03-Aug-26
Vrindavan,50,PM10,03-Aug-26
Yadgir,38,PM10,03-Aug-26
Yamuna Nagar,71,PM10,03-Aug-26
Agartala,72,PM10,02-Aug-26
Agra,65,"PM2.5, SO2, PM10",02-Aug-26
Ahmedabad,70,"CO, PM10",02-Aug-26
Ahmednagar,69,PM10,02-Aug-26
Aizawl,20,PM10,02-Aug-26
Akola,43,PM10,02-Aug-26
Alwar,89,PM10,02-Aug-26
Amaravati,54,PM10,02-Aug-26
Ambala,62,PM10,02-Aug-26
Ambernath,74,PM10,02-Aug-26
Amravati,28,"PM10, PM2.5",02-Aug-26
Amritsar,77,PM10,02-Aug-26
Anantapur,49,PM10,02-Aug-26
Angul,68,PM10,02-Aug-26
Araria,47,PM2.5,02-Aug-26
Asansol,50,"SO2, CO",02-Aug-26
Aurangabad (Maharashtra),43,PM10,02-Aug-26
Baddi,104,CO,02-Aug-26
Badlapur,30,CO,02-Aug-26
Bagalkot,51,PM10,02-Aug-26
Baghpat,87,PM10,02-Aug-26
Bahadurgarh,57,PM2.5,02-Aug-26
Balasore,61,O3,02-Aug-26
Ballabgarh,47,PM2.5,02-Aug-26
Banswara,59,PM10,02-Aug-26
Baran,53,CO,02-Aug-26
Barbil,73,PM10,02-Aug-26
Bareilly,49,"PM10, PM2.5",02-Aug-26
Baripada,62,O3,02-Aug-26
Barmer,41,O3,02-Aug-26
Barrackpore,56,PM10,02-Aug-26
Bathinda,85,CO,02-Aug-26
Beed,33,PM10,02-Aug-26
Begusarai,77,PM10,02-Aug-26
Belapur,49,PM10,02-Aug-26
Belgaum,68,NO2,02-Aug-26
Bengaluru,40,PM10,02-Aug-26
Bettiah,32,CO,02-Aug-26
Bhagalpur,111,PM2.5,02-Aug-26
Bharatpur,35,O3,02-Aug-26
Bhavnagar,59,CO,02-Aug-26
Bhilai,21,"PM10, O3, CO",02-Aug-26
Bhilwara,101,PM10,02-Aug-26
Bhiwadi,66,PM10,02-Aug-26
Bhiwandi,45,PM10,02-Aug-26
Bhiwani,46,PM2.5,02-Aug-26
Bhopal,30,"PM10, O3",02-Aug-26
Bhubaneswar,51,PM10,02-Aug-26
Bihar Sharif,278,PM2.5,02-Aug-26
Bikaner,102,PM10,02-Aug-26
Bilaspur,76,PM10,02-Aug-26
Bileipada,196,PM10,02-Aug-26
Boisar,42,PM10,02-Aug-26
Brajrajnagar,71,PM10,02-Aug-26
Bulandshahr,54,PM10,02-Aug-26
Bundi,40,PM10,02-Aug-26
Buxar,122,PM2.5,02-Aug-26
Byasanagar,53,PM10,02-Aug-26
Byrnihat (Assam),86,PM2.5,02-Aug-26
Byrnihat (Meghalaya),113,PM2.5,02-Aug-26
Chamarajanagar,35,PM10,02-Aug-26
Chandigarh,44,"CO, NO2",02-Aug-26
Chandrapur,39,"PM10, CO",02-Aug-26
Charkhi Dadri,72,PM2.5,02-Aug-26
Chennai,61,PM10,02-Aug-26
Chhal,70,PM10,02-Aug-26
Chhapra,121,PM2.5,02-Aug-26
Chikkamagaluru,29,PM10,02-Aug-26
Chittoor,60,PM2.5,02-Aug-26
Chittorgarh,34,PM2.5,02-Aug-26
Churu,57,PM10,02-Aug-26
Coimbatore,26,SO2,02-Aug-26
Cuddalore,40,PM10,02-Aug-26
Cuttack,54,PM10,02-Aug-26
Damoh,48,SO2,02-Aug-26
Dausa,32,PM10,02-Aug-26
Dehradun,40,PM10,02-Aug-26
Delhi,78,"PM2.5, PM10, NO2",02-Aug-26
Dewas,64,O3,02-Aug-26
Dhanbad,106,NO2,02-Aug-26
Dharuhera,79,PM2.5,02-Aug-26
Dharwad,59,PM10,02-Aug-26
Dholpur,55,PM10,02-Aug-26
Dhule,35,PM10,02-Aug-26
Dombivli,34,O3,02-Aug-26
Dungarpur,30,PM10,02-Aug-26
Durgapur,65,"PM10, NO2",02-Aug-26
Eluru,73,PM10,02-Aug-26
Faridabad,74,"PM10, PM2.5",02-Aug-26
Fatehpur Sikri,31,PM10,02-Aug-26
Firozabad,38,"CO, PM10",02-Aug-26
Gajraula,62,PM2.5,02-Aug-26
Gandhinagar,39,"PM10, CO",02-Aug-26
Gangtok,21,PM2.5,02-Aug-26
Gaya,57,"PM2.5, PM10",02-Aug-26
Ghaziabad,73,"CO, PM10, PM2.5",02-Aug-26
Gorakhpur,85,PM10,02-Aug-26
Greater Noida,88,PM10,02-Aug-26
Gummidipoondi,90,PM10,02-Aug-26
Guntur,59,PM10,02-Aug-26
Gurugram,83,"PM2.5, CO",02-Aug-26
Guwahati,44,"PM2.5, SO2",02-Aug-26
Gwalior,54,"CO, O3, PM10",02-Aug-26
Hajipur,53,PM2.5,02-Aug-26
Haldia,46,PM10,02-Aug-26
Hanumangarh,50,PM10,02-Aug-26
Hapur,52,CO,02-Aug-26
Hingoli,39,PM10,02-Aug-26
Hisar,65,PM10,02-Aug-26
Howrah,66,"PM10, CO",02-Aug-26
Hubballi,40,PM10,02-Aug-26
Hyderabad,50,"PM10, O3",02-Aug-26
Indore,34,"NO2, CO",02-Aug-26
Jabalpur,55,"NO2, CO, O3",02-Aug-26
Jaipur,49,"O3, PM2.5, CO",02-Aug-26
Jaisalmer,70,PM10,02-Aug-26
Jalandhar,60,PM10,02-Aug-26
Jalgaon,36,PM10,02-Aug-26
Jalore,46,PM10,02-Aug-26
Jhalawar,78,CO,02-Aug-26
Jhansi,51,PM10,02-Aug-26
Jhunjhunu,80,O3,02-Aug-26
Jind,65,PM2.5,02-Aug-26
Jodhpur,63,"PM10, O3",02-Aug-26
Jorapokhar,92,PM10,02-Aug-26
Kaithal,58,PM10,02-Aug-26
Kakinada,69,PM10,02-Aug-26
Kalaburagi,38,CO,02-Aug-26
Kalyan,74,"CO, PM10",02-Aug-26
Kannur,45,PM10,02-Aug-26
Kanpur,46,"CO, PM10",02-Aug-26
Karauli,42,NO2,02-Aug-26
Karnal,62,PM10,02-Aug-26
Karwar,86,NO2,02-Aug-26
Katihar,68,CO,02-Aug-26
Katni,50,PM10,02-Aug-26
Keonjhar,41,PM10,02-Aug-26
Khanna,65,PM10,02-Aug-26
Khora,104,PM2.5,02-Aug-26
Khurja,58,CO,02-Aug-26
Kishanganj,44,PM2.5,02-Aug-26
Kohima,56,SO2,02-Aug-26
Kolhapur,37,"O3, PM10",02-Aug-26
Kolkata,62,"PM10, O3",02-Aug-26
Korba,43,PM10,02-Aug-26
Kota,38,"CO, PM10",02-Aug-26
Kunjemura,98,PM10,02-Aug-26
Kurnool,31,PM10,02-Aug-26
Kurukshetra,68,O3,02-Aug-26
Latur,42,PM10,02-Aug-26
Lucknow,92,"PM2.5, PM10",02-Aug-26
Ludhiana,69,PM10,02-Aug-26
Machilipatnam,68,PM10,02-Aug-26
Madikeri,14,CO,02-Aug-26
Mahad,49,PM10,02-Aug-26
Mandideep,28,PM10,02-Aug-26
Mandi Gobindgarh,109,PM10,02-Aug-26
Mandikhera,99,PM10,02-Aug-26
Manesar,47,PM2.5,02-Aug-26
Mangalore,60,PM10,02-Aug-26
Mathura,35,PM10,02-Aug-26
Meerut,70,"PM10, PM2.5",02-Aug-26
Mehsana,67,PM10,02-Aug-26
Mira-Bhayandar,40,PM10,02-Aug-26
Moradabad,52,"PM2.5, O3, PM10",02-Aug-26
Mumbai,52,PM10,02-Aug-26
Munger,71,PM10,02-Aug-26
Muzaffarnagar,59,PM10,02-Aug-26
Muzaffarpur,50,"PM10, O3",02-Aug-26
Mysuru,118,O3,02-Aug-26
Nagaur,49,PM10,02-Aug-26
Nagpur,35,PM10,02-Aug-26
Naharlagun,34,PM10,02-Aug-26
Nalbari,36,PM2.5,02-Aug-26
Nanded,33,PM10,02-Aug-26
Nandesari,120,PM2.5,02-Aug-26
Narnaul,77,PM10,02-Aug-26
Nashik,30,"PM10, CO, PM2.5",02-Aug-26
Navi Mumbai,43,"CO, PM10",02-Aug-26
Nellore,60,PM10,02-Aug-26
Noida,71,"PM10, O3",02-Aug-26
Pali,62,PM10,02-Aug-26
Palwal,53,PM10,02-Aug-26
Pampore,30,PM10,02-Aug-26
Panchgaon,22,PM10,02-Aug-26
Panchkula,37,O3,02-Aug-26
Panipat,111,PM10,02-Aug-26
Parbhani,23,PM10,02-Aug-26
Patiala,40,PM10,02-Aug-26
Patna,70,"PM10, PM2.5",02-Aug-26
Pimpri-Chinchwad,53,"PM10, CO",02-Aug-26
Pithampur,41,PM10,02-Aug-26
Pratapgarh,38,O3,02-Aug-26
Prayagraj,42,PM10,02-Aug-26
Puducherry,49,O3,02-Aug-26
Pune,50,"PM10, CO",02-Aug-26
Purnia,57,CO,02-Aug-26
Raebareli,72,PM10,02-Aug-26
Raipur,30,PM10,02-Aug-26
Rairangpur,31,PM10,02-Aug-26
Rajamahendravaram,96,O3,02-Aug-26
Rajkot,64,PM10,02-Aug-26
Rajsamand,55,O3,02-Aug-26
Ramanagara,33,PM10,02-Aug-26
Ratlam,35,NO2,02-Aug-26
Rishikesh,37,CO,02-Aug-26
Rohtak,51,PM10,02-Aug-26
Rourkela,42,PM10,02-Aug-26
Rupnagar,100,PM2.5,02-Aug-26
Sagar,35,O3,02-Aug-26
Saharsa,137,PM10,02-Aug-26
Samastipur,82,PM2.5,02-Aug-26
Sangli,41,PM10,02-Aug-26
Satara,47,PM10,02-Aug-26
Satna,70,PM10,02-Aug-26
Sawai Madhopur,36,CO,02-Aug-26
Shamli,86,CO,02-Aug-26
Shillong,24,SO2,02-Aug-26
Sikar,44,PM10,02-Aug-26
Silchar,57,PM10,02-Aug-26
Siliguri,111,NO2,02-Aug-26
Singrauli,74,PM10,02-Aug-26
Sirohi,30,PM10,02-Aug-26
Sirsa,86,CO,02-Aug-26
Siwan,105,PM10,02-Aug-26
Solapur,51,"PM10, O3",02-Aug-26
Sonipat,132,PM10,02-Aug-26
Sri Ganganagar,115,PM10,02-Aug-26
Srinagar,37,PM10,02-Aug-26
Surat,65,PM10,02-Aug-26
Talcher,60,PM2.5,02-Aug-26
Tensa,46,CO,02-Aug-26
Thane,49,"PM2.5, PM10",02-Aug-26
Thiruvananthapuram,34,"PM2.5, SO2",02-Aug-26
Thrissur,39,PM10,02-Aug-26
Tirumala,41,NO2,02-Aug-26
Tirupati,59,PM10,02-Aug-26
Tonk,54,PM10,02-Aug-26
Tumidih,75,PM10,02-Aug-26
Udaipur,95,PM2.5,02-Aug-26
Ujjain,40,O3,02-Aug-26
Ulhasnagar,34,PM10,02-Aug-26
Vadodara,70,CO,02-Aug-26
Vapi,43,PM10,02-Aug-26
Varanasi,58,PM10,02-Aug-26
Vatva,87,PM10,02-Aug-26
Vijayapura,43,PM10,02-Aug-26
Vijayawada,59,PM10,02-Aug-26
Virar,46,PM10,02-Aug-26
Visakhapatnam,109,PM10,02-Aug-26
Vrindavan,27,NO2,02-Aug-26
Yadgir,51,PM10,02-Aug-26
Yamuna Nagar,74,PM10,02-Aug-26
Agartala,49,PM10,01-Aug-26
Agra,72,"PM10, PM2.5, SO2",01-Aug-26
Ahmedabad,43,CO,01-Aug-26
Ahmednagar,47,PM10,01-Aug-26
Aizawl,25,PM10,01-Aug-26
Ajmer,68,PM2.5,01-Aug-26
Akola,32,PM10,01-Aug-26
Alwar,99,"PM2.5, PM10",01-Aug-26
Amaravati,35,PM10,01-Aug-26
Ambala,69,PM10,01-Aug-26
Ambernath,87,PM10,01-Aug-26
Amravati,19,PM10,01-Aug-26
Amritsar,92,PM10,01-Aug-26
Anantapur,58,PM2.5,01-Aug-26
Ankleshwar,53,PM2.5,01-Aug-26
Araria,47,PM2.5,01-Aug-26
Asansol,47,"SO2, CO",01-Aug-26
Aurangabad (Maharashtra),41,PM10,01-Aug-26
Baddi,102,CO,01-Aug-26
Badlapur,25,CO,01-Aug-26
Bagalkot,51,PM10,01-Aug-26
Baghpat,66,PM10,01-Aug-26
Bahadurgarh,63,PM10,01-Aug-26
Balasore,48,O3,01-Aug-26
Ballabgarh,51,PM10,01-Aug-26
Banswara,67,PM10,01-Aug-26
Baran,51,CO,01-Aug-26
Barbil,36,PM10,01-Aug-26
Bareilly,111,"O3, SO2",01-Aug-26
Baripada,54,O3,01-Aug-26
Barmer,110,PM10,01-Aug-26
Barrackpore,52,PM10,01-Aug-26
Bathinda,85,CO,01-Aug-26
Beed,38,PM10,01-Aug-26
Begusarai,202,PM2.5,01-Aug-26
Belapur,54,PM10,01-Aug-26
Bengaluru,42,"PM10, O3",01-Aug-26
Bettiah,40,CO,01-Aug-26
Bhagalpur,36,PM10,01-Aug-26
Bharatpur,38,O3,01-Aug-26
Bhavnagar,59,CO,01-Aug-26
Bhilai,26,"PM10, CO, O3",01-Aug-26
Bhilwara,66,PM10,01-Aug-26
Bhiwadi,76,PM10,01-Aug-26
Bhiwandi,46,PM10,01-Aug-26
Bhiwani,57,PM2.5,01-Aug-26
Bhopal,25,"CO, O3",01-Aug-26
Bhubaneswar,51,"PM10, O3",01-Aug-26
Bikaner,115,PM10,01-Aug-26
Bilaspur,31,PM10,01-Aug-26
Bileipada,76,PM10,01-Aug-26
Boisar,49,PM2.5,01-Aug-26
Brajrajnagar,65,PM10,01-Aug-26
Bulandshahr,60,PM10,01-Aug-26
Bundi,34,O3,01-Aug-26
Buxar,250,PM2.5,01-Aug-26
Byasanagar,48,O3,01-Aug-26
Byrnihat (Assam),101,PM2.5,01-Aug-26
Byrnihat (Meghalaya),151,PM2.5,01-Aug-26
Chamarajanagar,42,PM10,01-Aug-26
Chandigarh,40,"CO, NO2, PM2.5",01-Aug-26
Chandrapur,38,CO,01-Aug-26
Charkhi Dadri,101,PM2.5,01-Aug-26
Chennai,76,PM10,01-Aug-26
Chhal,107,PM10,01-Aug-26
Chhapra,91,CO,01-Aug-26
Chikkaballapur,34,PM10,01-Aug-26
Chikkamagaluru,38,PM10,01-Aug-26
Chittoor,61,PM2.5,01-Aug-26
Churu,69,PM10,01-Aug-26
Coimbatore,32,PM2.5,01-Aug-26
Cuddalore,54,PM10,01-Aug-26
Cuttack,60,PM10,01-Aug-26
Damoh,50,SO2,01-Aug-26
Dausa,60,PM10,01-Aug-26
Dehradun,31,PM10,01-Aug-26
Delhi,80,PM10,01-Aug-26
Dewas,62,O3,01-Aug-26
Dhanbad,106,NO2,01-Aug-26
Dharuhera,80,PM2.5,01-Aug-26
Dharwad,65,PM10,01-Aug-26
Dholpur,59,PM10,01-Aug-26
Dhule,21,PM2.5,01-Aug-26
Dombivli,34,O3,01-Aug-26
Dungarpur,42,PM10,01-Aug-26
Durgapur,58,"PM10, NO2",01-Aug-26
Eluru,58,PM10,01-Aug-26
Faridabad,73,"PM10, PM2.5",01-Aug-26
Fatehabad,76,PM10,01-Aug-26
Fatehpur Sikri,33,PM10,01-Aug-26
Firozabad,45,PM10,01-Aug-26
Gajraula,44,PM10,01-Aug-26
Gandhinagar,43,PM10,01-Aug-26
Gaya,53,"CO, PM10, PM2.5",01-Aug-26
Ghaziabad,74,"CO, PM10",01-Aug-26
Gorakhpur,67,PM10,01-Aug-26
Greater Noida,111,PM10,01-Aug-26
Gummidipoondi,119,PM10,01-Aug-26
Guntur,53,PM10,01-Aug-26
Gurugram,100,"PM2.5, PM10",01-Aug-26
Guwahati,41,"SO2, O3",01-Aug-26
Gwalior,52,"PM10, O3",01-Aug-26
Hajipur,40,O3,01-Aug-26
Haldia,45,PM10,01-Aug-26
Hanumangarh,43,PM10,01-Aug-26
Hapur,83,CO,01-Aug-26
Hingoli,29,O3,01-Aug-26
Hisar,55,PM10,01-Aug-26
Howrah,64,"PM10, CO",01-Aug-26
Hubballi,42,PM10,01-Aug-26
Hyderabad,45,PM10,01-Aug-26
Indore,33,"NO2, CO, SO2",01-Aug-26
Jabalpur,57,"NO2, O3",01-Aug-26
Jaipur,62,"CO, PM2.5, PM10",01-Aug-26
Jaisalmer,81,PM10,01-Aug-26
Jalandhar,52,PM10,01-Aug-26
Jalgaon,44,CO,01-Aug-26
Jalna,23,O3,01-Aug-26
Jalore,65,PM10,01-Aug-26
Jhalawar,62,CO,01-Aug-26
Jhansi,55,PM10,01-Aug-26
Jhunjhunu,94,PM10,01-Aug-26
Jind,40,PM2.5,01-Aug-26
Jodhpur,75,PM10,01-Aug-26
Jorapokhar,62,PM2.5,01-Aug-26
Kadapa,55,PM10,01-Aug-26
Kaithal,49,PM10,01-Aug-26
Kakinada,60,PM10,01-Aug-26
Kalaburagi,32,CO,01-Aug-26
Kalyan,75,"CO, PM10",01-Aug-26
Kannur,44,PM10,01-Aug-26
Kanpur,49,"PM10, CO",01-Aug-26
Karauli,39,NO2,01-Aug-26
Karwar,48,NO2,01-Aug-26
Katihar,70,CO,01-Aug-26
Katni,38,O3,01-Aug-26
Keonjhar,42,PM10,01-Aug-26
Khanna,65,PM10,01-Aug-26
Khora,102,CO,01-Aug-26
Khurja,50,CO,01-Aug-26
Kishanganj,43,PM2.5,01-Aug-26
Kohima,52,SO2,01-Aug-26
Kolhapur,31,"PM10, O3",01-Aug-26
Kolkata,56,"PM10, O3",01-Aug-26
Korba,29,"CO, SO2",01-Aug-26
Kota,48,PM10,01-Aug-26
Kunjemura,61,PM10,01-Aug-26
Kurnool,31,PM10,01-Aug-26
Kurukshetra,45,PM2.5,01-Aug-26
Latur,27,PM10,01-Aug-26
Lucknow,64,"PM10, CO",01-Aug-26
Ludhiana,68,PM10,01-Aug-26
Machilipatnam,83,PM2.5,01-Aug-26
Mahad,54,PM10,01-Aug-26
Mandideep,98,PM10,01-Aug-26
Mandi Gobindgarh,112,PM10,01-Aug-26
Mandikhera,97,PM10,01-Aug-26
Manesar,53,PM2.5,01-Aug-26
Manguraha,73,PM10,01-Aug-26
Mathura,61,PM2.5,01-Aug-26
Meerut,61,PM10,01-Aug-26
Mehsana,46,CO,01-Aug-26
Milupara,42,PM10,01-Aug-26
Mira-Bhayandar,45,PM10,01-Aug-26
Modinagar,37,PM2.5,01-Aug-26
Moradabad,47,"PM10, PM2.5",01-Aug-26
Mumbai,58,PM10,01-Aug-26
Muzaffarnagar,50,PM10,01-Aug-26
Muzaffarpur,44,"O3, PM10, PM2.5",01-Aug-26
Mysuru,44,PM10,01-Aug-26
Nagaur,69,PM10,01-Aug-26
Nagpur,35,"CO, PM10",01-Aug-26
Naharlagun,22,PM10,01-Aug-26
Nalbari,30,PM2.5,01-Aug-26
Nanded,24,PM10,01-Aug-26
Nandesari,220,PM2.5,01-Aug-26
Narnaul,98,PM2.5,01-Aug-26
Nashik,34,"PM10, CO",01-Aug-26
Navi Mumbai,50,PM10,01-Aug-26
Nellore,63,PM10,01-Aug-26
Noida,72,"PM10, O3",01-Aug-26
Pali,81,PM10,01-Aug-26
Pampore,27,PM10,01-Aug-26
Panchgaon,39,O3,01-Aug-26
Panchkula,40,O3,01-Aug-26
Panipat,106,PM10,01-Aug-26
Parbhani,21,PM10,01-Aug-26
Patiala,35,O3,01-Aug-26
Patna,52,PM10,01-Aug-26
Pimpri-Chinchwad,48,PM10,01-Aug-26
Pithampur,41,O3,01-Aug-26
Pratapgarh,41,O3,01-Aug-26
Prayagraj,40,"PM10, SO2",01-Aug-26
Puducherry,50,O3,01-Aug-26
Pune,49,"CO, PM10",01-Aug-26
Purnia,58,CO,01-Aug-26
Raipur,16,"PM10, O3, PM2.5",01-Aug-26
Rairangpur,31,PM10,01-Aug-26
Rajamahendravaram,40,PM10,01-Aug-26
Rajkot,47,PM10,01-Aug-26
Rajsamand,70,O3,01-Aug-26
Ramanagara,35,PM10,01-Aug-26
Ratlam,35,NO2,01-Aug-26
Rishikesh,37,CO,01-Aug-26
Rohtak,55,PM10,01-Aug-26
Rourkela,37,PM10,01-Aug-26
Sagar,50,O3,01-Aug-26
Saharsa,59,PM10,01-Aug-26
Sangli,35,PM10,01-Aug-26
Satna,70,PM10,01-Aug-26
Sawai Madhopur,49,PM10,01-Aug-26
Shamli,91,CO,01-Aug-26
Shillong,24,SO2,01-Aug-26
Sikar,53,PM10,01-Aug-26
Silchar,55,PM10,01-Aug-26
Siliguri,119,NO2,01-Aug-26
Singrauli,34,NO2,01-Aug-26
Sirohi,54,PM10,01-Aug-26
Sirsa,77,CO,01-Aug-26
Siwan,105,PM10,01-Aug-26
Solapur,50,"PM10, O3",01-Aug-26
Sonipat,133,PM10,01-Aug-26
Sri Ganganagar,71,NO2,01-Aug-26
Srinagar,39,PM10,01-Aug-26
Surat,41,CO,01-Aug-26
Talcher,48,NO2,01-Aug-26
Tensa,49,CO,01-Aug-26
Thane,52,"PM2.5, PM10",01-Aug-26
Thiruvananthapuram,40,"PM2.5, PM10",01-Aug-26
Thoothukudi,65,PM10,01-Aug-26
Thrissur,48,PM10,01-Aug-26
Tirumala,44,NO2,01-Aug-26
Tirupati,60,PM10,01-Aug-26
Tonk,72,PM10,01-Aug-26
Tumakuru,61,PM10,01-Aug-26
Tumidih,77,PM2.5,01-Aug-26
Ujjain,43,O3,01-Aug-26
Ulhasnagar,39,PM10,01-Aug-26
Vadodara,70,CO,01-Aug-26
Vapi,31,PM10,01-Aug-26
Varanasi,54,PM10,01-Aug-26
Vatva,78,PM10,01-Aug-26
Vijayapura,43,PM10,01-Aug-26
Vijayawada,53,"PM10, PM2.5",01-Aug-26
Virar,49,PM10,01-Aug-26
Visakhapatnam,104,PM10,01-Aug-26
Vrindavan,30,SO2,01-Aug-26
Yadgir,48,PM10,01-Aug-26
Yamuna Nagar,75,PM10,01-Aug-26
Agartala,51,PM10,31-Jul-26
Agra,69,"PM2.5, PM10, SO2",31-Jul-26
Ahmedabad,89,PM10,31-Jul-26
Ahmednagar,47,PM2.5,31-Jul-26
Aizawl,23,PM10,31-Jul-26
Ajmer,63,PM10,31-Jul-26
Akola,22,PM10,31-Jul-26
Alwar,106,"PM2.5, PM10",31-Jul-26
Amaravati,37,PM10,31-Jul-26
Ambala,85,PM10,31-Jul-26
Ambernath,75,PM10,31-Jul-26
Amravati,17,O3,31-Jul-26
Amritsar,71,PM10,31-Jul-26
Anantapur,60,PM10,31-Jul-26
Angul,51,PM10,31-Jul-26
Ankleshwar,72,PM10,31-Jul-26
Araria,47,PM2.5,31-Jul-26
Asansol,49,"SO2, CO, PM2.5",31-Jul-26
Aurangabad (Maharashtra),31,CO,31-Jul-26
Baddi,106,PM10,31-Jul-26
Badlapur,35,CO,31-Jul-26
Bagalkot,51,PM10,31-Jul-26
Baghpat,41,PM10,31-Jul-26
Bahadurgarh,81,PM10,31-Jul-26
Balasore,41,CO,31-Jul-26
Ballabgarh,53,PM2.5,31-Jul-26
Banswara,49,PM10,31-Jul-26
Baran,61,O3,31-Jul-26
Barbil,34,PM10,31-Jul-26
Bareilly,42,SO2,31-Jul-26
Baripada,47,O3,31-Jul-26
Barmer,75,PM10,31-Jul-26
Barrackpore,47,PM10,31-Jul-26
Bathinda,90,PM10,31-Jul-26
Beed,24,PM2.5,31-Jul-26
Begusarai,66,PM10,31-Jul-26
Belapur,49,PM10,31-Jul-26
Bengaluru,49,PM10,31-Jul-26
Bettiah,33,CO,31-Jul-26
Bhagalpur,201,NO2,31-Jul-26
Bharatpur,40,O3,31-Jul-26
Bhavnagar,59,CO,31-Jul-26
Bhilai,26,CO,31-Jul-26
Bhilwara,106,PM10,31-Jul-26
Bhiwadi,92,PM10,31-Jul-26
Bhiwandi,46,PM10,31-Jul-26
Bhiwani,45,PM2.5,31-Jul-26
Bhopal,41,PM10,31-Jul-26
Bhubaneswar,49,"PM10, CO",31-Jul-26
Bikaner,103,PM10,31-Jul-26
Bilaspur,23,NO2,31-Jul-26
Bileipada,65,PM10,31-Jul-26
Brajrajnagar,44,O3,31-Jul-26
Bulandshahr,63,PM10,31-Jul-26
Bundi,49,O3,31-Jul-26
Byasanagar,50,PM10,31-Jul-26
Byrnihat (Meghalaya),68,PM2.5,31-Jul-26
Chamarajanagar,45,PM10,31-Jul-26
Chandigarh,37,"CO, NO2, PM2.5",31-Jul-26
Chandrapur,31,CO,31-Jul-26
Charkhi Dadri,116,PM2.5,31-Jul-26
Chennai,97,PM10,31-Jul-26
Chhal,60,PM10,31-Jul-26
Chhapra,89,CO,31-Jul-26
Chikkaballapur,46,PM10,31-Jul-26
Chittoor,59,PM10,31-Jul-26
Chittorgarh,100,PM10,31-Jul-26
Churu,70,PM10,31-Jul-26
Coimbatore,40,PM2.5,31-Jul-26
Cuddalore,23,SO2,31-Jul-26
Cuttack,54,PM10,31-Jul-26
Damoh,49,SO2,31-Jul-26
Dausa,54,PM10,31-Jul-26
Davanagere,22,O3,31-Jul-26
Dehradun,51,PM10,31-Jul-26
Delhi,77,PM10,31-Jul-26
Dewas,54,O3,31-Jul-26
Dhanbad,104,NO2,31-Jul-26
Dharuhera,76,PM2.5,31-Jul-26
Dharwad,76,PM10,31-Jul-26
Dholpur,55,PM10,31-Jul-26
Dhule,53,PM10,31-Jul-26
Dombivli,31,O3,31-Jul-26
Dungarpur,54,PM10,31-Jul-26
Durgapur,46,PM10,31-Jul-26
Eluru,57,PM2.5,31-Jul-26
Faridabad,65,"PM10, CO",31-Jul-26
Fatehabad,75,PM10,31-Jul-26
Fatehpur Sikri,29,PM10,31-Jul-26
Firozabad,34,"CO, PM10",31-Jul-26
Gajraula,42,PM10,31-Jul-26
Gandhinagar,120,PM10,31-Jul-26
Gaya,49,"PM2.5, PM10",31-Jul-26
Ghaziabad,66,"CO, PM10",31-Jul-26
Gorakhpur,50,O3,31-Jul-26
Greater Noida,109,PM10,31-Jul-26
Gummidipoondi,175,PM2.5,31-Jul-26
Guntur,47,PM10,31-Jul-26
Gurugram,111,"PM2.5, PM10, CO",31-Jul-26
Guwahati,41,"SO2, PM2.5",31-Jul-26
Gwalior,53,"PM10, CO, NO2",31-Jul-26
Hajipur,41,O3,31-Jul-26
Haldia,40,PM10,31-Jul-26
Hanumangarh,46,PM10,31-Jul-26
Hapur,68,CO,31-Jul-26
Howrah,51,"CO, PM10",31-Jul-26
Hubballi,45,PM10,31-Jul-26
Hyderabad,45,"CO, PM10",31-Jul-26
Indore,36,"PM10, CO, SO2",31-Jul-26
Jabalpur,55,"NO2, O3",31-Jul-26
Jaipur,58,"O3, PM10",31-Jul-26
Jaisalmer,90,PM10,31-Jul-26
Jalandhar,49,PM10,31-Jul-26
Jalgaon,49,PM10,31-Jul-26
Jalna,27,PM10,31-Jul-26
Jalore,97,PM10,31-Jul-26
Jhalawar,58,CO,31-Jul-26
Jhansi,69,PM10,31-Jul-26
Jhunjhunu,106,PM10,31-Jul-26
Jind,36,PM2.5,31-Jul-26
Jodhpur,110,PM10,31-Jul-26
Jorapokhar,79,PM10,31-Jul-26
Kadapa,62,PM2.5,31-Jul-26
Kaithal,34,PM10,31-Jul-26
Kalaburagi,31,CO,31-Jul-26
Kalyan,51,"PM10, PM2.5",31-Jul-26
Kannur,44,PM10,31-Jul-26
Kanpur,53,"PM2.5, CO, PM10",31-Jul-26
Karnal,75,PM10,31-Jul-26
Karwar,34,PM10,31-Jul-26
Katihar,68,CO,31-Jul-26
Katni,38,O3,31-Jul-26
Keonjhar,40,PM10,31-Jul-26
Khanna,70,PM10,31-Jul-26
Khora,102,CO,31-Jul-26
Khurja,73,PM10,31-Jul-26
Kishanganj,42,PM2.5,31-Jul-26
Kohima,52,SO2,31-Jul-26
Kolhapur,35,"PM10, PM2.5",31-Jul-26
Kolkata,50,"PM10, O3",31-Jul-26
Korba,22,"PM10, SO2",31-Jul-26
Kota,48,"PM2.5, PM10",31-Jul-26
Kunjemura,40,PM10,31-Jul-26
Kurnool,33,PM10,31-Jul-26
Kurukshetra,42,PM10,31-Jul-26
Latur,35,PM10,31-Jul-26
Lucknow,59,"PM10, O3",31-Jul-26
Ludhiana,79,PM10,31-Jul-26
Machilipatnam,66,PM2.5,31-Jul-26
Madikeri,14,CO,31-Jul-26
Mahad,44,PM10,31-Jul-26
Maihar,47,PM10,31-Jul-26
Mandideep,101,PM10,31-Jul-26
Mandi Gobindgarh,85,PM10,31-Jul-26
Mandikhera,78,PM10,31-Jul-26
Manguraha,71,PM10,31-Jul-26
Mathura,61,PM10,31-Jul-26
Meerut,52,PM10,31-Jul-26
Mehsana,77,PM10,31-Jul-26
Milupara,28,PM10,31-Jul-26
Mira-Bhayandar,39,PM10,31-Jul-26
Modinagar,31,PM2.5,31-Jul-26
Moradabad,45,"O3, PM2.5, PM10",31-Jul-26
Motihari,59,O3,31-Jul-26
Mumbai,53,PM10,31-Jul-26
Muzaffarnagar,40,PM10,31-Jul-26
Muzaffarpur,42,"PM2.5, PM10",31-Jul-26
Mysuru,47,PM10,31-Jul-26
Nagaon,66,PM2.5,31-Jul-26
Nagaur,78,PM10,31-Jul-26
Nagpur,33,CO,31-Jul-26
Naharlagun,24,PM10,31-Jul-26
Nalbari,40,PM2.5,31-Jul-26
Nanded,24,CO,31-Jul-26
Nandesari,74,PM2.5,31-Jul-26
Narnaul,118,PM2.5,31-Jul-26
Nashik,42,"PM2.5, PM10, CO",31-Jul-26
Navi Mumbai,44,"CO, PM10",31-Jul-26
Nellore,63,PM10,31-Jul-26
Noida,82,"PM10, O3",31-Jul-26
Pali,133,PM10,31-Jul-26
Panchgaon,41,O3,31-Jul-26
Panchkula,38,O3,31-Jul-26
Parbhani,22,PM10,31-Jul-26
Patiala,35,O3,31-Jul-26
Patna,51,O3,31-Jul-26
Pimpri-Chinchwad,42,"CO, PM10",31-Jul-26
Pithampur,115,PM10,31-Jul-26
Pratapgarh,52,O3,31-Jul-26
Prayagraj,41,"PM10, O3, SO2",31-Jul-26
Puducherry,41,O3,31-Jul-26
Pune,52,CO,31-Jul-26
Purnia,58,CO,31-Jul-26
Raipur,14,"O3, PM10",31-Jul-26
Rairangpur,26,PM10,31-Jul-26
Rajamahendravaram,23,CO,31-Jul-26
Rajkot,68,PM10,31-Jul-26
Rajsamand,91,O3,31-Jul-26
Ramanagara,39,CO,31-Jul-26
Ratlam,35,NO2,31-Jul-26
Rishikesh,37,CO,31-Jul-26
Rohtak,48,PM10,31-Jul-26
Rourkela,37,"PM10, PM2.5",31-Jul-26
Sagar,48,O3,31-Jul-26
Saharsa,40,CO,31-Jul-26
Samastipur,20,PM2.5,31-Jul-26
Sangli,35,PM10,31-Jul-26
Satara,50,PM10,31-Jul-26
Satna,71,PM10,31-Jul-26
Sawai Madhopur,51,PM10,31-Jul-26
Shamli,35,O3,31-Jul-26
Shillong,23,SO2,31-Jul-26
Silchar,49,PM10,31-Jul-26
Siliguri,116,NO2,31-Jul-26
Singrauli,40,PM10,31-Jul-26
Sirohi,64,PM10,31-Jul-26
Sirsa,85,CO,31-Jul-26
Siwan,104,PM10,31-Jul-26
Solapur,44,"O3, PM10",31-Jul-26
Sonipat,132,PM10,31-Jul-26
Sri Ganganagar,126,PM10,31-Jul-26
Srinagar,39,PM10,31-Jul-26
Surat,70,PM10,31-Jul-26
Talcher,60,NO2,31-Jul-26
Tensa,43,NO2,31-Jul-26
Thane,38,PM10,31-Jul-26
Thiruvananthapuram,52,PM10,31-Jul-26
Thoothukudi,66,PM10,31-Jul-26
Thrissur,52,PM10,31-Jul-26
Tirumala,44,PM10,31-Jul-26
Tirupati,60,PM10,31-Jul-26
Tonk,66,PM10,31-Jul-26
Tumakuru,62,PM10,31-Jul-26
Tumidih,73,PM2.5,31-Jul-26
Udaipur,68,PM10,31-Jul-26
Ujjain,49,O3,31-Jul-26
Ulhasnagar,39,PM10,31-Jul-26
Vadodara,69,CO,31-Jul-26
Varanasi,47,"PM10, NO2",31-Jul-26
Vatva,104,PM10,31-Jul-26
Vijayapura,43,PM10,31-Jul-26
Vijayawada,61,PM10,31-Jul-26
Virar,43,PM10,31-Jul-26
Visakhapatnam,92,PM10,31-Jul-26
Vrindavan,31,PM10,31-Jul-26
Yadgir,47,PM10,31-Jul-26
Yamuna Nagar,78,PM10,31-Jul-26
Agartala,34,PM10,30-Jul-26
Agra,78,"PM10, PM2.5",30-Jul-26
Ahmedabad,114,PM10,30-Jul-26
Ahmednagar,52,PM10,30-Jul-26
Aizawl,14,SO2,30-Jul-26
Ajmer,103,PM10,30-Jul-26
Akola,39,PM10,30-Jul-26
Alwar,100,PM10,30-Jul-26
Amaravati,43,PM10,30-Jul-26
Ambala,54,PM2.5,30-Jul-26
Ambernath,99,PM10,30-Jul-26
Amravati,38,PM10,30-Jul-26
Amritsar,91,PM10,30-Jul-26
Anantapur,62,PM10,30-Jul-26
Angul,64,PM10,30-Jul-26
Ankleshwar,78,PM10,30-Jul-26
Araria,47,PM2.5,30-Jul-26
Arrah,53,CO,30-Jul-26
Asansol,50,"SO2, CO, PM10",30-Jul-26
Aurangabad (Maharashtra),68,"CO, PM10",30-Jul-26
Baddi,119,PM10,30-Jul-26
Badlapur,36,CO,30-Jul-26
Bagalkot,51,PM10,30-Jul-26
Baghpat,117,PM10,30-Jul-26
Bahadurgarh,94,PM2.5,30-Jul-26
Balasore,36,CO,30-Jul-26
Ballabgarh,54,PM10,30-Jul-26
Banswara,257,PM10,30-Jul-26
Baran,52,O3,30-Jul-26
Barbil,34,PM10,30-Jul-26
Bareilly,49,"PM10, SO2",30-Jul-26
Baripada,39,O3,30-Jul-26
Barmer,87,PM10,30-Jul-26
Barrackpore,45,PM10,30-Jul-26
Bathinda,85,CO,30-Jul-26
Begusarai,86,PM10,30-Jul-26
Belapur,70,PM10,30-Jul-26
Bengaluru,53,PM10,30-Jul-26
Bettiah,33,CO,30-Jul-26
Bhagalpur,63,PM2.5,30-Jul-26
Bharatpur,46,O3,30-Jul-26
Bhavnagar,60,CO,30-Jul-26
Bhilai,22,"PM10, CO",30-Jul-26
Bhilwara,179,PM10,30-Jul-26
Bhiwadi,98,"PM2.5, PM10",30-Jul-26
Bhiwandi,35,PM10,30-Jul-26
Bhiwani,71,PM2.5,30-Jul-26
Bhopal,41,PM10,30-Jul-26
Bhubaneswar,48,"PM10, CO",30-Jul-26
Bikaner,106,PM10,30-Jul-26
Bilaspur,81,CO,30-Jul-26
Bileipada,55,PM10,30-Jul-26
Boisar,72,PM10,30-Jul-26
Brajrajnagar,43,O3,30-Jul-26
Bulandshahr,67,PM10,30-Jul-26
Bundi,47,PM10,30-Jul-26
Byasanagar,38,CO,30-Jul-26
Byrnihat (Meghalaya),108,PM2.5,30-Jul-26
Chamarajanagar,43,PM10,30-Jul-26
Chandigarh,43,"CO, PM2.5, NO2",30-Jul-26
Chandrapur,52,PM10,30-Jul-26
Charkhi Dadri,174,PM2.5,30-Jul-26
Chennai,87,PM10,30-Jul-26
Chhal,55,PM10,30-Jul-26
Chhapra,87,CO,30-Jul-26
Chikkaballapur,59,PM10,30-Jul-26
Chikkamagaluru,30,PM10,30-Jul-26
Chittoor,65,PM10,30-Jul-26
Chittorgarh,111,PM10,30-Jul-26
Churu,93,PM10,30-Jul-26
Cuddalore,23,SO2,30-Jul-26
Cuttack,46,PM10,30-Jul-26
Damoh,50,SO2,30-Jul-26
Dausa,70,PM10,30-Jul-26
Dehradun,36,PM10,30-Jul-26
Delhi,107,PM10,30-Jul-26
Dewas,80,PM10,30-Jul-26
Dhanbad,107,NO2,30-Jul-26
Dharuhera,92,PM2.5,30-Jul-26
Dharwad,78,PM10,30-Jul-26
Dholpur,118,PM10,30-Jul-26
Dhule,52,PM10,30-Jul-26
Dombivli,32,O3,30-Jul-26
Dungarpur,86,PM10,30-Jul-26
Durgapur,41,"NO2, O3",30-Jul-26
Eluru,61,O3,30-Jul-26
Faridabad,100,"PM2.5, PM10, CO",30-Jul-26
Fatehabad,107,PM10,30-Jul-26
Fatehpur Sikri,36,O3,30-Jul-26
Firozabad,35,"PM10, CO",30-Jul-26
Gajraula,69,PM10,30-Jul-26
Gandhinagar,130,PM10,30-Jul-26
Gaya,51,"PM2.5, SO2, PM10",30-Jul-26
Ghaziabad,90,PM10,30-Jul-26
Greater Noida,157,PM10,30-Jul-26
Gummidipoondi,109,PM2.5,30-Jul-26
Guntur,47,PM2.5,30-Jul-26
Gurugram,188,"PM2.5, PM10",30-Jul-26
Guwahati,49,"PM2.5, SO2",30-Jul-26
Gwalior,50,"PM2.5, PM10, NO2",30-Jul-26
Hajipur,34,O3,30-Jul-26
Haldia,35,PM10,30-Jul-26
Hanumangarh,63,PM10,30-Jul-26
Hapur,57,PM2.5,30-Jul-26
Hingoli,36,PM2.5,30-Jul-26
Hisar,80,PM10,30-Jul-26
Howrah,49,"CO, NO2",30-Jul-26
Hubballi,46,PM10,30-Jul-26
Hyderabad,52,"CO, PM10",30-Jul-26
Indore,53,"PM10, PM2.5",30-Jul-26
Jabalpur,62,"NO2, O3",30-Jul-26
Jaipur,97,"PM10, O3, PM2.5",30-Jul-26
Jaisalmer,84,PM10,30-Jul-26
Jalandhar,55,PM10,30-Jul-26
Jalgaon,50,CO,30-Jul-26
Jalna,27,PM10,30-Jul-26
Jalore,109,PM10,30-Jul-26
Jhalawar,49,PM10,30-Jul-26
Jhansi,50,PM10,30-Jul-26
Jhunjhunu,128,O3,30-Jul-26
Jodhpur,108,PM10,30-Jul-26
Jorapokhar,67,PM10,30-Jul-26
Kadapa,60,PM2.5,30-Jul-26
Kaithal,58,PM10,30-Jul-26
Kakinada,57,PM10,30-Jul-26
Kalaburagi,34,CO,30-Jul-26
Kalyan,69,"PM10, PM2.5",30-Jul-26
Kannur,44,PM10,30-Jul-26
Kanpur,41,"CO, PM10",30-Jul-26
Karauli,38,NO2,30-Jul-26
Karnal,108,O3,30-Jul-26
Karwar,49,PM10,30-Jul-26
Katihar,79,CO,30-Jul-26
Katni,53,PM10,30-Jul-26
Keonjhar,37,PM10,30-Jul-26
Khanna,68,PM10,30-Jul-26
Khora,147,PM2.5,30-Jul-26
Khurja,79,PM10,30-Jul-26
Kishanganj,40,PM2.5,30-Jul-26
Kohima,56,SO2,30-Jul-26
Kolhapur,43,PM10,30-Jul-26
Kolkata,44,"PM10, O3",30-Jul-26
Korba,17,PM10,30-Jul-26
Kota,44,PM10,30-Jul-26
Kunjemura,23,CO,30-Jul-26
Kurukshetra,60,PM10,30-Jul-26
Latur,67,PM10,30-Jul-26
Lucknow,61,PM10,30-Jul-26
Ludhiana,55,PM10,30-Jul-26
Machilipatnam,49,PM2.5,30-Jul-26
Madikeri,13,CO,30-Jul-26
Mahad,59,PM10,30-Jul-26
Maihar,65,PM10,30-Jul-26
Mandideep,95,PM10,30-Jul-26
Mandi Gobindgarh,82,PM10,30-Jul-26
Mandikhera,79,PM10,30-Jul-26
Manesar,86,PM2.5,30-Jul-26
Mathura,67,PM2.5,30-Jul-26
Meerut,87,"PM10, PM2.5",30-Jul-26
Mehsana,82,PM10,30-Jul-26
Milupara,21,NO2,30-Jul-26
Mira-Bhayandar,47,PM10,30-Jul-26
Moradabad,67,"SO2, PM10",30-Jul-26
Motihari,60,O3,30-Jul-26
Mumbai,62,PM10,30-Jul-26
Muzaffarnagar,81,PM10,30-Jul-26
Muzaffarpur,43,"O3, PM2.5, PM10",30-Jul-26
Mysuru,51,PM10,30-Jul-26
Nagaon,53,PM2.5,30-Jul-26
Nagaur,102,PM10,30-Jul-26
Nagpur,33,"CO, PM10",30-Jul-26
Nanded,33,PM10,30-Jul-26
Nandesari,75,PM10,30-Jul-26
Narnaul,93,PM2.5,30-Jul-26
Nashik,53,"PM2.5, PM10",30-Jul-26
Navi Mumbai,57,PM10,30-Jul-26
Nellore,66,PM10,30-Jul-26
Noida,104,PM10,30-Jul-26
Pali,148,PM10,30-Jul-26
Palwal,83,PM10,30-Jul-26
Pampore,70,PM10,30-Jul-26
Panchgaon,47,PM2.5,30-Jul-26
Panchkula,42,O3,30-Jul-26
Panipat,126,PM10,30-Jul-26
Parbhani,27,NO2,30-Jul-26
Patiala,41,PM10,30-Jul-26
Patna,56,"PM10, O3",30-Jul-26
Pimpri-Chinchwad,72,PM10,30-Jul-26
Pithampur,101,PM10,30-Jul-26
Pratapgarh,61,PM10,30-Jul-26
Prayagraj,64,"PM10, O3, SO2",30-Jul-26
Puducherry,37,O3,30-Jul-26
Pune,65,"PM10, CO",30-Jul-26
Purnia,58,CO,30-Jul-26
Raebareli,48,CO,30-Jul-26
Raipur,18,"PM10, NO2",30-Jul-26
Rairangpur,22,PM10,30-Jul-26
Rajamahendravaram,52,O3,30-Jul-26
Rajkot,66,PM10,30-Jul-26
Rajsamand,99,PM10,30-Jul-26
Ramanagara,42,PM10,30-Jul-26
Ratlam,46,PM2.5,30-Jul-26
Rishikesh,37,CO,30-Jul-26
Rohtak,61,PM10,30-Jul-26
Rourkela,46,"PM2.5, CO",30-Jul-26
Sagar,61,PM10,30-Jul-26
Saharsa,39,CO,30-Jul-26
Samastipur,37,PM2.5,30-Jul-26
Sangli,48,PM10,30-Jul-26
Satara,68,PM10,30-Jul-26
Satna,70,PM10,30-Jul-26
Sawai Madhopur,47,PM10,30-Jul-26
Shamli,89,CO,30-Jul-26
Shillong,24,SO2,30-Jul-26
Sikar,140,PM10,30-Jul-26
Silchar,50,PM10,30-Jul-26
Siliguri,115,NO2,30-Jul-26
Singrauli,48,PM10,30-Jul-26
Sirohi,91,PM10,30-Jul-26
Sirsa,97,PM10,30-Jul-26
Solapur,54,"PM10, O3",30-Jul-26
Sri Ganganagar,178,PM10,30-Jul-26
Srinagar,52,PM10,30-Jul-26
Surat,92,PM10,30-Jul-26
Talcher,66,NO2,30-Jul-26
Tensa,128,NO2,30-Jul-26
Thane,52,PM10,30-Jul-26
Thiruvananthapuram,55,PM10,30-Jul-26
Thoothukudi,66,PM10,30-Jul-26
Thrissur,47,PM10,30-Jul-26
Tirumala,85,PM10,30-Jul-26
Tonk,52,PM10,30-Jul-26
Tumakuru,62,PM10,30-Jul-26
Tumidih,38,O3,30-Jul-26
Udaipur,87,PM10,30-Jul-26
Ujjain,65,PM2.5,30-Jul-26
Ulhasnagar,55,PM10,30-Jul-26
Vadodara,90,PM10,30-Jul-26
Vapi,49,PM10,30-Jul-26
Varanasi,47,"PM10, NO2",30-Jul-26
Vatva,118,PM10,30-Jul-26
Vijayapura,43,PM10,30-Jul-26
Vijayawada,58,PM10,30-Jul-26
Virar,48,PM10,30-Jul-26
Visakhapatnam,109,PM10,30-Jul-26
Vrindavan,33,PM10,30-Jul-26
Yamuna Nagar,90,PM10,30-Jul-26
Agartala,44,PM10,29-Jul-26
Agra,64,"PM2.5, PM10, SO2",29-Jul-26
Ahmedabad,95,"PM10, CO",29-Jul-26
Ahmednagar,42,PM10,29-Jul-26
Aizawl,14,SO2,29-Jul-26
Ajmer,83,PM10,29-Jul-26
Akola,38,PM10,29-Jul-26
Alwar,84,PM10,29-Jul-26
Amaravati,46,PM10,29-Jul-26
Ambala,55,SO2,29-Jul-26
Ambernath,103,PM10,29-Jul-26
Amravati,38,PM10,29-Jul-26
Amritsar,46,PM10,29-Jul-26
Anantapur,69,PM10,29-Jul-26
Angul,52,CO,29-Jul-26
Araria,48,PM2.5,29-Jul-26
Arrah,68,PM2.5,29-Jul-26
Asansol,49,"SO2, CO, PM10",29-Jul-26
Aurangabad (Maharashtra),64,"PM10, CO",29-Jul-26
Baddi,112,PM10,29-Jul-26
Badlapur,37,CO,29-Jul-26
Bagalkot,51,PM10,29-Jul-26
Baghpat,59,PM10,29-Jul-26
Bahadurgarh,65,PM2.5,29-Jul-26
Balasore,40,O3,29-Jul-26
Ballabgarh,50,PM2.5,29-Jul-26
Banswara,175,PM10,29-Jul-26
Baran,74,O3,29-Jul-26
Barbil,28,O3,29-Jul-26
Bareilly,46,"PM10, SO2",29-Jul-26
Baripada,40,O3,29-Jul-26
Barmer,86,PM10,29-Jul-26
Barrackpore,42,PM10,29-Jul-26
Bathinda,167,PM10,29-Jul-26
Beed,28,PM2.5,29-Jul-26
Begusarai,62,PM10,29-Jul-26
Belapur,68,PM10,29-Jul-26
Bengaluru,60,PM10,29-Jul-26
Bettiah,167,PM2.5,29-Jul-26
Bhagalpur,34,CO,29-Jul-26
Bharatpur,49,O3,29-Jul-26
Bhavnagar,59,CO,29-Jul-26
Bhilai,18,"CO, NO2, O3",29-Jul-26
Bhilwara,70,PM10,29-Jul-26
Bhiwadi,99,"PM10, PM2.5",29-Jul-26
Bhiwani,36,PM2.5,29-Jul-26
Bhopal,64,PM10,29-Jul-26
Bhubaneswar,48,"CO, O3",29-Jul-26
Bikaner,86,PM10,29-Jul-26
Bilaspur,39,CO,29-Jul-26
Bileipada,28,PM10,29-Jul-26
Boisar,65,PM10,29-Jul-26
Brajrajnagar,42,O3,29-Jul-26
Bulandshahr,40,PM10,29-Jul-26
Bundi,55,PM10,29-Jul-26
Byasanagar,46,O3,29-Jul-26
Byrnihat (Assam),90,CO,29-Jul-26
Byrnihat (Meghalaya),69,PM2.5,29-Jul-26
Chamarajanagar,39,PM10,29-Jul-26
Chandigarh,44,"CO, PM10",29-Jul-26
Chandrapur,43,"PM10, PM2.5",29-Jul-26
Charkhi Dadri,69,PM2.5,29-Jul-26
Chennai,84,PM10,29-Jul-26
Chhal,48,O3,29-Jul-26
Chhapra,86,CO,29-Jul-26
Chikkaballapur,59,PM10,29-Jul-26
Chikkamagaluru,33,PM10,29-Jul-26
Chittoor,63,PM10,29-Jul-26
Chittorgarh,71,PM10,29-Jul-26
Churu,45,PM10,29-Jul-26
Cuddalore,41,"PM10, SO2",29-Jul-26
Cuttack,57,CO,29-Jul-26
Damoh,52,SO2,29-Jul-26
Dausa,62,PM10,29-Jul-26
Davanagere,30,PM2.5,29-Jul-26
Dehradun,32,PM10,29-Jul-26
Delhi,96,"PM2.5, O3",29-Jul-26
Dewas,88,PM10,29-Jul-26
Dhanbad,116,NO2,29-Jul-26
Dharuhera,93,PM2.5,29-Jul-26
Dharwad,74,PM10,29-Jul-26
Dholpur,173,PM2.5,29-Jul-26
Dhule,67,PM10,29-Jul-26
Dombivli,32,O3,29-Jul-26
Dungarpur,78,PM10,29-Jul-26
Durgapur,39,"NO2, O3",29-Jul-26
Eluru,62,PM2.5,29-Jul-26
Faridabad,96,"PM2.5, PM10, CO",29-Jul-26
Fatehabad,124,PM10,29-Jul-26
Fatehpur Sikri,29,PM10,29-Jul-26
Firozabad,31,PM10,29-Jul-26
Gadag,28,PM10,29-Jul-26
Gajraula,59,PM10,29-Jul-26
Gandhinagar,114,PM10,29-Jul-26
Gangtok,16,PM2.5,29-Jul-26
Gaya,39,"CO, PM10",29-Jul-26
Ghaziabad,98,"PM10, PM2.5",29-Jul-26
Gorakhpur,63,PM10,29-Jul-26
Greater Noida,94,PM10,29-Jul-26
Gummidipoondi,106,PM10,29-Jul-26
Guntur,48,PM2.5,29-Jul-26
Gurugram,114,"PM2.5, CO",29-Jul-26
Guwahati,125,"PM10, PM2.5, SO2",29-Jul-26
Gwalior,53,"O3, CO, NO2",29-Jul-26
Hajipur,48,O3,29-Jul-26
Haldia,34,PM10,29-Jul-26
Hanumangarh,64,O3,29-Jul-26
Hapur,39,PM10,29-Jul-26
Hingoli,44,PM10,29-Jul-26
Hisar,66,NO2,29-Jul-26
Howrah,47,"CO, O3, NO2",29-Jul-26
Hubballi,48,PM10,29-Jul-26
Hyderabad,49,"CO, PM10",29-Jul-26
Indore,49,"PM10, PM2.5",29-Jul-26
Jabalpur,54,"NO2, O3",29-Jul-26
Jaipur,69,"CO, O3, PM10",29-Jul-26
Jaisalmer,144,PM10,29-Jul-26
Jalandhar,64,PM10,29-Jul-26
Jalna,40,PM10,29-Jul-26
Jalore,97,PM10,29-Jul-26
Jhalawar,59,PM10,29-Jul-26
Jhansi,41,PM10,29-Jul-26
Jhunjhunu,99,O3,29-Jul-26
Jind,39,PM2.5,29-Jul-26
Jodhpur,103,PM10,29-Jul-26
Jorapokhar,81,PM10,29-Jul-26
Kaithal,99,O3,29-Jul-26
Kakinada,61,PM10,29-Jul-26
Kalaburagi,37,O3,29-Jul-26
Kalyan,68,"PM10, PM2.5",29-Jul-26
Kanpur,43,"CO, PM10",29-Jul-26
Karauli,41,NO2,29-Jul-26
Karnal,56,PM10,29-Jul-26
Karwar,51,PM10,29-Jul-26
Katihar,82,CO,29-Jul-26
Katni,43,PM10,29-Jul-26
Keonjhar,35,CO,29-Jul-26
Khanna,67,PM10,29-Jul-26
Khora,102,CO,29-Jul-26
Khurja,65,PM10,29-Jul-26
Kishanganj,44,PM2.5,29-Jul-26
Kohima,57,SO2,29-Jul-26
Kolhapur,34,PM10,29-Jul-26
Kolkata,46,"PM10, O3",29-Jul-26
Korba,24,"SO2, PM10",29-Jul-26
Kota,44,"O3, PM10, NO2",29-Jul-26
Kunjemura,23,CO,29-Jul-26
Kurnool,43,PM10,29-Jul-26
Kurukshetra,45,PM2.5,29-Jul-26
Latur,43,PM10,29-Jul-26
Lucknow,59,"PM10, O3",29-Jul-26
Ludhiana,51,PM10,29-Jul-26
Machilipatnam,65,PM2.5,29-Jul-26
Mahad,45,PM10,29-Jul-26
Maihar,16,PM2.5,29-Jul-26
Mandideep,85,PM10,29-Jul-26
Mandi Gobindgarh,106,PM10,29-Jul-26
Mandikhera,79,PM10,29-Jul-26
Manesar,50,PM2.5,29-Jul-26
Mangalore,60,PM10,29-Jul-26
Manguraha,141,PM10,29-Jul-26
Meerut,73,"PM10, PM2.5",29-Jul-26
Mehsana,94,PM10,29-Jul-26
Mira-Bhayandar,47,PM10,29-Jul-26
Moradabad,53,"SO2, CO, PM2.5",29-Jul-26
Mumbai,62,PM10,29-Jul-26
Munger,50,PM10,29-Jul-26
Muzaffarnagar,49,PM10,29-Jul-26
Muzaffarpur,44,"PM2.5, O3, PM10",29-Jul-26
Mysuru,49,PM10,29-Jul-26
Nagaon,51,PM2.5,29-Jul-26
Nagaur,83,PM10,29-Jul-26
Nagpur,31,"CO, PM10, PM2.5",29-Jul-26
Naharlagun,36,PM10,29-Jul-26
Nanded,35,PM10,29-Jul-26
Nandesari,77,PM10,29-Jul-26
Narnaul,62,PM2.5,29-Jul-26
Nashik,47,PM10,29-Jul-26
Navi Mumbai,52,PM10,29-Jul-26
Nellore,75,PM10,29-Jul-26
Noida,107,"O3, PM10",29-Jul-26
Pali,153,PM10,29-Jul-26
Palwal,76,CO,29-Jul-26
Panchgaon,47,O3,29-Jul-26
Panchkula,41,O3,29-Jul-26
Parbhani,25,NO2,29-Jul-26
Patna,59,"PM10, O3",29-Jul-26
Pimpri-Chinchwad,48,"PM10, CO",29-Jul-26
Pithampur,102,PM10,29-Jul-26
Pratapgarh,81,PM10,29-Jul-26
Prayagraj,77,"PM10, SO2, O3",29-Jul-26
Puducherry,40,O3,29-Jul-26
Pune,59,"CO, PM10",29-Jul-26
Purnia,58,CO,29-Jul-26
Raebareli,49,CO,29-Jul-26
Raipur,37,"PM10, CO",29-Jul-26
Rairangpur,19,CO,29-Jul-26
Rajamahendravaram,30,PM10,29-Jul-26
Rajgir,47,PM2.5,29-Jul-26
Rajkot,65,PM10,29-Jul-26
Rajsamand,85,PM10,29-Jul-26
Ramanagara,42,PM10,29-Jul-26
Rishikesh,37,CO,29-Jul-26
Rohtak,47,PM10,29-Jul-26
Rourkela,53,"PM2.5, CO",29-Jul-26
Rupnagar,77,PM2.5,29-Jul-26
Sagar,46,O3,29-Jul-26
Saharsa,60,PM10,29-Jul-26
Samastipur,26,PM2.5,29-Jul-26
Sangli,33,PM10,29-Jul-26
Satara,64,PM10,29-Jul-26
Satna,70,PM10,29-Jul-26
Sawai Madhopur,37,PM10,29-Jul-26
Shamli,48,CO,29-Jul-26
Shillong,23,SO2,29-Jul-26
Sikar,60,PM10,29-Jul-26
Silchar,51,PM10,29-Jul-26
Siliguri,117,NO2,29-Jul-26
Singrauli,47,SO2,29-Jul-26
Sirohi,106,PM10,29-Jul-26
Sirsa,83,CO,29-Jul-26
Siwan,105,PM10,29-Jul-26
Solapur,37,PM10,29-Jul-26
Sri Ganganagar,68,PM10,29-Jul-26
Srikakulam,42,PM10,29-Jul-26
Srinagar,45,PM10,29-Jul-26
Suakati,28,PM10,29-Jul-26
Surat,106,PM10,29-Jul-26
Tensa,124,NO2,29-Jul-26
Thane,63,PM10,29-Jul-26
Thiruvananthapuram,51,PM10,29-Jul-26
Thoothukudi,65,PM10,29-Jul-26
Thrissur,51,PM10,29-Jul-26
Tirumala,42,PM10,29-Jul-26
Tonk,38,O3,29-Jul-26
Tumakuru,63,PM10,29-Jul-26
Tumidih,38,O3,29-Jul-26
Udaipur,101,PM10,29-Jul-26
Ujjain,74,PM10,29-Jul-26
Ulhasnagar,54,PM10,29-Jul-26
Vadodara,92,PM10,29-Jul-26
Vapi,42,PM10,29-Jul-26
Varanasi,48,PM10,29-Jul-26
Vijayapura,43,PM10,29-Jul-26
Vijayawada,54,"PM2.5, PM10",29-Jul-26
Virar,51,PM10,29-Jul-26
Visakhapatnam,80,PM10,29-Jul-26
Vrindavan,55,SO2,29-Jul-26
Yadgir,50,CO,29-Jul-26
Yamuna Nagar,90,PM10,29-Jul-26
Agartala,41,PM10,28-Jul-26
Agra,70,"PM2.5, PM10, SO2",28-Jul-26
Ahmedabad,79,"CO, PM10",28-Jul-26
Ahmednagar,47,PM10,28-Jul-26
Aizawl,14,SO2,28-Jul-26
Ajmer,80,PM10,28-Jul-26
Akola,32,PM10,28-Jul-26
Alwar,89,PM10,28-Jul-26
Amaravati,46,PM10,28-Jul-26
Ambala,84,PM10,28-Jul-26
Ambernath,78,PM10,28-Jul-26
Amravati,38,PM10,28-Jul-26
Amritsar,76,PM10,28-Jul-26
Anantapur,70,PM10,28-Jul-26
Angul,55,CO,28-Jul-26
Araria,48,PM2.5,28-Jul-26
Arrah,59,PM10,28-Jul-26
Asansol,48,"SO2, CO",28-Jul-26
Aurangabad (Maharashtra),54,"PM10, PM2.5",28-Jul-26
Baddi,130,PM10,28-Jul-26
Badlapur,38,CO,28-Jul-26
Bagalkot,51,PM10,28-Jul-26
Baghpat,81,PM10,28-Jul-26
Bahadurgarh,73,PM2.5,28-Jul-26
Balasore,41,CO,28-Jul-26
Ballabgarh,52,PM10,28-Jul-26
Banswara,230,PM10,28-Jul-26
Baran,64,O3,28-Jul-26
Barbil,22,O3,28-Jul-26
Bareilly,41,"PM10, O3",28-Jul-26
Baripada,19,O3,28-Jul-26
Barmer,50,PM2.5,28-Jul-26
Barrackpore,39,CO,28-Jul-26
Bathinda,84,CO,28-Jul-26
Beed,21,PM2.5,28-Jul-26
Begusarai,45,PM10,28-Jul-26
Belapur,40,PM10,28-Jul-26
Bengaluru,49,PM10,28-Jul-26
Bhagalpur,42,PM2.5,28-Jul-26
Bharatpur,51,O3,28-Jul-26
Bhavnagar,59,CO,28-Jul-26
Bhilai,21,"PM10, CO, O3",28-Jul-26
Bhilwara,76,PM10,28-Jul-26
Bhiwadi,98,"PM2.5, PM10",28-Jul-26
Bhiwani,34,PM2.5,28-Jul-26
Bhopal,39,PM10,28-Jul-26
Bhubaneswar,42,"CO, O3",28-Jul-26
Bikaner,79,PM10,28-Jul-26
Bilaspur,25,CO,28-Jul-26
Bileipada,46,PM10,28-Jul-26
Boisar,61,PM10,28-Jul-26
Brajrajnagar,44,O3,28-Jul-26
Bulandshahr,45,PM10,28-Jul-26
Bundi,45,PM10,28-Jul-26
Byasanagar,60,PM2.5,28-Jul-26
Byrnihat (Assam),90,PM2.5,28-Jul-26
Byrnihat (Meghalaya),168,PM2.5,28-Jul-26
Chandigarh,49,"CO, PM2.5",28-Jul-26
Chandrapur,40,"CO, PM10",28-Jul-26
Charkhi Dadri,138,PM2.5,28-Jul-26
Chennai,79,PM10,28-Jul-26
Chikkaballapur,43,PM10,28-Jul-26
Chikkamagaluru,34,CO,28-Jul-26
Chittorgarh,56,PM10,28-Jul-26
Churu,46,O3,28-Jul-26
Cuddalore,38,"PM10, SO2",28-Jul-26
Cuttack,37,O3,28-Jul-26
Damoh,50,SO2,28-Jul-26
Dausa,102,PM10,28-Jul-26
Davanagere,49,CO,28-Jul-26
Delhi,66,PM10,28-Jul-26
Dewas,61,PM10,28-Jul-26
Dhanbad,105,NO2,28-Jul-26
Dharwad,76,PM10,28-Jul-26
Dholpur,117,PM2.5,28-Jul-26
Dhule,55,PM10,28-Jul-26
Dombivli,30,O3,28-Jul-26
Dungarpur,75,PM10,28-Jul-26
Durgapur,38,"NO2, O3",28-Jul-26
Eluru,59,PM10,28-Jul-26
Faridabad,117,"PM2.5, PM10",28-Jul-26
Fatehabad,115,PM10,28-Jul-26
Fatehpur Sikri,19,O3,28-Jul-26
Firozabad,37,"CO, PM10",28-Jul-26
Gadag,29,PM10,28-Jul-26
Gandhinagar,94,PM10,28-Jul-26
Gangtok,22,PM2.5,28-Jul-26
Gaya,79,"CO, PM2.5, PM10",28-Jul-26
Ghaziabad,70,"CO, PM10",28-Jul-26
Gorakhpur,61,PM10,28-Jul-26
Greater Noida,78,PM10,28-Jul-26
Gummidipoondi,128,PM2.5,28-Jul-26
Guntur,48,PM10,28-Jul-26
Gurugram,111,PM2.5,28-Jul-26
Guwahati,115,"PM10, PM2.5",28-Jul-26
Gwalior,56,"PM10, CO, O3",28-Jul-26
Hajipur,55,PM2.5,28-Jul-26
Haldia,28,O3,28-Jul-26
Hanumangarh,71,O3,28-Jul-26
Hapur,42,PM10,28-Jul-26
Hisar,79,SO2,28-Jul-26
Howrah,45,"CO, NO2",28-Jul-26
Hubballi,53,PM10,28-Jul-26
Hyderabad,38,"PM10, CO, NO2",28-Jul-26
Indore,39,"PM10, CO",28-Jul-26
Jabalpur,47,"NO2, O3",28-Jul-26
Jaipur,75,"PM10, O3",28-Jul-26
Jaisalmer,96,PM10,28-Jul-26
Jalandhar,60,PM10,28-Jul-26
Jalgaon,40,PM10,28-Jul-26
Jalna,36,PM10,28-Jul-26
Jalore,85,PM10,28-Jul-26
Jhalawar,54,PM10,28-Jul-26
Jhansi,68,PM10,28-Jul-26
Jhunjhunu,94,O3,28-Jul-26
Jodhpur,92,PM10,28-Jul-26
Jorapokhar,69,PM10,28-Jul-26
Kaithal,66,PM10,28-Jul-26
Kakinada,44,PM10,28-Jul-26
Kalyan,63,PM2.5,28-Jul-26
Kanpur,50,"PM10, CO",28-Jul-26
Karauli,34,NO2,28-Jul-26
Karnal,69,PM10,28-Jul-26
Karwar,44,PM10,28-Jul-26
Katihar,87,CO,28-Jul-26
Katni,45,PM10,28-Jul-26
Keonjhar,36,CO,28-Jul-26
Khanna,65,PM10,28-Jul-26
Khora,119,PM2.5,28-Jul-26
Khurja,63,PM10,28-Jul-26
Kishanganj,42,PM2.5,28-Jul-26
Kohima,57,SO2,28-Jul-26
Kolhapur,35,PM10,28-Jul-26
Kolkata,49,"PM10, O3, CO",28-Jul-26
Korba,18,"SO2, PM10",28-Jul-26
Kota,42,PM10,28-Jul-26
Kunjemura,24,CO,28-Jul-26
Kurukshetra,60,PM10,28-Jul-26
Latur,32,PM10,28-Jul-26
Lucknow,63,"PM2.5, O3, PM10",28-Jul-26
Ludhiana,97,PM2.5,28-Jul-26
Machilipatnam,47,PM10,28-Jul-26
Madikeri,14,CO,28-Jul-26
Mahad,33,CO,28-Jul-26
Maihar,111,PM10,28-Jul-26
Malegaon,66,PM10,28-Jul-26
Mandideep,53,PM10,28-Jul-26
Mandi Gobindgarh,117,PM10,28-Jul-26
Mandikhera,79,PM10,28-Jul-26
Manesar,62,PM2.5,28-Jul-26
Mangalore,48,PM10,28-Jul-26
Mathura,53,PM2.5,28-Jul-26
Meerut,56,"PM10, PM2.5",28-Jul-26
Mehsana,82,PM10,28-Jul-26
Modinagar,46,PM2.5,28-Jul-26
Moradabad,40,"CO, PM10, PM2.5",28-Jul-26
Mumbai,64,"NO2, PM10",28-Jul-26
Munger,48,PM10,28-Jul-26
Muzaffarnagar,51,PM2.5,28-Jul-26
Muzaffarpur,49,"O3, PM10, CO",28-Jul-26
Mysuru,45,PM10,28-Jul-26
Nagaon,61,PM2.5,28-Jul-26
Nagaur,93,PM10,28-Jul-26
Nagpur,45,"PM2.5, PM10",28-Jul-26
Naharlagun,42,PM10,28-Jul-26
Nalbari,57,PM2.5,28-Jul-26
Nandesari,47,PM10,28-Jul-26
Narnaul,105,PM2.5,28-Jul-26
Nashik,43,"PM10, CO",28-Jul-26
Navi Mumbai,40,"CO, PM10, O3",28-Jul-26
Nellore,63,PM10,28-Jul-26
Noida,93,"O3, PM10",28-Jul-26
Pali,150,PM2.5,28-Jul-26
Palwal,52,PM10,28-Jul-26
Panchgaon,35,PM2.5,28-Jul-26
Panchkula,56,PM2.5,28-Jul-26
Panipat,139,PM10,28-Jul-26
Parbhani,23,NO2,28-Jul-26
Patiala,48,PM10,28-Jul-26
Patna,68,"PM10, O3",28-Jul-26
Pimpri-Chinchwad,33,PM10,28-Jul-26
Pithampur,67,PM10,28-Jul-26
Pratapgarh,51,PM10,28-Jul-26
Prayagraj,42,"SO2, PM10",28-Jul-26
Puducherry,41,O3,28-Jul-26
Pune,47,"CO, PM10",28-Jul-26
Purnia,57,CO,28-Jul-26
Raebareli,500,PM10,28-Jul-26
Raipur,30,"PM10, CO",28-Jul-26
Rairangpur,22,PM10,28-Jul-26
Rajamahendravaram,51,O3,28-Jul-26
Rajgir,51,O3,28-Jul-26
Rajkot,56,PM10,28-Jul-26
Rajsamand,54,O3,28-Jul-26
Ramanagara,40,PM10,28-Jul-26
Rishikesh,37,CO,28-Jul-26
Rohtak,45,PM10,28-Jul-26
Rourkela,56,PM2.5,28-Jul-26
Rupnagar,63,PM2.5,28-Jul-26
Sagar,49,O3,28-Jul-26
Saharsa,48,PM2.5,28-Jul-26
Samastipur,40,PM2.5,28-Jul-26
Sangli,35,PM10,28-Jul-26
Satara,35,PM10,28-Jul-26
Satna,70,PM10,28-Jul-26
Sawai Madhopur,47,CO,28-Jul-26
Shamli,50,CO,28-Jul-26
Shillong,26,PM10,28-Jul-26
Sikar,59,PM10,28-Jul-26
Silchar,53,PM10,28-Jul-26
Siliguri,115,NO2,28-Jul-26
Singrauli,45,NO2,28-Jul-26
Sirohi,87,PM10,28-Jul-26
Sirsa,84,CO,28-Jul-26
Sivasagar,50,O3,28-Jul-26
Siwan,105,PM10,28-Jul-26
Solapur,34,"O3, PM10",28-Jul-26
Sonipat,187,PM10,28-Jul-26
Srikakulam,44,PM2.5,28-Jul-26
Srinagar,56,PM10,28-Jul-26
Suakati,37,PM10,28-Jul-26
Surat,75,PM10,28-Jul-26
Thane,47,PM10,28-Jul-26
Thiruvananthapuram,51,PM10,28-Jul-26
Thoothukudi,65,PM10,28-Jul-26
Tirupati,61,PM10,28-Jul-26
Tonk,86,PM10,28-Jul-26
Udaipur,59,PM10,28-Jul-26
Ujjain,51,PM10,28-Jul-26
Ulhasnagar,36,PM10,28-Jul-26
Vadodara,69,CO,28-Jul-26
Vapi,46,PM10,28-Jul-26
Varanasi,64,PM10,28-Jul-26
Vijayapura,43,PM10,28-Jul-26
Vijayawada,56,"PM2.5, PM10",28-Jul-26
Virar,46,PM10,28-Jul-26
Visakhapatnam,66,NO2,28-Jul-26
Vrindavan,52,PM2.5,28-Jul-26
Yadgir,55,CO,28-Jul-26
Yamuna Nagar,87,PM10,28-Jul-26
Agartala,37,PM10,27-Jul-26
Agra,85,"PM10, PM2.5",27-Jul-26
Ahmedabad,62,PM10,27-Jul-26
Ahmednagar,48,PM10,27-Jul-26
Aizawl,14,SO2,27-Jul-26
Ajmer,53,PM10,27-Jul-26
Akola,31,PM10,27-Jul-26
Alwar,96,PM10,27-Jul-26
Amaravati,32,PM10,27-Jul-26
Ambala,66,SO2,27-Jul-26
Ambernath,61,PM10,27-Jul-26
Amravati,41,PM10,27-Jul-26
Amritsar,62,PM10,27-Jul-26
Anantapur,64,PM10,27-Jul-26
Angul,59,PM10,27-Jul-26
Ankleshwar,63,PM10,27-Jul-26
Araria,47,PM2.5,27-Jul-26
Arrah,62,PM10,27-Jul-26
Asansol,48,"SO2, CO, O3",27-Jul-26
Aurangabad (Maharashtra),43,"PM2.5, PM10",27-Jul-26
Baddi,94,PM10,27-Jul-26
Badlapur,49,CO,27-Jul-26
Bagalkot,51,PM10,27-Jul-26
Baghpat,112,PM10,27-Jul-26
Bahadurgarh,123,PM2.5,27-Jul-26
Balasore,53,O3,27-Jul-26
Ballabgarh,101,PM10,27-Jul-26
Banswara,116,PM10,27-Jul-26
Baran,72,O3,27-Jul-26
Barbil,50,PM10,27-Jul-26
Bareilly,46,SO2,27-Jul-26
Baripada,30,O3,27-Jul-26
Barmer,43,PM10,27-Jul-26
Barrackpore,40,CO,27-Jul-26
Bathinda,99,PM10,27-Jul-26
Beed,25,PM2.5,27-Jul-26
Belapur,36,PM10,27-Jul-26
Bengaluru,51,PM10,27-Jul-26
Bhagalpur,64,PM2.5,27-Jul-26
Bharatpur,55,O3,27-Jul-26
Bhavnagar,58,CO,27-Jul-26
Bhilai,24,"PM10, CO",27-Jul-26
Bhilwara,69,PM10,27-Jul-26
Bhiwadi,83,PM10,27-Jul-26
Bhiwandi,42,PM10,27-Jul-26
Bhiwani,52,PM2.5,27-Jul-26
Bhopal,50,PM10,27-Jul-26
Bhubaneswar,58,PM2.5,27-Jul-26
Bikaner,63,PM10,27-Jul-26
Bilaspur,38,CO,27-Jul-26
Bileipada,55,PM2.5,27-Jul-26
Boisar,49,PM10,27-Jul-26
Brajrajnagar,44,O3,27-Jul-26
Bulandshahr,105,PM10,27-Jul-26
Bundi,57,PM10,27-Jul-26
Buxar,58,PM2.5,27-Jul-26
Byasanagar,84,PM2.5,27-Jul-26
Byrnihat (Assam),74,PM2.5,27-Jul-26
Byrnihat (Meghalaya),192,PM2.5,27-Jul-26
Chamarajanagar,39,PM10,27-Jul-26
Chandigarh,52,"O3, CO",27-Jul-26
Chandrapur,44,"PM10, CO",27-Jul-26
Charkhi Dadri,56,PM2.5,27-Jul-26
Chennai,68,PM10,27-Jul-26
Chhapra,90,CO,27-Jul-26
Chikkaballapur,36,PM10,27-Jul-26
Chikkamagaluru,31,PM10,27-Jul-26
Chittoor,62,PM10,27-Jul-26
Chittorgarh,46,PM10,27-Jul-26
Churu,49,PM10,27-Jul-26
Cuddalore,23,SO2,27-Jul-26
Cuttack,68,PM10,27-Jul-26
Dausa,89,PM10,27-Jul-26
Dehradun,40,PM10,27-Jul-26
Delhi,101,PM10,27-Jul-26
Dewas,83,PM10,27-Jul-26
Dhanbad,110,NO2,27-Jul-26
Dharuhera,83,PM2.5,27-Jul-26
Dharwad,74,PM10,27-Jul-26
Dholpur,38,PM10,27-Jul-26
Dhule,57,PM10,27-Jul-26
Dungarpur,56,PM10,27-Jul-26
Durgapur,42,"NO2, O3, PM10",27-Jul-26
Eluru,59,PM10,27-Jul-26
Faridabad,111,PM10,27-Jul-26
Fatehabad,185,PM10,27-Jul-26
Fatehpur Sikri,34,O3,27-Jul-26
Firozabad,48,"PM10, CO",27-Jul-26
Gadag,32,PM10,27-Jul-26
Gandhinagar,61,PM10,27-Jul-26
Gangtok,20,PM2.5,27-Jul-26
Gaya,69,PM10,27-Jul-26
Ghaziabad,119,"PM10, PM2.5",27-Jul-26
Gorakhpur,69,PM10,27-Jul-26
Greater Noida,155,PM10,27-Jul-26
Gummidipoondi,84,PM10,27-Jul-26
Guntur,46,PM2.5,27-Jul-26
Gurugram,96,"PM2.5, PM10",27-Jul-26
Guwahati,45,"PM2.5, SO2",27-Jul-26
Gwalior,49,O3,27-Jul-26
Hajipur,54,PM2.5,27-Jul-26
Haldia,31,CO,27-Jul-26
Hanumangarh,68,O3,27-Jul-26
Hisar,90,SO2,27-Jul-26
Howrah,53,"CO, NO2",27-Jul-26
Hyderabad,39,"PM10, CO",27-Jul-26
Indore,48,"PM10, SO2",27-Jul-26
Jabalpur,56,"NO2, PM10",27-Jul-26
Jaipur,65,"O3, PM10",27-Jul-26
Jaisalmer,66,PM10,27-Jul-26
Jalandhar,64,PM10,27-Jul-26
Jalgaon,29,PM10,27-Jul-26
Jalna,30,O3,27-Jul-26
Jalore,45,PM10,27-Jul-26
Jhalawar,94,PM10,27-Jul-26
Jhansi,59,PM10,27-Jul-26
Jhunjhunu,78,O3,27-Jul-26
Jind,61,PM10,27-Jul-26
Jodhpur,65,PM10,27-Jul-26
Jorapokhar,96,PM10,27-Jul-26
Kadapa,61,PM10,27-Jul-26
Kaithal,52,PM10,27-Jul-26
Kalyan,58,"PM2.5, PM10",27-Jul-26
Kanpur,52,"PM2.5, PM10",27-Jul-26
Karauli,43,NO2,27-Jul-26
Karnal,99,PM10,27-Jul-26
Karwar,40,CO,27-Jul-26
Kashipur,59,PM2.5,27-Jul-26
Katihar,90,CO,27-Jul-26
Katni,62,PM10,27-Jul-26
Keonjhar,38,PM10,27-Jul-26
Khanna,70,PM10,27-Jul-26
Khora,198,PM2.5,27-Jul-26
Khurja,66,PM10,27-Jul-26
Kishanganj,48,PM2.5,27-Jul-26
Kohima,55,SO2,27-Jul-26
Kolhapur,32,PM10,27-Jul-26
Kolkata,45,"PM10, O3, CO",27-Jul-26
Korba,22,"PM10, PM2.5",27-Jul-26
Kota,47,PM10,27-Jul-26
Kunjemura,67,PM10,27-Jul-26
Kurnool,45,PM10,27-Jul-26
Kurukshetra,64,PM10,27-Jul-26
Latur,32,PM10,27-Jul-26
Lucknow,84,"PM2.5, PM10, O3",27-Jul-26
Ludhiana,68,PM10,27-Jul-26
Machilipatnam,55,PM10,27-Jul-26
Madikeri,13,CO,27-Jul-26
Mahad,37,PM10,27-Jul-26
Maihar,77,PM10,27-Jul-26
Malegaon,51,PM10,27-Jul-26
Mandideep,74,PM10,27-Jul-26
Mandi Gobindgarh,136,PM10,27-Jul-26
Mandikhera,78,PM10,27-Jul-26
Manesar,79,PM2.5,27-Jul-26
Mangalore,48,PM10,27-Jul-26
Meerut,150,"PM2.5, PM10",27-Jul-26
Mehsana,50,CO,27-Jul-26
Mira-Bhayandar,35,PM10,27-Jul-26
Moradabad,76,PM10,27-Jul-26
Motihari,60,O3,27-Jul-26
Mumbai,61,"NO2, PM10",27-Jul-26
Muzaffarnagar,114,PM2.5,27-Jul-26
Muzaffarpur,45,"PM2.5, O3, PM10",27-Jul-26
Mysuru,45,PM10,27-Jul-26
Nagaon,56,PM2.5,27-Jul-26
Nagaur,61,PM10,27-Jul-26
Nagpur,51,"PM10, CO",27-Jul-26
Naharlagun,38,PM10,27-Jul-26
Nalbari,66,PM2.5,27-Jul-26
Nanded,26,PM10,27-Jul-26
Nandesari,47,PM10,27-Jul-26
Narnaul,63,PM2.5,27-Jul-26
Nashik,38,"PM10, CO",27-Jul-26
Navi Mumbai,29,"PM10, PM2.5",27-Jul-26
Nellore,58,PM10,27-Jul-26
Noida,129,"PM10, O3",27-Jul-26
Pali,109,PM10,27-Jul-26
Palwal,52,PM10,27-Jul-26
Pampore,44,PM10,27-Jul-26
Panchkula,40,O3,27-Jul-26
Panipat,187,PM10,27-Jul-26
Parbhani,38,PM10,27-Jul-26
Patiala,48,PM10,27-Jul-26
Patna,71,"PM10, O3",27-Jul-26
Pimpri-Chinchwad,37,"PM10, CO",27-Jul-26
Pithampur,98,PM10,27-Jul-26
Pratapgarh,50,PM10,27-Jul-26
Prayagraj,30,SO2,27-Jul-26
Puducherry,40,O3,27-Jul-26
Pune,51,"CO, PM10",27-Jul-26
Raebareli,276,"PM10, CO",27-Jul-26
Raipur,50,PM10,27-Jul-26
Rairangpur,27,CO,27-Jul-26
Rajamahendravaram,68,O3,27-Jul-26
Rajgir,73,PM2.5,27-Jul-26
Rajkot,52,PM10,27-Jul-26
Rajsamand,51,PM10,27-Jul-26
Ramanagara,41,CO,27-Jul-26
Rishikesh,37,CO,27-Jul-26
Rohtak,44,PM10,27-Jul-26
Rourkela,62,"PM2.5, PM10",27-Jul-26
Rupnagar,273,PM2.5,27-Jul-26
Saharsa,67,PM10,27-Jul-26
Samastipur,59,PM2.5,27-Jul-26
Satara,49,PM10,27-Jul-26
Satna,70,PM10,27-Jul-26
Sawai Madhopur,43,PM10,27-Jul-26
Shamli,65,PM10,27-Jul-26
Sikar,49,PM10,27-Jul-26
Silchar,49,PM10,27-Jul-26
Siliguri,120,NO2,27-Jul-26
Singrauli,59,PM10,27-Jul-26
Sirohi,27,PM10,27-Jul-26
Sirsa,85,CO,27-Jul-26
Sivasagar,65,O3,27-Jul-26
Siwan,105,PM10,27-Jul-26
Solapur,29,PM10,27-Jul-26
Sonipat,114,PM2.5,27-Jul-26
Sri Ganganagar,70,O3,27-Jul-26
Srinagar,47,PM10,27-Jul-26
Suakati,54,PM10,27-Jul-26
Surat,74,PM10,27-Jul-26
Talcher,65,NO2,27-Jul-26
Tensa,48,NO2,27-Jul-26
Thane,36,PM10,27-Jul-26
Thiruvananthapuram,48,PM10,27-Jul-26
Thoothukudi,67,PM10,27-Jul-26
Thrissur,53,PM10,27-Jul-26
Tirumala,49,NO2,27-Jul-26
Tirupati,67,PM10,27-Jul-26
Tonk,79,PM10,27-Jul-26
Tumakuru,64,PM10,27-Jul-26
Tumidih,38,O3,27-Jul-26
Udaipur,50,PM10,27-Jul-26
Ujjain,59,PM10,27-Jul-26
Ulhasnagar,28,PM10,27-Jul-26
Vadodara,70,CO,27-Jul-26
Vapi,31,PM10,27-Jul-26
Varanasi,64,"PM10, SO2",27-Jul-26
Vijayapura,43,PM10,27-Jul-26
Vijayawada,63,"PM2.5, PM10",27-Jul-26
Virar,40,PM10,27-Jul-26
Visakhapatnam,94,PM10,27-Jul-26
Vrindavan,76,SO2,27-Jul-26
Yamuna Nagar,95,PM10,27-Jul-26
Agartala,48,PM10,26-Jul-26
Agra,77,"PM10, PM2.5",26-Jul-26
Ahmedabad,66,PM10,26-Jul-26
Ahmednagar,45,PM10,26-Jul-26
Ajmer,40,PM10,26-Jul-26
Akola,34,PM10,26-Jul-26
Alwar,94,PM10,26-Jul-26
Amaravati,67,PM10,26-Jul-26
Ambala,70,SO2,26-Jul-26
Ambernath,58,PM10,26-Jul-26
Amravati,36,PM10,26-Jul-26
Amritsar,85,PM10,26-Jul-26
Anantapur,68,PM2.5,26-Jul-26
Angul,66,NO2,26-Jul-26
Ankleshwar,72,PM10,26-Jul-26
Araria,48,PM2.5,26-Jul-26
Arrah,54,PM10,26-Jul-26
Asansol,47,"SO2, CO",26-Jul-26
Aurangabad (Maharashtra),50,"PM10, PM2.5",26-Jul-26
Baddi,75,PM10,26-Jul-26
Badlapur,19,CO,26-Jul-26
Bagalkot,51,PM10,26-Jul-26
Baghpat,93,PM10,26-Jul-26
Bahadurgarh,99,PM2.5,26-Jul-26
Balasore,65,O3,26-Jul-26
Ballabgarh,112,PM10,26-Jul-26
Banswara,90,PM10,26-Jul-26
Baran,81,O3,26-Jul-26
Barbil,47,PM2.5,26-Jul-26
Bareilly,41,SO2,26-Jul-26
Baripada,40,O3,26-Jul-26
Barmer,36,O3,26-Jul-26
Barrackpore,37,CO,26-Jul-26
Bathinda,85,CO,26-Jul-26
Beed,41,PM2.5,26-Jul-26
Begusarai,43,PM10,26-Jul-26
Belapur,38,PM10,26-Jul-26
Bengaluru,50,PM10,26-Jul-26
Bhagalpur,34,CO,26-Jul-26
Bharatpur,53,O3,26-Jul-26
Bhavnagar,57,CO,26-Jul-26
Bhilai,28,"PM10, CO",26-Jul-26
Bhilwara,41,O3,26-Jul-26
Bhiwadi,95,PM10,26-Jul-26
Bhiwandi,45,PM10,26-Jul-26
Bhiwani,56,PM2.5,26-Jul-26
Bhopal,37,PM10,26-Jul-26
Bhubaneswar,50,CO,26-Jul-26
Bikaner,99,PM10,26-Jul-26
Bilaspur,35,PM10,26-Jul-26
Bileipada,52,PM2.5,26-Jul-26
Boisar,49,PM10,26-Jul-26
Brajrajnagar,41,O3,26-Jul-26
Bulandshahr,57,PM10,26-Jul-26
Bundi,41,PM10,26-Jul-26
Buxar,56,PM2.5,26-Jul-26
Byasanagar,67,PM2.5,26-Jul-26
Byrnihat (Assam),67,PM2.5,26-Jul-26
Byrnihat (Meghalaya),168,PM2.5,26-Jul-26
Chamarajanagar,45,PM10,26-Jul-26
Chandigarh,33,O3,26-Jul-26
Chandrapur,43,"PM10, O3",26-Jul-26
Charkhi Dadri,92,PM2.5,26-Jul-26
Chennai,82,PM10,26-Jul-26
Chhapra,79,CO,26-Jul-26
Chikkaballapur,32,CO,26-Jul-26
Chikkamagaluru,32,PM10,26-Jul-26
Chittorgarh,38,O3,26-Jul-26
Churu,67,PM10,26-Jul-26
Cuttack,94,PM10,26-Jul-26
Dausa,73,PM10,26-Jul-26
Delhi,80,"PM10, PM2.5",26-Jul-26
Dewas,76,PM10,26-Jul-26
Dhanbad,103,NO2,26-Jul-26
Dharuhera,74,PM2.5,26-Jul-26
Dholpur,131,PM2.5,26-Jul-26
Dhule,51,PM10,26-Jul-26
Dungarpur,52,PM10,26-Jul-26
Durgapur,39,"NO2, PM10, O3",26-Jul-26
Eluru,66,PM10,26-Jul-26
Faridabad,90,PM10,26-Jul-26
Fatehabad,194,PM10,26-Jul-26
Fatehpur Sikri,29,O3,26-Jul-26
Firozabad,38,CO,26-Jul-26
Gadag,34,PM10,26-Jul-26
Gandhinagar,54,PM10,26-Jul-26
Gangtok,19,PM2.5,26-Jul-26
Gaya,58,"PM2.5, PM10",26-Jul-26
Ghaziabad,87,"CO, PM10",26-Jul-26
Gorakhpur,76,PM10,26-Jul-26
Greater Noida,103,PM10,26-Jul-26
Gummidipoondi,74,PM10,26-Jul-26
Guntur,46,PM2.5,26-Jul-26
Gurugram,108,"PM2.5, PM10",26-Jul-26
Guwahati,43,"O3, SO2, PM2.5",26-Jul-26
Gwalior,56,"CO, O3",26-Jul-26
Haldia,32,CO,26-Jul-26
Hanumangarh,70,O3,26-Jul-26
Hisar,72,NO2,26-Jul-26
Howrah,55,"CO, PM10",26-Jul-26
Hubballi,53,PM10,26-Jul-26
Hyderabad,48,PM10,26-Jul-26
Indore,45,"PM10, PM2.5, CO",26-Jul-26
Jabalpur,55,"NO2, O3",26-Jul-26
Jaipur,53,"O3, PM10, NH3",26-Jul-26
Jaisalmer,40,PM10,26-Jul-26
Jalandhar,54,PM10,26-Jul-26
Jalgaon,33,O3,26-Jul-26
Jalna,37,PM10,26-Jul-26
Jalore,46,PM10,26-Jul-26
Jhalawar,60,CO,26-Jul-26
Jhansi,52,PM10,26-Jul-26
Jhunjhunu,76,PM10,26-Jul-26
Jind,45,PM10,26-Jul-26
Jodhpur,47,"PM10, CO",26-Jul-26
Jorapokhar,102,PM10,26-Jul-26
Kadapa,62,PM10,26-Jul-26
Kaithal,100,SO2,26-Jul-26
Kakinada,44,PM10,26-Jul-26
Kalyan,53,"PM2.5, PM10",26-Jul-26
Kanpur,56,CO,26-Jul-26
Karauli,42,NO2,26-Jul-26
Karnal,80,PM10,26-Jul-26
Karwar,37,CO,26-Jul-26
Katihar,71,CO,26-Jul-26
Katni,54,PM10,26-Jul-26
Keonjhar,39,PM10,26-Jul-26
Khanna,70,PM10,26-Jul-26
Khora,106,PM2.5,26-Jul-26
Khurja,87,CO,26-Jul-26
Kishanganj,43,PM2.5,26-Jul-26
Kohima,48,SO2,26-Jul-26
Kolhapur,35,PM10,26-Jul-26
Kolkata,38,"PM10, CO",26-Jul-26
Korba,31,"SO2, PM10",26-Jul-26
Kota,34,"O3, PM2.5",26-Jul-26
Kunjemura,27,CO,26-Jul-26
Kurnool,45,PM10,26-Jul-26
Kurukshetra,50,PM10,26-Jul-26
Latur,35,PM10,26-Jul-26
Lucknow,64,"O3, PM10, PM2.5",26-Jul-26
Ludhiana,57,PM10,26-Jul-26
Machilipatnam,54,PM2.5,26-Jul-26
Madikeri,14,CO,26-Jul-26
Maihar,88,PM10,26-Jul-26
Malegaon,36,PM10,26-Jul-26
Mandideep,76,O3,26-Jul-26
Mandi Gobindgarh,133,PM10,26-Jul-26
Mandikhera,78,PM10,26-Jul-26
Manesar,62,PM2.5,26-Jul-26
Mangalore,49,PM10,26-Jul-26
Meerut,73,"PM10, PM2.5",26-Jul-26
Mehsana,57,PM10,26-Jul-26
Mira-Bhayandar,42,PM10,26-Jul-26
Modinagar,50,PM2.5,26-Jul-26
Moradabad,72,"PM10, CO",26-Jul-26
Motihari,74,PM2.5,26-Jul-26
Mumbai,61,"NO2, PM10",26-Jul-26
Munger,42,PM10,26-Jul-26
Muzaffarnagar,77,PM10,26-Jul-26
Muzaffarpur,51,"PM10, PM2.5, O3",26-Jul-26
Mysuru,42,O3,26-Jul-26
Nagaon,71,PM2.5,26-Jul-26
Nagaur,64,PM10,26-Jul-26
Nagpur,37,PM10,26-Jul-26
Naharlagun,41,PM10,26-Jul-26
Nalbari,62,PM2.5,26-Jul-26
Nanded,33,PM10,26-Jul-26
Nandesari,47,PM2.5,26-Jul-26
Narnaul,138,PM2.5,26-Jul-26
Nashik,37,"CO, PM10",26-Jul-26
Navi Mumbai,32,"CO, PM10",26-Jul-26
Nellore,67,PM10,26-Jul-26
Noida,83,"O3, PM10",26-Jul-26
Pali,92,PM2.5,26-Jul-26
Palwal,73,CO,26-Jul-26
Pampore,10,PM10,26-Jul-26
Panchkula,44,O3,26-Jul-26
Panipat,136,PM10,26-Jul-26
Parbhani,47,PM10,26-Jul-26
Patiala,40,PM10,26-Jul-26
Patna,70,PM10,26-Jul-26
Pimpri-Chinchwad,37,"PM10, CO",26-Jul-26
Pithampur,80,PM10,26-Jul-26
Pratapgarh,39,O3,26-Jul-26
Prayagraj,38,"O3, SO2",26-Jul-26
Puducherry,46,O3,26-Jul-26
Pune,46,"CO, PM10",26-Jul-26
Purnia,58,CO,26-Jul-26
Raebareli,500,PM10,26-Jul-26
Raipur,47,PM10,26-Jul-26
Rajamahendravaram,47,PM10,26-Jul-26
Rajgir,48,PM2.5,26-Jul-26
Rajkot,47,PM10,26-Jul-26
Rajsamand,50,O3,26-Jul-26
Ramanagara,33,PM10,26-Jul-26
Rishikesh,37,CO,26-Jul-26
Rohtak,52,PM10,26-Jul-26
Rourkela,54,"PM2.5, PM10",26-Jul-26
Rupnagar,186,PM2.5,26-Jul-26
Sagar,39,CO,26-Jul-26
Saharsa,79,PM10,26-Jul-26
Samastipur,38,PM2.5,26-Jul-26
Sangli,24,O3,26-Jul-26
Satara,48,PM10,26-Jul-26
Satna,70,PM10,26-Jul-26
Sawai Madhopur,52,CO,26-Jul-26
Shamli,54,PM10,26-Jul-26
Sikar,46,PM10,26-Jul-26
Silchar,49,PM10,26-Jul-26
Siliguri,116,NO2,26-Jul-26
Singrauli,83,PM10,26-Jul-26
Sirohi,21,PM10,26-Jul-26
Sirsa,88,CO,26-Jul-26
Sivasagar,65,O3,26-Jul-26
Siwan,102,PM10,26-Jul-26
Solapur,33,PM10,26-Jul-26
Sonipat,148,PM10,26-Jul-26
Sri Ganganagar,100,O3,26-Jul-26
Srinagar,28,PM10,26-Jul-26
Suakati,59,PM10,26-Jul-26
Surat,68,PM10,26-Jul-26
Tensa,52,NO2,26-Jul-26
Thane,43,PM10,26-Jul-26
Thiruvananthapuram,43,PM10,26-Jul-26
Thoothukudi,67,PM10,26-Jul-26
Tirumala,63,CO,26-Jul-26
Tirupati,66,PM10,26-Jul-26
Tonk,53,PM10,26-Jul-26
Tumidih,38,O3,26-Jul-26
Udaipur,31,PM10,26-Jul-26
Ujjain,50,PM10,26-Jul-26
Ulhasnagar,30,PM10,26-Jul-26
Vapi,20,PM10,26-Jul-26
Varanasi,62,"PM10, PM2.5",26-Jul-26
Vijayapura,43,PM10,26-Jul-26
Vijayawada,60,PM10,26-Jul-26
Virar,49,PM10,26-Jul-26
Visakhapatnam,119,PM10,26-Jul-26
Vrindavan,60,SO2,26-Jul-26
Yadgir,54,CO,26-Jul-26
Yamuna Nagar,88,PM10,26-Jul-26
Agartala,64,PM10,25-Jul-26
Agra,66,"PM2.5, SO2, PM10",25-Jul-26
Ahmedabad,51,CO,25-Jul-26
Ahmednagar,36,PM10,25-Jul-26
Aizawl,14,SO2,25-Jul-26
Ajmer,39,PM10,25-Jul-26
Akola,31,PM10,25-Jul-26
Alwar,88,PM10,25-Jul-26
Amaravati,51,PM10,25-Jul-26
Ambala,64,PM10,25-Jul-26
Ambernath,66,PM10,25-Jul-26
Amravati,25,PM10,25-Jul-26
Amritsar,81,PM10,25-Jul-26
Anantapur,72,PM2.5,25-Jul-26
Angul,81,PM10,25-Jul-26
Ankleshwar,53,CO,25-Jul-26
Araria,48,PM2.5,25-Jul-26
Asansol,53,"SO2, CO, PM10",25-Jul-26
Aurangabad (Maharashtra),53,"PM10, PM2.5",25-Jul-26
Baddi,87,PM10,25-Jul-26
Badlapur,31,CO,25-Jul-26
Bagalkot,51,PM10,25-Jul-26
Baghpat,64,PM10,25-Jul-26
Bahadurgarh,69,PM2.5,25-Jul-26
Ballabgarh,137,PM10,25-Jul-26
Banswara,39,PM10,25-Jul-26
Baran,91,O3,25-Jul-26
Barbil,56,PM10,25-Jul-26
Bareilly,45,"PM10, O3",25-Jul-26
Baripada,49,PM10,25-Jul-26
Barmer,33,PM10,25-Jul-26
Barrackpore,40,PM10,25-Jul-26
Bathinda,80,CO,25-Jul-26
Beed,92,PM10,25-Jul-26
Begusarai,41,O3,25-Jul-26
Belapur,39,PM10,25-Jul-26
Bengaluru,57,PM10,25-Jul-26
Bharatpur,41,O3,25-Jul-26
Bhavnagar,59,CO,25-Jul-26
Bhilai,23,PM10,25-Jul-26
Bhilwara,42,O3,25-Jul-26
Bhiwadi,110,PM10,25-Jul-26
Bhiwandi,46,PM10,25-Jul-26
Bhiwani,46,PM2.5,25-Jul-26
Bhopal,30,"PM10, O3",25-Jul-26
Bhubaneswar,45,CO,25-Jul-26
Bikaner,103,PM10,25-Jul-26
Bilaspur,48,PM10,25-Jul-26
Bileipada,95,CO,25-Jul-26
Boisar,48,PM10,25-Jul-26
Brajrajnagar,44,O3,25-Jul-26
Bulandshahr,47,PM10,25-Jul-26
Bundi,51,PM10,25-Jul-26
Byasanagar,77,PM10,25-Jul-26
Byrnihat (Assam),64,PM2.5,25-Jul-26
Byrnihat (Meghalaya),147,PM2.5,25-Jul-26
Chamarajanagar,48,PM10,25-Jul-26
Chandigarh,32,"CO, PM2.5",25-Jul-26
Chandrapur,39,"CO, PM10",25-Jul-26
Charkhi Dadri,51,PM2.5,25-Jul-26
Chennai,96,PM10,25-Jul-26
Chhal,74,PM10,25-Jul-26
Chikkamagaluru,36,PM10,25-Jul-26
Chittoor,67,PM2.5,25-Jul-26
Chittorgarh,45,O3,25-Jul-26
Churu,39,PM10,25-Jul-26
Coimbatore,39,PM2.5,25-Jul-26
Damoh,50,SO2,25-Jul-26
Dausa,37,PM10,25-Jul-26
Dehradun,28,PM2.5,25-Jul-26
Delhi,73,"PM2.5, PM10",25-Jul-26
Dewas,56,O3,25-Jul-26
Dhanbad,103,NO2,25-Jul-26
Dharuhera,56,PM2.5,25-Jul-26
Dharwad,67,PM10,25-Jul-26
Dholpur,48,PM10,25-Jul-26
Dhule,40,PM10,25-Jul-26
Dombivli,31,PM10,25-Jul-26
Dungarpur,29,O3,25-Jul-26
Durgapur,53,NO2,25-Jul-26
Eluru,59,PM10,25-Jul-26
Faridabad,88,PM10,25-Jul-26
Fatehpur Sikri,30,O3,25-Jul-26
Firozabad,35,"CO, PM10",25-Jul-26
Gadag,35,PM10,25-Jul-26
Gandhinagar,19,"O3, PM10",25-Jul-26
Gaya,78,"PM2.5, PM10",25-Jul-26
Ghaziabad,68,"CO, PM2.5, PM10",25-Jul-26
Gorakhpur,55,PM10,25-Jul-26
Greater Noida,95,PM10,25-Jul-26
Gummidipoondi,153,PM2.5,25-Jul-26
Guntur,46,PM2.5,25-Jul-26
Gurugram,98,"PM2.5, PM10",25-Jul-26
Guwahati,51,"O3, PM2.5, SO2",25-Jul-26
Gwalior,66,"PM10, O3, CO",25-Jul-26
Hajipur,45,PM10,25-Jul-26
Haldia,48,PM10,25-Jul-26
Hanumangarh,62,O3,25-Jul-26
Hapur,43,PM2.5,25-Jul-26
Hisar,55,PM10,25-Jul-26
Howrah,62,"CO, PM10",25-Jul-26
Hubballi,46,PM10,25-Jul-26
Hyderabad,47,PM10,25-Jul-26
Indore,42,CO,25-Jul-26
Jabalpur,52,"NO2, O3",25-Jul-26
Jaipur,53,"O3, PM10, NH3",25-Jul-26
Jaisalmer,63,PM10,25-Jul-26
Jalandhar,41,PM10,25-Jul-26
Jalgaon,40,O3,25-Jul-26
Jalna,35,O3,25-Jul-26
Jalore,35,PM10,25-Jul-26
Jhalawar,58,CO,25-Jul-26
Jhansi,56,PM10,25-Jul-26
Jhunjhunu,59,O3,25-Jul-26
Jind,41,PM10,25-Jul-26
Jodhpur,51,PM10,25-Jul-26
Jorapokhar,83,PM10,25-Jul-26
Kadapa,69,PM2.5,25-Jul-26
Kaithal,42,SO2,25-Jul-26
Kakinada,51,PM10,25-Jul-26
Kalaburagi,35,CO,25-Jul-26
Kalyan,54,"PM2.5, PM10",25-Jul-26
Kannur,44,PM10,25-Jul-26
Kanpur,54,PM10,25-Jul-26
Karauli,145,PM10,25-Jul-26
Karnal,107,PM2.5,25-Jul-26
Karwar,35,CO,25-Jul-26
Katihar,77,CO,25-Jul-26
Katni,61,PM10,25-Jul-26
Keonjhar,36,PM10,25-Jul-26
Khairthal,64,PM10,25-Jul-26
Khora,101,CO,25-Jul-26
Khurja,89,CO,25-Jul-26
Kishanganj,39,PM2.5,25-Jul-26
Kohima,44,SO2,25-Jul-26
Kolhapur,32,"PM10, PM2.5",25-Jul-26
Kolkata,52,"PM10, NO2",25-Jul-26
Korba,37,"PM10, SO2",25-Jul-26
Kota,36,"PM10, O3",25-Jul-26
Kunjemura,58,PM10,25-Jul-26
Kurnool,41,PM10,25-Jul-26
Kurukshetra,61,O3,25-Jul-26
Latur,38,PM10,25-Jul-26
Lucknow,58,PM10,25-Jul-26
Ludhiana,62,PM10,25-Jul-26
Machilipatnam,58,PM10,25-Jul-26
Madikeri,14,PM10,25-Jul-26
Mahad,40,PM10,25-Jul-26
Maihar,166,PM10,25-Jul-26
Mandideep,63,PM10,25-Jul-26
Mandi Gobindgarh,117,PM10,25-Jul-26
Mandikhera,78,PM10,25-Jul-26
Manesar,47,PM2.5,25-Jul-26
Mangalore,37,O3,25-Jul-26
Meerut,63,PM10,25-Jul-26
Mehsana,51,CO,25-Jul-26
Milupara,36,PM10,25-Jul-26
Mira-Bhayandar,32,PM10,25-Jul-26
Modinagar,116,PM10,25-Jul-26
Moradabad,47,"PM10, CO, O3",25-Jul-26
Mumbai,47,PM10,25-Jul-26
Munger,42,PM10,25-Jul-26
Muzaffarnagar,56,PM10,25-Jul-26
Muzaffarpur,34,PM10,25-Jul-26
Mysuru,45,O3,25-Jul-26
Nagaon,67,PM2.5,25-Jul-26
Nagaur,42,PM10,25-Jul-26
Nagpur,34,"PM10, CO",25-Jul-26
Naharlagun,36,PM10,25-Jul-26
Nalbari,71,PM2.5,25-Jul-26
Nanded,34,PM10,25-Jul-26
Narnaul,117,PM2.5,25-Jul-26
Nashik,33,"CO, PM10",25-Jul-26
Navi Mumbai,37,"CO, PM10",25-Jul-26
Nellore,66,PM10,25-Jul-26
Noida,68,PM10,25-Jul-26
Pali,85,PM10,25-Jul-26
Palwal,51,PM10,25-Jul-26
Pampore,40,PM10,25-Jul-26
Panchkula,40,O3,25-Jul-26
Panipat,139,PM10,25-Jul-26
Parbhani,41,PM10,25-Jul-26
Patna,61,"PM10, O3",25-Jul-26
Pimpri-Chinchwad,43,"CO, PM10",25-Jul-26
Pithampur,59,PM10,25-Jul-26
Pratapgarh,41,O3,25-Jul-26
Prayagraj,31,SO2,25-Jul-26
Puducherry,61,O3,25-Jul-26
Pune,46,CO,25-Jul-26
Purnia,56,CO,25-Jul-26
Raebareli,427,PM10,25-Jul-26
Raipur,41,PM10,25-Jul-26
Rajamahendravaram,55,PM10,25-Jul-26
Rajgir,61,PM2.5,25-Jul-26
Rajkot,40,CO,25-Jul-26
Rajsamand,48,O3,25-Jul-26
Ramanagara,32,CO,25-Jul-26
Ratlam,35,NO2,25-Jul-26
Rishikesh,37,CO,25-Jul-26
Rohtak,43,CO,25-Jul-26
Rourkela,61,"PM2.5, PM10",25-Jul-26
Rupnagar,212,PM2.5,25-Jul-26
Sagar,39,O3,25-Jul-26
Saharsa,77,PM10,25-Jul-26
Samastipur,48,PM2.5,25-Jul-26
Sangli,24,O3,25-Jul-26
Satara,49,PM10,25-Jul-26
Satna,70,PM10,25-Jul-26
Sawai Madhopur,40,PM10,25-Jul-26
Shamli,76,CO,25-Jul-26
Sikar,43,PM10,25-Jul-26
Silchar,48,PM10,25-Jul-26
Siliguri,116,NO2,25-Jul-26
Singrauli,66,PM10,25-Jul-26
Sirohi,34,O3,25-Jul-26
Sirsa,85,CO,25-Jul-26
Sivasagar,54,O3,25-Jul-26
Siwan,104,PM10,25-Jul-26
Solapur,27,PM10,25-Jul-26
Sonipat,113,PM2.5,25-Jul-26
Srikakulam,60,PM10,25-Jul-26
Srinagar,40,PM10,25-Jul-26
Suakati,63,PM10,25-Jul-26
Surat,51,PM10,25-Jul-26
Talcher,73,NO2,25-Jul-26
Tensa,33,PM10,25-Jul-26
Thane,41,PM10,25-Jul-26
Thiruvananthapuram,42,PM10,25-Jul-26
Thoothukudi,67,PM10,25-Jul-26
Thrissur,55,PM10,25-Jul-26
Tirumala,104,PM10,25-Jul-26
Tirupati,64,PM10,25-Jul-26
Tonk,98,PM10,25-Jul-26
Tumakuru,62,PM10,25-Jul-26
Tumidih,38,O3,25-Jul-26
Udaipur,37,PM10,25-Jul-26
Ujjain,61,O3,25-Jul-26
Ulhasnagar,29,PM10,25-Jul-26
Vadodara,68,CO,25-Jul-26
Varanasi,68,PM10,25-Jul-26
Vijayapura,43,PM10,25-Jul-26
Vijayawada,61,PM10,25-Jul-26
Virar,39,CO,25-Jul-26
Visakhapatnam,128,PM10,25-Jul-26
Vrindavan,32,PM2.5,25-Jul-26
Yadgir,38,CO,25-Jul-26
Yamuna Nagar,78,PM10,25-Jul-26
Agartala,66,PM10,24-Jul-26
Agra,71,"PM10, PM2.5",24-Jul-26
Ahmedabad,40,"CO, NO2",24-Jul-26
Ahmednagar,51,PM10,24-Jul-26
Aizawl,14,SO2,24-Jul-26
Ajmer,42,PM10,24-Jul-26
Akola,30,PM10,24-Jul-26
Alwar,171,CO,24-Jul-26
Amaravati,47,PM10,24-Jul-26
Ambala,60,CO,24-Jul-26
Ambernath,55,PM10,24-Jul-26
Amravati,30,PM10,24-Jul-26
Amritsar,67,PM10,24-Jul-26
Angul,108,PM10,24-Jul-26
Ankleshwar,50,CO,24-Jul-26
Araria,48,PM2.5,24-Jul-26
Arrah,76,PM10,24-Jul-26
Asansol,61,"SO2, CO",24-Jul-26
Aurangabad (Maharashtra),40,"PM10, CO",24-Jul-26
Baddi,79,PM10,24-Jul-26
Badlapur,48,PM10,24-Jul-26
Bagalkot,51,PM10,24-Jul-26
Baghpat,78,PM10,24-Jul-26
Bahadurgarh,75,PM2.5,24-Jul-26
Balasore,37,CO,24-Jul-26
Banswara,28,PM10,24-Jul-26
Baran,47,O3,24-Jul-26
Barbil,46,PM10,24-Jul-26
Bareilly,47,"PM10, PM2.5",24-Jul-26
Baripada,37,PM10,24-Jul-26
Barmer,40,O3,24-Jul-26
Barrackpore,45,PM10,24-Jul-26
Bathinda,79,CO,24-Jul-26
Beed,55,PM10,24-Jul-26
Begusarai,42,O3,24-Jul-26
Belapur,32,PM10,24-Jul-26
Bengaluru,62,PM10,24-Jul-26
Bhagalpur,174,PM10,24-Jul-26
Bharatpur,28,O3,24-Jul-26
Bhavnagar,57,CO,24-Jul-26
Bhilai,20,PM10,24-Jul-26
Bhilwara,72,PM10,24-Jul-26
Bhiwadi,61,"CO, PM2.5",24-Jul-26
Bhiwandi,45,PM10,24-Jul-26
Bhiwani,45,PM2.5,24-Jul-26
Bhopal,31,"PM10, O3",24-Jul-26
Bhubaneswar,78,"CO, PM10",24-Jul-26
Bikaner,53,PM10,24-Jul-26
Bilaspur,35,PM10,24-Jul-26
Bileipada,30,CO,24-Jul-26
Boisar,49,PM10,24-Jul-26
Brajrajnagar,43,O3,24-Jul-26
Bulandshahr,45,PM10,24-Jul-26
Bundi,40,PM10,24-Jul-26
Byasanagar,84,PM2.5,24-Jul-26
Byrnihat (Meghalaya),112,PM2.5,24-Jul-26
Chandigarh,32,"CO, O3",24-Jul-26
Chandrapur,43,"PM10, CO",24-Jul-26
Charkhi Dadri,58,PM2.5,24-Jul-26
Chennai,77,"PM10, O3",24-Jul-26
Chhal,76,O3,24-Jul-26
Chhapra,95,CO,24-Jul-26
Chikkamagaluru,42,PM10,24-Jul-26
Chittoor,72,PM2.5,24-Jul-26
Chittorgarh,31,O3,24-Jul-26
Churu,58,PM10,24-Jul-26
Coimbatore,36,PM2.5,24-Jul-26
Cuddalore,39,"PM10, SO2",24-Jul-26
Cuttack,58,PM10,24-Jul-26
Damoh,49,SO2,24-Jul-26
Dausa,38,PM2.5,24-Jul-26
Dehradun,24,PM10,24-Jul-26
Delhi,70,"PM2.5, PM10",24-Jul-26
Dewas,75,NO2,24-Jul-26
Dhanbad,106,NO2,24-Jul-26
Dharuhera,74,PM2.5,24-Jul-26
Dholpur,63,PM2.5,24-Jul-26
Dhule,27,PM10,24-Jul-26
Dombivli,24,PM10,24-Jul-26
Dungarpur,27,O3,24-Jul-26
Durgapur,55,"PM10, NO2",24-Jul-26
Eluru,58,PM10,24-Jul-26
Faridabad,101,PM10,24-Jul-26
Fatehabad,73,PM10,24-Jul-26
Fatehpur Sikri,44,PM10,24-Jul-26
Firozabad,37,"CO, PM10",24-Jul-26
Gadag,35,PM10,24-Jul-26
Gandhinagar,42,PM10,24-Jul-26
Gangtok,16,PM2.5,24-Jul-26
Gaya,63,"PM2.5, SO2, PM10",24-Jul-26
Ghaziabad,70,"CO, PM10",24-Jul-26
Gorakhpur,60,O3,24-Jul-26
Greater Noida,95,PM10,24-Jul-26
Gummidipoondi,97,PM10,24-Jul-26
Guntur,41,PM2.5,24-Jul-26
Gurugram,85,"PM2.5, PM10",24-Jul-26
Guwahati,57,"O3, PM2.5, SO2",24-Jul-26
Gwalior,57,O3,24-Jul-26
Hajipur,54,NO2,24-Jul-26
Haldia,39,PM10,24-Jul-26
Hanumangarh,53,O3,24-Jul-26
Hapur,48,PM2.5,24-Jul-26
Hingoli,25,O3,24-Jul-26
Hisar,62,PM10,24-Jul-26
Howrah,51,"CO, NO2",24-Jul-26
Hyderabad,47,PM10,24-Jul-26
Indore,52,"CO, NO2",24-Jul-26
Jabalpur,45,"NO2, O3",24-Jul-26
Jaipur,55,"O3, PM10",24-Jul-26
Jaisalmer,71,PM10,24-Jul-26
Jalandhar,47,PM10,24-Jul-26
Jalgaon,40,CO,24-Jul-26
Jalna,19,NO2,24-Jul-26
Jalore,40,CO,24-Jul-26
Jhalawar,50,CO,24-Jul-26
Jhansi,49,PM10,24-Jul-26
Jhunjhunu,72,PM10,24-Jul-26
Jind,47,PM10,24-Jul-26
Jodhpur,61,"PM10, CO",24-Jul-26
Jorapokhar,75,PM10,24-Jul-26
Kaithal,44,PM10,24-Jul-26
Kalaburagi,30,CO,24-Jul-26
Kalyan,48,PM10,24-Jul-26
Kannur,45,PM10,24-Jul-26
Kanpur,47,"PM10, CO, NO2",24-Jul-26
Karauli,38,PM10,24-Jul-26
Karnal,82,PM10,24-Jul-26
Karwar,32,CO,24-Jul-26
Katihar,66,CO,24-Jul-26
Katni,41,PM10,24-Jul-26
Keonjhar,35,PM10,24-Jul-26
Khanna,65,PM10,24-Jul-26
Khora,118,PM2.5,24-Jul-26
Khurja,44,PM10,24-Jul-26
Kishanganj,60,PM2.5,24-Jul-26
Kohima,49,SO2,24-Jul-26
Kolhapur,32,PM10,24-Jul-26
Kolkata,56,"NO2, PM10",24-Jul-26
Korba,17,PM10,24-Jul-26
Kota,36,PM10,24-Jul-26
Kunjemura,23,PM10,24-Jul-26
Kurnool,41,PM10,24-Jul-26
Kurukshetra,39,PM10,24-Jul-26
Latur,30,PM10,24-Jul-26
Lucknow,49,"PM10, O3",24-Jul-26
Ludhiana,94,PM10,24-Jul-26
Machilipatnam,49,PM2.5,24-Jul-26
Madikeri,14,CO,24-Jul-26
Mahad,30,PM10,24-Jul-26
Maihar,27,PM2.5,24-Jul-26
Malegaon,22,PM10,24-Jul-26
Mandideep,41,PM10,24-Jul-26
Mandi Gobindgarh,119,PM10,24-Jul-26
Mandikhera,78,PM10,24-Jul-26
Manesar,54,PM2.5,24-Jul-26
Mangalore,37,O3,24-Jul-26
Meerut,65,PM10,24-Jul-26
Mehsana,51,CO,24-Jul-26
Milupara,32,NO2,24-Jul-26
Mira-Bhayandar,23,PM2.5,24-Jul-26
Moradabad,50,PM10,24-Jul-26
Mumbai,38,PM10,24-Jul-26
Munger,32,PM10,24-Jul-26
Muzaffarnagar,53,O3,24-Jul-26
Muzaffarpur,39,"O3, PM2.5",24-Jul-26
Mysuru,56,O3,24-Jul-26
Nagaon,57,PM2.5,24-Jul-26
Nagaur,44,PM10,24-Jul-26
Nagpur,42,"PM10, CO",24-Jul-26
Naharlagun,34,PM10,24-Jul-26
Nalbari,65,PM2.5,24-Jul-26
Nanded,39,PM10,24-Jul-26
Narnaul,177,PM2.5,24-Jul-26
Nashik,36,"PM2.5, CO, PM10",24-Jul-26
Navi Mumbai,31,"CO, PM10",24-Jul-26
Nellore,71,PM2.5,24-Jul-26
Noida,62,PM10,24-Jul-26
Pali,65,PM2.5,24-Jul-26
Palwal,76,PM10,24-Jul-26
Pampore,8,NO2,24-Jul-26
Panchgaon,52,CO,24-Jul-26
Panchkula,34,PM2.5,24-Jul-26
Panipat,86,PM10,24-Jul-26
Parbhani,47,PM10,24-Jul-26
Patiala,35,O3,24-Jul-26
Patna,66,"PM10, O3",24-Jul-26
Pimpri-Chinchwad,32,"PM10, CO",24-Jul-26
Pithampur,49,PM10,24-Jul-26
Pratapgarh,41,O3,24-Jul-26
Prayagraj,29,"SO2, O3",24-Jul-26
Puducherry,55,O3,24-Jul-26
Pune,42,CO,24-Jul-26
Purnia,59,CO,24-Jul-26
Raebareli,260,PM10,24-Jul-26
Raipur,33,"PM10, CO",24-Jul-26
Rajamahendravaram,37,PM10,24-Jul-26
Rajgir,73,PM2.5,24-Jul-26
Rajkot,46,PM10,24-Jul-26
Ramanagara,39,PM10,24-Jul-26
Ratlam,35,NO2,24-Jul-26
Rishikesh,43,O3,24-Jul-26
Rohtak,46,PM10,24-Jul-26
Rourkela,57,PM2.5,24-Jul-26
Rupnagar,260,PM2.5,24-Jul-26
Sagar,38,CO,24-Jul-26
Samastipur,37,PM2.5,24-Jul-26
Sangli,23,O3,24-Jul-26
Sasaram,54,PM10,24-Jul-26
Satara,24,O3,24-Jul-26
Satna,70,PM10,24-Jul-26
Sawai Madhopur,37,PM10,24-Jul-26
Shamli,83,CO,24-Jul-26
Shillong,26,PM10,24-Jul-26
Sikar,45,PM10,24-Jul-26
Silchar,50,PM10,24-Jul-26
Siliguri,117,NO2,24-Jul-26
Singrauli,39,PM10,24-Jul-26
Sirohi,33,PM10,24-Jul-26
Sirsa,87,CO,24-Jul-26
Sivasagar,49,O3,24-Jul-26
Siwan,104,PM10,24-Jul-26
Solapur,30,PM10,24-Jul-26
Sonipat,73,PM10,24-Jul-26
Sri Ganganagar,65,NO2,24-Jul-26
Srinagar,25,PM10,24-Jul-26
Suakati,51,PM10,24-Jul-26
Surat,45,PM10,24-Jul-26
Talcher,95,PM10,24-Jul-26
Thane,34,PM10,24-Jul-26
Thiruvananthapuram,41,PM10,24-Jul-26
Thoothukudi,67,PM10,24-Jul-26
Thrissur,56,PM10,24-Jul-26
Tirumala,51,NO2,24-Jul-26
Tonk,94,PM10,24-Jul-26
Tumakuru,63,PM10,24-Jul-26
Tumidih,38,O3,24-Jul-26
Udaipur,43,PM10,24-Jul-26
Ujjain,50,O3,24-Jul-26
Ulhasnagar,29,PM10,24-Jul-26
Vadodara,67,CO,24-Jul-26
Varanasi,46,"PM10, SO2",24-Jul-26
Vatva,47,NO2,24-Jul-26
Vijayapura,43,PM10,24-Jul-26
Vijayawada,55,PM10,24-Jul-26
Virar,44,CO,24-Jul-26
Visakhapatnam,145,PM10,24-Jul-26
Vrindavan,30,SO2,24-Jul-26
Yadgir,36,PM10,24-Jul-26
Yamuna Nagar,69,PM10,24-Jul-26
Agartala,54,PM10,23-Jul-26
Agra,69,"PM2.5, PM10, SO2",23-Jul-26
Ahmedabad,58,"CO, PM10",23-Jul-26
Ahmednagar,47,PM10,23-Jul-26
Aizawl,14,SO2,23-Jul-26
Ajmer,38,PM10,23-Jul-26
Akola,32,PM10,23-Jul-26
Alwar,58,"PM10, PM2.5",23-Jul-26
Amaravati,39,PM10,23-Jul-26
Ambala,62,PM10,23-Jul-26
Ambernath,45,PM10,23-Jul-26
Amravati,18,CO,23-Jul-26
Amritsar,72,PM10,23-Jul-26
Anantapur,63,PM2.5,23-Jul-26
Angul,54,CO,23-Jul-26
Ankleshwar,53,CO,23-Jul-26
Araria,41,PM2.5,23-Jul-26
Asansol,49,"SO2, CO",23-Jul-26
Aurangabad (Maharashtra),41,"PM2.5, PM10, CO",23-Jul-26
Baddi,62,PM10,23-Jul-26
Bagalkot,47,PM10,23-Jul-26
Baghpat,62,O3,23-Jul-26
Bahadurgarh,93,PM10,23-Jul-26
Balasore,79,O3,23-Jul-26
Ballabgarh,95,PM10,23-Jul-26
Banswara,241,PM10,23-Jul-26
Baran,58,O3,23-Jul-26
Barbil,31,PM10,23-Jul-26
Bareilly,51,"O3, PM10",23-Jul-26
Baripada,27,O3,23-Jul-26
Barmer,57,PM10,23-Jul-26
Barrackpore,41,CO,23-Jul-26
Bathinda,78,CO,23-Jul-26
Beed,63,PM10,23-Jul-26
Begusarai,39,O3,23-Jul-26
Belapur,30,PM10,23-Jul-26
Bengaluru,57,PM10,23-Jul-26
Bharatpur,30,O3,23-Jul-26
Bhavnagar,66,CO,23-Jul-26
Bhilai,16,"CO, O3",23-Jul-26
Bhilwara,82,PM10,23-Jul-26
Bhiwadi,84,PM10,23-Jul-26
Bhiwandi,46,PM10,23-Jul-26
Bhiwani,53,PM2.5,23-Jul-26
Bhopal,26,"PM10, CO, O3",23-Jul-26
Bhubaneswar,72,"CO, PM10",23-Jul-26
Bilaspur,37,CO,23-Jul-26
Bileipada,26,CO,23-Jul-26
Boisar,41,PM10,23-Jul-26
Brajrajnagar,43,O3,23-Jul-26
Bulandshahr,48,PM10,23-Jul-26
Bundi,38,O3,23-Jul-26
Byasanagar,54,PM2.5,23-Jul-26
Byrnihat (Assam),61,PM2.5,23-Jul-26
Chamarajanagar,36,PM10,23-Jul-26
Chandigarh,32,"NO2, CO, O3",23-Jul-26
Chandrapur,37,"CO, PM10",23-Jul-26
Charkhi Dadri,54,PM2.5,23-Jul-26
Chennai,100,PM10,23-Jul-26
Chhal,77,O3,23-Jul-26
Chhapra,88,CO,23-Jul-26
Chikkamagaluru,40,PM10,23-Jul-26
Chittoor,61,PM10,23-Jul-26
Chittorgarh,30,PM10,23-Jul-26
Churu,50,PM10,23-Jul-26
Coimbatore,33,PM2.5,23-Jul-26
Cuddalore,23,SO2,23-Jul-26
Cuttack,66,PM10,23-Jul-26
Damoh,50,SO2,23-Jul-26
Dausa,41,O3,23-Jul-26
Dehradun,24,PM10,23-Jul-26
Delhi,73,"PM10, NO2",23-Jul-26
Dewas,79,NO2,23-Jul-26
Dhanbad,104,NO2,23-Jul-26
Dharuhera,77,PM2.5,23-Jul-26
Dholpur,50,PM2.5,23-Jul-26
Dhule,21,PM2.5,23-Jul-26
Dombivli,16,PM10,23-Jul-26
Dungarpur,35,PM10,23-Jul-26
Durgapur,48,"NO2, PM10",23-Jul-26
Eluru,58,PM10,23-Jul-26
Faridabad,88,PM10,23-Jul-26
Fatehabad,60,PM10,23-Jul-26
Firozabad,36,"CO, PM10",23-Jul-26
Gadag,38,PM10,23-Jul-26
Gandhinagar,60,PM10,23-Jul-26
Gangtok,13,PM2.5,23-Jul-26
Gaya,50,"PM2.5, PM10",23-Jul-26
Ghaziabad,59,PM10,23-Jul-26
Gorakhpur,58,O3,23-Jul-26
Greater Noida,105,PM10,23-Jul-26
Gummidipoondi,101,PM2.5,23-Jul-26
Guntur,45,PM10,23-Jul-26
Gurugram,90,"PM2.5, PM10",23-Jul-26
Guwahati,106,"O3, PM2.5, SO2",23-Jul-26
Gwalior,59,"PM10, O3",23-Jul-26
Hajipur,40,O3,23-Jul-26
Haldia,32,PM10,23-Jul-26
Hanumangarh,49,O3,23-Jul-26
Hapur,36,PM10,23-Jul-26
Hingoli,27,O3,23-Jul-26
Hisar,59,PM10,23-Jul-26
Howrah,52,"CO, PM2.5, PM10",23-Jul-26
Hubballi,40,PM10,23-Jul-26
Hyderabad,45,"PM10, CO",23-Jul-26
Indore,42,CO,23-Jul-26
Jabalpur,48,"CO, NO2",23-Jul-26
Jaipur,57,"O3, CO, PM2.5",23-Jul-26
Jaisalmer,68,PM10,23-Jul-26
Jalandhar,53,PM10,23-Jul-26
Jalgaon,46,CO,23-Jul-26
Jalna,28,O3,23-Jul-26
Jalore,62,PM10,23-Jul-26
Jhalawar,42,PM10,23-Jul-26
Jhansi,60,PM10,23-Jul-26
Jhunjhunu,94,PM10,23-Jul-26
Jind,39,PM2.5,23-Jul-26
Jodhpur,49,"CO, PM10",23-Jul-26
Jorapokhar,71,PM10,23-Jul-26
Kadapa,57,PM10,23-Jul-26
Kaithal,46,PM10,23-Jul-26
Kalaburagi,32,CO,23-Jul-26
Kalyan,42,PM10,23-Jul-26
Kannur,45,PM10,23-Jul-26
Kanpur,51,"PM2.5, PM10",23-Jul-26
Karnal,121,PM2.5,23-Jul-26
Karwar,30,NO2,23-Jul-26
Katni,29,SO2,23-Jul-26
Keonjhar,34,CO,23-Jul-26
Khanna,65,PM10,23-Jul-26
Khora,102,CO,23-Jul-26
Khurja,43,PM10,23-Jul-26
Kishanganj,60,PM2.5,23-Jul-26
Kohima,48,SO2,23-Jul-26
Kolhapur,30,PM10,23-Jul-26
Kolkata,40,"PM10, NO2, CO",23-Jul-26
Korba,21,SO2,23-Jul-26
Kota,51,"PM10, O3",23-Jul-26
Kunjemura,23,CO,23-Jul-26
Kurnool,39,PM10,23-Jul-26
Kurukshetra,52,O3,23-Jul-26
Latur,25,PM10,23-Jul-26
Lucknow,55,"CO, PM10, O3",23-Jul-26
Ludhiana,90,PM10,23-Jul-26
Machilipatnam,56,PM2.5,23-Jul-26
Madikeri,14,CO,23-Jul-26
Mahad,36,PM10,23-Jul-26
Maihar,15,PM10,23-Jul-26
Mandideep,25,PM2.5,23-Jul-26
Mandi Gobindgarh,121,PM10,23-Jul-26
Mandikhera,79,PM10,23-Jul-26
Manesar,62,PM2.5,23-Jul-26
Mangalore,37,O3,23-Jul-26
Mathura,51,PM10,23-Jul-26
Meerut,63,"PM10, O3",23-Jul-26
Mehsana,58,PM10,23-Jul-26
Milupara,27,NO2,23-Jul-26
Mira-Bhayandar,20,PM10,23-Jul-26
Modinagar,54,PM10,23-Jul-26
Moradabad,44,"CO, PM10",23-Jul-26
Mumbai,38,"NO2, PM10",23-Jul-26
Munger,27,PM10,23-Jul-26
Muzaffarnagar,57,PM10,23-Jul-26
Muzaffarpur,37,"O3, PM2.5, PM10",23-Jul-26
Mysuru,39,PM10,23-Jul-26
Nagaon,58,PM2.5,23-Jul-26
Nagaur,36,PM10,23-Jul-26
Nagpur,35,"CO, PM10",23-Jul-26
Naharlagun,16,PM10,23-Jul-26
Nalbari,67,PM2.5,23-Jul-26
Nanded,28,NO2,23-Jul-26
Narnaul,177,PM2.5,23-Jul-26
Nashik,27,"CO, O3, PM10",23-Jul-26
Navi Mumbai,33,"CO, PM10",23-Jul-26
Nellore,66,PM10,23-Jul-26
Noida,61,"PM10, O3",23-Jul-26
Pali,65,PM2.5,23-Jul-26
Palwal,72,PM10,23-Jul-26
Pampore,16,PM10,23-Jul-26
Panchgaon,42,O3,23-Jul-26
Panchkula,34,O3,23-Jul-26
Panipat,164,PM2.5,23-Jul-26
Parbhani,50,PM10,23-Jul-26
Patiala,40,PM10,23-Jul-26
Patna,58,"PM10, O3",23-Jul-26
Pimpri-Chinchwad,38,PM10,23-Jul-26
Pithampur,30,PM10,23-Jul-26
Prayagraj,31,SO2,23-Jul-26
Puducherry,55,O3,23-Jul-26
Pune,47,"CO, PM10",23-Jul-26
Purnia,58,CO,23-Jul-26
Raebareli,74,CO,23-Jul-26
Raipur,15,CO,23-Jul-26
Rajamahendravaram,37,PM10,23-Jul-26
Rajgir,41,CO,23-Jul-26
Rajkot,85,PM10,23-Jul-26
Rajsamand,77,CO,23-Jul-26
Ramanagara,36,PM10,23-Jul-26
Ratlam,36,NO2,23-Jul-26
Rishikesh,37,CO,23-Jul-26
Rohtak,48,PM10,23-Jul-26
Rourkela,64,PM2.5,23-Jul-26
Sagar,37,CO,23-Jul-26
Samastipur,38,PM2.5,23-Jul-26
Sangli,30,PM10,23-Jul-26
Sasaram,168,PM2.5,23-Jul-26
Satna,71,PM10,23-Jul-26
Sawai Madhopur,38,PM10,23-Jul-26
Shamli,57,CO,23-Jul-26
Shillong,26,SO2,23-Jul-26
Sikar,39,O3,23-Jul-26
Silchar,54,PM10,23-Jul-26
Siliguri,118,NO2,23-Jul-26
Singrauli,20,O3,23-Jul-26
Sirohi,40,PM10,23-Jul-26
Sirsa,85,CO,23-Jul-26
Sivasagar,37,O3,23-Jul-26
Siwan,104,PM10,23-Jul-26
Solapur,22,O3,23-Jul-26
Sonipat,112,PM10,23-Jul-26
Srinagar,22,PM10,23-Jul-26
Suakati,42,PM10,23-Jul-26
Surat,40,CO,23-Jul-26
Talcher,60,NO2,23-Jul-26
Thane,24,"PM10, O3",23-Jul-26
Thiruvananthapuram,40,PM10,23-Jul-26
Thoothukudi,65,PM10,23-Jul-26
Thrissur,58,PM10,23-Jul-26
Tirumala,47,NO2,23-Jul-26
Tirupati,74,PM10,23-Jul-26
Tonk,57,PM10,23-Jul-26
Tumidih,41,PM2.5,23-Jul-26
Udaipur,55,PM10,23-Jul-26
Ujjain,34,O3,23-Jul-26
Ulhasnagar,37,PM10,23-Jul-26
Vadodara,78,CO,23-Jul-26
Varanasi,44,"PM10, NO2",23-Jul-26
Vatva,92,PM10,23-Jul-26
Vijayapura,43,PM10,23-Jul-26
Vijayawada,63,"PM2.5, PM10",23-Jul-26
Virar,36,CO,23-Jul-26
Visakhapatnam,121,PM10,23-Jul-26
Vrindavan,32,SO2,23-Jul-26
Yadgir,29,PM10,23-Jul-26
Yamuna Nagar,78,PM10,23-Jul-26
Agartala,62,PM10,22-Jul-26
Agra,68,"PM2.5, SO2, PM10",22-Jul-26
Ahmedabad,69,PM10,22-Jul-26
Ahmednagar,33,PM10,22-Jul-26
Aizawl,14,SO2,22-Jul-26
Ajmer,46,PM10,22-Jul-26
Akola,30,CO,22-Jul-26
Alwar,55,"PM10, PM2.5",22-Jul-26
Amaravati,53,PM10,22-Jul-26
Ambala,73,PM10,22-Jul-26
Ambernath,46,PM10,22-Jul-26
Amravati,17,CO,22-Jul-26
Amritsar,98,PM10,22-Jul-26
Anantapur,58,PM2.5,22-Jul-26
Angul,50,CO,22-Jul-26
Ankleshwar,56,CO,22-Jul-26
Araria,39,PM2.5,22-Jul-26
Arrah,52,CO,22-Jul-26
Asansol,49,"SO2, CO",22-Jul-26
Aurangabad (Maharashtra),50,PM2.5,22-Jul-26
Baddi,95,PM10,22-Jul-26
Badlapur,48,PM10,22-Jul-26
Bagalkot,50,PM10,22-Jul-26
Baghpat,51,O3,22-Jul-26
Bahadurgarh,115,PM10,22-Jul-26
Balasore,40,O3,22-Jul-26
Ballabgarh,130,PM10,22-Jul-26
Banswara,126,PM10,22-Jul-26
Baran,60,O3,22-Jul-26
Barbil,28,PM10,22-Jul-26
Bareilly,52,"O3, PM10",22-Jul-26
Baripada,41,O3,22-Jul-26
Barmer,73,PM10,22-Jul-26
Barrackpore,40,CO,22-Jul-26
Beed,67,PM10,22-Jul-26
Belapur,30,PM10,22-Jul-26
Bengaluru,62,PM10,22-Jul-26
Bhagalpur,30,PM10,22-Jul-26
Bharatpur,39,O3,22-Jul-26
Bhavnagar,83,CO,22-Jul-26
Bhilai,17,"CO, O3",22-Jul-26
Bhilwara,77,PM10,22-Jul-26
Bhiwadi,84,PM10,22-Jul-26
Bhiwandi,45,PM10,22-Jul-26
Bhiwani,35,PM2.5,22-Jul-26
Bhopal,35,"PM10, CO",22-Jul-26
Bhubaneswar,41,CO,22-Jul-26
Bilaspur,69,CO,22-Jul-26
Bileipada,23,CO,22-Jul-26
Boisar,47,PM10,22-Jul-26
Brajrajnagar,43,O3,22-Jul-26
Bulandshahr,33,PM10,22-Jul-26
Bundi,36,NO2,22-Jul-26
Byasanagar,54,PM2.5,22-Jul-26
Byrnihat (Assam),63,PM2.5,22-Jul-26
Byrnihat (Meghalaya),142,PM2.5,22-Jul-26
Chandigarh,32,"CO, PM2.5",22-Jul-26
Chandrapur,36,CO,22-Jul-26
Charkhi Dadri,46,PM2.5,22-Jul-26
Chennai,76,PM10,22-Jul-26
Chhapra,87,CO,22-Jul-26
Chikkamagaluru,33,PM10,22-Jul-26
Chittoor,69,PM2.5,22-Jul-26
Chittorgarh,55,PM10,22-Jul-26
Churu,41,PM10,22-Jul-26
Coimbatore,27,SO2,22-Jul-26
Cuddalore,23,SO2,22-Jul-26
Cuttack,47,O3,22-Jul-26
Dausa,31,O3,22-Jul-26
Delhi,64,"PM10, NO2",22-Jul-26
Dewas,77,NO2,22-Jul-26
Dhanbad,106,NO2,22-Jul-26
Dharuhera,67,PM2.5,22-Jul-26
Dharwad,63,PM10,22-Jul-26
Dholpur,90,PM2.5,22-Jul-26
Dombivli,18,PM10,22-Jul-26
Dungarpur,63,PM10,22-Jul-26
Durgapur,41,"PM10, O3",22-Jul-26
Eluru,50,PM10,22-Jul-26
Faridabad,96,PM10,22-Jul-26
Firozabad,33,CO,22-Jul-26
Gadag,36,PM10,22-Jul-26
Gandhinagar,77,PM10,22-Jul-26
Gangtok,13,PM2.5,22-Jul-26
Gaya,41,"O3, PM10",22-Jul-26
Ghaziabad,45,"PM2.5, PM10",22-Jul-26
Greater Noida,84,PM10,22-Jul-26
Gummidipoondi,94,PM10,22-Jul-26
Guntur,48,PM2.5,22-Jul-26
Gurugram,80,"PM2.5, CO",22-Jul-26
Guwahati,46,"PM2.5, SO2",22-Jul-26
Gwalior,55,"CO, O3",22-Jul-26
Hajipur,39,O3,22-Jul-26
Haldia,26,CO,22-Jul-26
Hanumangarh,59,O3,22-Jul-26
Hapur,32,PM2.5,22-Jul-26
Hisar,44,PM10,22-Jul-26
Howrah,46,"CO, NO2",22-Jul-26
Hubballi,50,PM10,22-Jul-26
Hyderabad,44,"CO, PM10",22-Jul-26
Indore,57,"CO, NO2, PM2.5",22-Jul-26
Jabalpur,44,"NO2, CO",22-Jul-26
Jaipur,52,"CO, PM2.5",22-Jul-26
Jaisalmer,68,PM10,22-Jul-26
Jalandhar,44,O3,22-Jul-26
Jalgaon,30,CO,22-Jul-26
Jalna,19,NO2,22-Jul-26
Jalore,70,PM10,22-Jul-26
Jhalawar,53,PM10,22-Jul-26
Jhansi,49,PM10,22-Jul-26
Jhunjhunu,72,PM10,22-Jul-26
Jind,56,PM10,22-Jul-26
Jodhpur,64,PM10,22-Jul-26
Jorapokhar,84,PM10,22-Jul-26
Kadapa,52,PM10,22-Jul-26
Kaithal,40,PM10,22-Jul-26
Kalaburagi,44,CO,22-Jul-26
Kalyan,46,PM10,22-Jul-26
Kannur,47,PM2.5,22-Jul-26
Kanpur,44,"CO, PM10, NO2",22-Jul-26
Karauli,39,NO2,22-Jul-26
Karnal,85,PM2.5,22-Jul-26
Kashipur,45,SO2,22-Jul-26
Katni,31,O3,22-Jul-26
Keonjhar,35,CO,22-Jul-26
Khanna,69,PM10,22-Jul-26
Khora,103,CO,22-Jul-26
Khurja,49,PM10,22-Jul-26
Kishanganj,64,PM2.5,22-Jul-26
Kohima,49,SO2,22-Jul-26
Kolhapur,33,"PM2.5, PM10",22-Jul-26
Kolkata,38,"PM10, CO, NO2",22-Jul-26
Koppal,30,NO2,22-Jul-26
Korba,18,"CO, SO2",22-Jul-26
Kota,47,"PM2.5, PM10, NO2",22-Jul-26
Kunjemura,22,CO,22-Jul-26
Kurnool,35,PM10,22-Jul-26
Kurukshetra,59,PM2.5,22-Jul-26
Latur,20,PM10,22-Jul-26
Lucknow,52,"O3, CO",22-Jul-26
Ludhiana,76,PM10,22-Jul-26
Machilipatnam,56,PM2.5,22-Jul-26
Madikeri,14,CO,22-Jul-26
Mahad,34,PM10,22-Jul-26
Maihar,22,PM2.5,22-Jul-26
Malegaon,28,PM10,22-Jul-26
Mandideep,24,PM10,22-Jul-26
Mandi Gobindgarh,107,PM10,22-Jul-26
Mandikhera,78,PM10,22-Jul-26
Manesar,42,PM2.5,22-Jul-26
Mangalore,37,O3,22-Jul-26
Mathura,37,PM10,22-Jul-26
Meerut,48,"PM10, O3",22-Jul-26
Mehsana,73,PM10,22-Jul-26
Mira-Bhayandar,23,PM2.5,22-Jul-26
Modinagar,51,PM10,22-Jul-26
Moradabad,41,"CO, PM10",22-Jul-26
Motihari,60,O3,22-Jul-26
Mumbai,41,"NO2, PM10",22-Jul-26
Muzaffarnagar,54,PM10,22-Jul-26
Muzaffarpur,40,"PM2.5, O3, PM10",22-Jul-26
Mysuru,43,PM10,22-Jul-26
Nagaon,57,PM2.5,22-Jul-26
Nagaur,33,PM10,22-Jul-26
Nagpur,30,"CO, PM10",22-Jul-26
Nalbari,58,PM2.5,22-Jul-26
Nanded,28,PM10,22-Jul-26
Nashik,29,"CO, PM10",22-Jul-26
Navi Mumbai,30,"CO, PM10",22-Jul-26
Nellore,67,PM2.5,22-Jul-26
Noida,55,"PM10, O3",22-Jul-26
Palwal,96,PM10,22-Jul-26
Pampore,37,PM10,22-Jul-26
Panchgaon,45,CO,22-Jul-26
Panchkula,30,NO2,22-Jul-26
Parbhani,40,PM10,22-Jul-26
Patiala,35,O3,22-Jul-26
Patna,63,"PM2.5, O3",22-Jul-26
Pimpri-Chinchwad,37,"PM10, CO",22-Jul-26
Pithampur,43,PM10,22-Jul-26
Pratapgarh,44,O3,22-Jul-26
Prayagraj,32,SO2,22-Jul-26
Puducherry,54,O3,22-Jul-26
Pune,48,CO,22-Jul-26
Purnia,57,CO,22-Jul-26
Raebareli,74,CO,22-Jul-26
Raipur,20,"PM10, CO",22-Jul-26
Rajamahendravaram,29,PM10,22-Jul-26
Rajgir,81,PM2.5,22-Jul-26
Rajkot,90,CO,22-Jul-26
Ramanagara,40,O3,22-Jul-26
Ratlam,37,NO2,22-Jul-26
Rishikesh,37,CO,22-Jul-26
Rohtak,38,PM10,22-Jul-26
Rourkela,57,PM10,22-Jul-26
Sagar,38,O3,22-Jul-26
Samastipur,27,PM2.5,22-Jul-26
Sangli,28,PM10,22-Jul-26
Sasaram,295,PM2.5,22-Jul-26
Satna,70,PM10,22-Jul-26
Sawai Madhopur,30,PM10,22-Jul-26
Shamli,79,CO,22-Jul-26
Shivamogga,48,O3,22-Jul-26
Sikar,35,O3,22-Jul-26
Silchar,50,PM10,22-Jul-26
Siliguri,117,NO2,22-Jul-26
Singrauli,46,PM10,22-Jul-26
Sirohi,56,PM10,22-Jul-26
Sirsa,86,CO,22-Jul-26
Sivasagar,37,O3,22-Jul-26
Solapur,26,"O3, PM10",22-Jul-26
Sonipat,133,PM10,22-Jul-26
Sri Ganganagar,65,PM10,22-Jul-26
Srinagar,27,PM10,22-Jul-26
Suakati,32,PM10,22-Jul-26
Surat,49,"PM10, CO",22-Jul-26
Talcher,66,SO2,22-Jul-26
Tensa,31,SO2,22-Jul-26
Thane,29,PM10,22-Jul-26
Thiruvananthapuram,39,PM10,22-Jul-26
Thoothukudi,66,PM10,22-Jul-26
Thrissur,58,PM10,22-Jul-26
Tirumala,52,NO2,22-Jul-26
Tirupati,64,PM10,22-Jul-26
Tonk,57,CO,22-Jul-26
Tumakuru,62,PM10,22-Jul-26
Tumidih,42,CO,22-Jul-26
Udaipur,54,PM10,22-Jul-26
Ujjain,48,PM2.5,22-Jul-26
Ulhasnagar,39,PM10,22-Jul-26
Vadodara,101,CO,22-Jul-26
Varanasi,45,PM10,22-Jul-26
Vatva,99,PM10,22-Jul-26
Vijayapura,43,PM10,22-Jul-26
Vijayawada,60,"PM2.5, PM10",22-Jul-26
Virar,28,CO,22-Jul-26
Visakhapatnam,88,PM10,22-Jul-26
Vrindavan,28,PM2.5,22-Jul-26
Yadgir,27,PM10,22-Jul-26
Yamuna Nagar,72,PM10,22-Jul-26
Agartala,76,PM10,21-Jul-26
Agra,71,"PM2.5, PM10",21-Jul-26
Ahmedabad,66,"PM2.5, PM10",21-Jul-26
Ahmednagar,42,PM10,21-Jul-26
Aizawl,14,SO2,21-Jul-26
Ajmer,74,PM10,21-Jul-26
Akola,59,PM10,21-Jul-26
Alwar,63,"PM10, PM2.5",21-Jul-26
Amaravati,34,PM10,21-Jul-26
Ambala,95,PM10,21-Jul-26
Ambernath,51,PM10,21-Jul-26
Amravati,22,"CO, PM10",21-Jul-26
Amritsar,78,PM10,21-Jul-26
Anantapur,66,PM2.5,21-Jul-26
Angul,63,PM2.5,21-Jul-26
Ankleshwar,51,CO,21-Jul-26
Araria,40,PM2.5,21-Jul-26
Asansol,54,"SO2, CO",21-Jul-26
Aurangabad (Maharashtra),50,"CO, PM10",21-Jul-26
Baddi,101,PM10,21-Jul-26
Badlapur,48,PM10,21-Jul-26
Bagalkot,51,PM10,21-Jul-26
Baghpat,56,PM10,21-Jul-26
Bahadurgarh,76,PM2.5,21-Jul-26
Balasore,40,CO,21-Jul-26
Ballabgarh,130,PM2.5,21-Jul-26
Banswara,74,PM10,21-Jul-26
Baran,53,O3,21-Jul-26
Barbil,36,PM10,21-Jul-26
Bareilly,37,"O3, PM10",21-Jul-26
Baripada,47,O3,21-Jul-26
Barmer,76,PM10,21-Jul-26
Barrackpore,37,CO,21-Jul-26
Bathinda,78,CO,21-Jul-26
Beed,53,PM10,21-Jul-26
Belapur,31,PM10,21-Jul-26
Bengaluru,59,PM10,21-Jul-26
Bhagalpur,66,"PM10, PM2.5",21-Jul-26
Bharatpur,34,O3,21-Jul-26
Bhavnagar,83,CO,21-Jul-26
Bhilai,20,"PM10, CO",21-Jul-26
Bhilwara,87,PM10,21-Jul-26
Bhiwadi,81,PM10,21-Jul-26
Bhiwandi,46,PM10,21-Jul-26
Bhiwani,42,PM2.5,21-Jul-26
Bhopal,43,PM10,21-Jul-26
Bhubaneswar,49,"CO, PM10",21-Jul-26
Bikaner,92,PM10,21-Jul-26
Bilaspur,60,CO,21-Jul-26
Bileipada,54,PM2.5,21-Jul-26
Boisar,49,PM10,21-Jul-26
Brajrajnagar,43,O3,21-Jul-26
Bulandshahr,35,CO,21-Jul-26
Bundi,113,PM10,21-Jul-26
Byasanagar,48,PM10,21-Jul-26
Byrnihat (Meghalaya),134,PM2.5,21-Jul-26
Chamarajanagar,45,PM10,21-Jul-26
Chandigarh,37,"CO, PM10",21-Jul-26
Chandrapur,42,CO,21-Jul-26
Charkhi Dadri,90,PM2.5,21-Jul-26
Chennai,82,PM10,21-Jul-26
Chhapra,106,PM10,21-Jul-26
Chittoor,65,PM2.5,21-Jul-26
Chittorgarh,50,PM10,21-Jul-26
Churu,57,PM10,21-Jul-26
Coimbatore,32,PM2.5,21-Jul-26
Cuddalore,42,"PM10, SO2",21-Jul-26
Cuttack,66,PM10,21-Jul-26
Dausa,66,CO,21-Jul-26
Dehradun,27,PM10,21-Jul-26
Delhi,69,"PM2.5, PM10",21-Jul-26
Dewas,78,NO2,21-Jul-26
Dhanbad,105,NO2,21-Jul-26
Dharuhera,76,PM2.5,21-Jul-26
Dharwad,63,PM10,21-Jul-26
Dholpur,58,PM2.5,21-Jul-26
Dombivli,22,PM10,21-Jul-26
Dungarpur,62,CO,21-Jul-26
Durgapur,36,"CO, PM10, O3",21-Jul-26
Eluru,64,PM10,21-Jul-26
Faridabad,110,"PM2.5, PM10",21-Jul-26
Fatehabad,176,PM10,21-Jul-26
Firozabad,40,"PM10, CO",21-Jul-26
Gadag,32,PM10,21-Jul-26
Gandhinagar,62,PM10,21-Jul-26
Gangtok,15,PM2.5,21-Jul-26
Gaya,29,PM10,21-Jul-26
Ghaziabad,56,PM10,21-Jul-26
Greater Noida,73,PM10,21-Jul-26
Gummidipoondi,108,PM10,21-Jul-26
Guntur,53,PM2.5,21-Jul-26
Gurugram,121,"PM2.5, PM10",21-Jul-26
Guwahati,47,"PM2.5, SO2",21-Jul-26
Gwalior,60,"CO, PM10, NO2",21-Jul-26
Hajipur,41,O3,21-Jul-26
Haldia,33,PM10,21-Jul-26
Hanumangarh,59,O3,21-Jul-26
Hingoli,23,O3,21-Jul-26
Hisar,86,CO,21-Jul-26
Howrah,46,"CO, O3, NO2",21-Jul-26
Hubballi,48,PM10,21-Jul-26
Hyderabad,46,"PM2.5, PM10",21-Jul-26
Indore,52,"CO, NO2, PM2.5",21-Jul-26
Jabalpur,46,"NO2, CO",21-Jul-26
Jaipur,85,"PM10, O3, PM2.5",21-Jul-26
Jaisalmer,55,PM10,21-Jul-26
Jalandhar,43,PM10,21-Jul-26
Jalgaon,32,CO,21-Jul-26
Jalna,23,PM10,21-Jul-26
Jalore,74,PM10,21-Jul-26
Jhalawar,56,CO,21-Jul-26
Jhansi,30,PM10,21-Jul-26
Jhunjhunu,45,PM10,21-Jul-26
Jind,112,PM2.5,21-Jul-26
Jodhpur,66,"PM10, O3",21-Jul-26
Jorapokhar,93,PM10,21-Jul-26
Kadapa,55,PM10,21-Jul-26
Kaithal,66,PM10,21-Jul-26
Kalaburagi,39,CO,21-Jul-26
Kalyan,52,PM10,21-Jul-26
Kannur,46,PM10,21-Jul-26
Kanpur,42,"NO2, CO",21-Jul-26
Karauli,50,NO2,21-Jul-26
Karnal,51,CO,21-Jul-26
Karwar,41,NO2,21-Jul-26
Katihar,72,CO,21-Jul-26
Katni,38,PM10,21-Jul-26
Keonjhar,36,CO,21-Jul-26
Khanna,67,PM10,21-Jul-26
Khora,97,CO,21-Jul-26
Khurja,23,O3,21-Jul-26
Kishanganj,33,O3,21-Jul-26
Kohima,51,SO2,21-Jul-26
Kolhapur,34,PM10,21-Jul-26
Kolkata,38,"PM10, CO, PM2.5",21-Jul-26
Kollam,53,PM10,21-Jul-26
Koppal,29,NO2,21-Jul-26
Korba,42,CO,21-Jul-26
Kota,61,"PM2.5, PM10",21-Jul-26
Kunjemura,28,CO,21-Jul-26
Kurnool,36,PM10,21-Jul-26
Kurukshetra,50,O3,21-Jul-26
Latur,24,PM10,21-Jul-26
Lucknow,40,O3,21-Jul-26
Ludhiana,74,PM10,21-Jul-26
Machilipatnam,54,PM2.5,21-Jul-26
Madikeri,14,CO,21-Jul-26
Mahad,35,PM10,21-Jul-26
Maihar,55,PM10,21-Jul-26
Malegaon,40,PM10,21-Jul-26
Mandideep,64,PM10,21-Jul-26
Mandi Gobindgarh,135,PM10,21-Jul-26
Mandikhera,78,PM10,21-Jul-26
Manesar,54,PM2.5,21-Jul-26
Mangalore,37,O3,21-Jul-26
Meerut,51,"PM10, PM2.5, O3",21-Jul-26
Mehsana,71,CO,21-Jul-26
Mira-Bhayandar,21,PM10,21-Jul-26
Modinagar,76,PM10,21-Jul-26
Moradabad,44,"CO, PM10, SO2",21-Jul-26
Motihari,59,O3,21-Jul-26
Mumbai,42,"NO2, PM10",21-Jul-26
Muzaffarnagar,44,O3,21-Jul-26
Muzaffarpur,41,"O3, PM2.5, PM10",21-Jul-26
Mysuru,75,O3,21-Jul-26
Nagaon,54,PM2.5,21-Jul-26
Nagaur,59,PM10,21-Jul-26
Nagpur,33,"CO, PM2.5",21-Jul-26
Naharlagun,28,PM10,21-Jul-26
Nalbari,66,PM2.5,21-Jul-26
Nanded,25,PM10,21-Jul-26
Narnaul,113,PM2.5,21-Jul-26
Nashik,31,"CO, PM10",21-Jul-26
Navi Mumbai,30,"CO, PM10",21-Jul-26
Nellore,60,PM2.5,21-Jul-26
Noida,66,"PM10, PM2.5",21-Jul-26
Pali,102,PM2.5,21-Jul-26
Pampore,60,PM10,21-Jul-26
Panchgaon,61,PM2.5,21-Jul-26
Panchkula,34,O3,21-Jul-26
Parbhani,40,PM10,21-Jul-26
Patiala,37,PM10,21-Jul-26
Patna,68,"PM2.5, O3",21-Jul-26
Pimpri-Chinchwad,44,PM10,21-Jul-26
Pithampur,49,PM2.5,21-Jul-26
Pratapgarh,44,PM10,21-Jul-26
Prayagraj,31,"O3, SO2",21-Jul-26
Puducherry,48,O3,21-Jul-26
Pune,51,"CO, PM10",21-Jul-26
Purnia,55,CO,21-Jul-26
Raebareli,74,CO,21-Jul-26
Raipur,32,"PM10, CO",21-Jul-26
Rajamahendravaram,33,PM10,21-Jul-26
Rajgir,56,PM2.5,21-Jul-26
Rajkot,90,CO,21-Jul-26
Rajsamand,64,PM10,21-Jul-26
Ramanagara,30,PM10,21-Jul-26
Ratlam,37,NO2,21-Jul-26
Rishikesh,37,CO,21-Jul-26
Rohtak,44,PM10,21-Jul-26
Rourkela,56,"PM2.5, PM10",21-Jul-26
Sangli,32,PM10,21-Jul-26
Satna,70,PM10,21-Jul-26
Sawai Madhopur,55,PM10,21-Jul-26
Shivamogga,49,O3,21-Jul-26
Sikar,36,PM10,21-Jul-26
Silchar,50,CO,21-Jul-26
Siliguri,116,NO2,21-Jul-26
Singrauli,40,PM2.5,21-Jul-26
Sirohi,73,PM10,21-Jul-26
Sirsa,84,CO,21-Jul-26
Sivasagar,48,O3,21-Jul-26
Solapur,25,"PM2.5, PM10",21-Jul-26
Sonipat,171,PM10,21-Jul-26
Sri Ganganagar,139,PM10,21-Jul-26
Srinagar,38,"PM2.5, PM10",21-Jul-26
Surat,44,CO,21-Jul-26
Talcher,128,PM2.5,21-Jul-26
Tensa,37,SO2,21-Jul-26
Thane,31,"PM10, O3",21-Jul-26
Thiruvananthapuram,61,"PM2.5, PM10",21-Jul-26
Thoothukudi,67,PM10,21-Jul-26
Thrissur,50,PM10,21-Jul-26
Tirumala,45,NO2,21-Jul-26
Tirupati,68,PM10,21-Jul-26
Tonk,65,PM10,21-Jul-26
Tumakuru,64,PM10,21-Jul-26
Udaipur,70,PM10,21-Jul-26
Ujjain,35,PM2.5,21-Jul-26
Ulhasnagar,40,PM10,21-Jul-26
Vadodara,101,CO,21-Jul-26
Varanasi,35,"PM10, NO2",21-Jul-26
Vatva,107,PM10,21-Jul-26
Vijayapura,43,PM10,21-Jul-26
Vijayawada,63,"PM2.5, PM10",21-Jul-26
Virar,49,CO,21-Jul-26
Visakhapatnam,95,PM10,21-Jul-26
Vrindavan,37,PM10,21-Jul-26
Yadgir,27,PM10,21-Jul-26
Yamuna Nagar,64,PM10,21-Jul-26
Agartala,54,PM2.5,20-Jul-26
Agra,94,"PM10, PM2.5",20-Jul-26
Ahmedabad,61,PM10,20-Jul-26
Ahmednagar,44,PM10,20-Jul-26
Aizawl,16,PM10,20-Jul-26
Ajmer,87,PM10,20-Jul-26
Akola,59,PM10,20-Jul-26
Alwar,95,PM2.5,20-Jul-26
Amaravati,52,PM10,20-Jul-26
Ambala,75,PM10,20-Jul-26
Amravati,35,PM10,20-Jul-26
Amritsar,69,PM10,20-Jul-26
Anantapur,94,PM2.5,20-Jul-26
Angul,54,CO,20-Jul-26
Ankleshwar,65,CO,20-Jul-26
Araria,39,PM2.5,20-Jul-26
Asansol,50,"SO2, CO, PM10",20-Jul-26
Aurangabad (Maharashtra),42,"PM2.5, CO",20-Jul-26
Baddi,151,PM10,20-Jul-26
Badlapur,48,PM10,20-Jul-26
Bagalkot,51,PM10,20-Jul-26
Baghpat,133,PM10,20-Jul-26
Bahadurgarh,169,PM2.5,20-Jul-26
Balasore,63,PM10,20-Jul-26
Ballabgarh,135,PM10,20-Jul-26
Banswara,96,PM10,20-Jul-26
Baran,64,PM10,20-Jul-26
Barbil,60,PM10,20-Jul-26
Bareilly,49,"O3, PM10",20-Jul-26
Baripada,60,O3,20-Jul-26
Barmer,77,PM10,20-Jul-26
Barrackpore,58,PM10,20-Jul-26
Bathinda,78,CO,20-Jul-26
Beed,48,PM10,20-Jul-26
Belapur,35,CO,20-Jul-26
Bengaluru,59,"PM10, PM2.5",20-Jul-26
Bhagalpur,92,PM10,20-Jul-26
Bharatpur,31,PM10,20-Jul-26
Bhavnagar,83,CO,20-Jul-26
Bhilai,23,"PM10, CO",20-Jul-26
Bhilwara,87,PM10,20-Jul-26
Bhiwadi,98,PM10,20-Jul-26
Bhiwani,124,PM2.5,20-Jul-26
Bhopal,49,PM10,20-Jul-26
Bhubaneswar,63,PM2.5,20-Jul-26
Bikaner,89,PM10,20-Jul-26
Bilaspur,31,CO,20-Jul-26
Bileipada,98,PM10,20-Jul-26
Boisar,44,PM10,20-Jul-26
Brajrajnagar,55,PM10,20-Jul-26
Bulandshahr,73,PM10,20-Jul-26
Bundi,69,PM10,20-Jul-26
Byasanagar,66,PM2.5,20-Jul-26
Byrnihat (Assam),73,PM2.5,20-Jul-26
Chamarajanagar,36,PM10,20-Jul-26
Chandigarh,64,"CO, PM10",20-Jul-26
Chandrapur,46,"PM10, CO",20-Jul-26
Charkhi Dadri,101,PM2.5,20-Jul-26
Chennai,84,PM10,20-Jul-26
Chhal,77,O3,20-Jul-26
Chhapra,112,PM10,20-Jul-26
Chittoor,67,PM2.5,20-Jul-26
Chittorgarh,65,PM10,20-Jul-26
Churu,101,PM10,20-Jul-26
Damoh,50,SO2,20-Jul-26
Dausa,68,PM10,20-Jul-26
Delhi,127,"PM2.5, PM10",20-Jul-26
Dewas,82,NO2,20-Jul-26
Dhanbad,101,NO2,20-Jul-26
Dharuhera,88,PM2.5,20-Jul-26
Dharwad,75,PM10,20-Jul-26
Dholpur,86,PM2.5,20-Jul-26
Dombivli,15,O3,20-Jul-26
Dungarpur,49,PM10,20-Jul-26
Durgapur,63,"NO2, PM10",20-Jul-26
Eluru,59,PM2.5,20-Jul-26
Faridabad,168,"PM2.5, PM10",20-Jul-26
Firozabad,49,"PM10, PM2.5",20-Jul-26
Gandhinagar,60,PM10,20-Jul-26
Gaya,74,"PM2.5, PM10",20-Jul-26
Ghaziabad,122,PM10,20-Jul-26
Greater Noida,123,PM10,20-Jul-26
Gummidipoondi,85,PM10,20-Jul-26
Guntur,54,PM10,20-Jul-26
Gurugram,103,"PM2.5, PM10",20-Jul-26
Guwahati,96,"PM2.5, SO2",20-Jul-26
Gwalior,63,"O3, PM2.5",20-Jul-26
Hajipur,44,PM10,20-Jul-26
Haldia,56,PM10,20-Jul-26
Hanumangarh,91,PM10,20-Jul-26
Hapur,75,PM10,20-Jul-26
Hingoli,26,O3,20-Jul-26
Hisar,110,PM10,20-Jul-26
Howrah,61,"PM2.5, CO",20-Jul-26
Hubballi,57,PM10,20-Jul-26
Hyderabad,43,PM10,20-Jul-26
Indore,54,"CO, NO2, PM2.5",20-Jul-26
Jabalpur,47,"PM2.5, PM10",20-Jul-26
Jaipur,97,"PM10, PM2.5",20-Jul-26
Jaisalmer,61,PM10,20-Jul-26
Jalandhar,87,PM10,20-Jul-26
Jalgaon,32,O3,20-Jul-26
Jalna,29,O3,20-Jul-26
Jalore,72,PM10,20-Jul-26
Jhalawar,57,PM10,20-Jul-26
Jhunjhunu,92,PM10,20-Jul-26
Jind,178,PM2.5,20-Jul-26
Jodhpur,66,PM10,20-Jul-26
Jorapokhar,91,PM10,20-Jul-26
Kadapa,47,PM10,20-Jul-26
Kaithal,116,PM2.5,20-Jul-26
Kalaburagi,29,CO,20-Jul-26
Kalyan,51,"PM2.5, PM10",20-Jul-26
Kannur,45,PM10,20-Jul-26
Kanpur,42,"CO, PM10",20-Jul-26
Karnal,202,PM2.5,20-Jul-26
Karwar,57,PM10,20-Jul-26
Katihar,82,CO,20-Jul-26
Katni,55,PM10,20-Jul-26
Keonjhar,35,CO,20-Jul-26
Khairthal,81,PM10,20-Jul-26
Khanna,69,PM10,20-Jul-26
Khora,182,PM2.5,20-Jul-26
Khurja,52,PM10,20-Jul-26
Kishanganj,33,O3,20-Jul-26
Kohima,47,SO2,20-Jul-26
Kolhapur,30,PM10,20-Jul-26
Kolkata,52,PM10,20-Jul-26
Koppal,29,NO2,20-Jul-26
Korba,39,"PM10, CO",20-Jul-26
Kota,62,"PM10, PM2.5",20-Jul-26
Kunjemura,32,PM10,20-Jul-26
Kurnool,31,PM10,20-Jul-26
Kurukshetra,87,PM10,20-Jul-26
Latur,23,PM10,20-Jul-26
Lucknow,51,"PM10, CO",20-Jul-26
Ludhiana,90,PM10,20-Jul-26
Machilipatnam,58,PM10,20-Jul-26
Madikeri,14,CO,20-Jul-26
Mahad,33,PM10,20-Jul-26
Maihar,75,PM10,20-Jul-26
Malegaon,40,PM10,20-Jul-26
Mandideep,61,PM10,20-Jul-26
Mandi Gobindgarh,137,PM2.5,20-Jul-26
Mandikhera,79,PM10,20-Jul-26
Manesar,107,PM2.5,20-Jul-26
Mangalore,37,O3,20-Jul-26
Mathura,84,PM10,20-Jul-26
Meerut,94,"PM2.5, PM10",20-Jul-26
Mehsana,72,PM10,20-Jul-26
Milupara,36,PM10,20-Jul-26
Mira-Bhayandar,18,PM2.5,20-Jul-26
Modinagar,100,PM2.5,20-Jul-26
Moradabad,49,"SO2, CO, PM2.5",20-Jul-26
Mumbai,38,"NO2, PM10",20-Jul-26
Muzaffarnagar,77,PM10,20-Jul-26
Muzaffarpur,44,"PM10, PM2.5",20-Jul-26
Mysuru,38,PM10,20-Jul-26
Nagaon,50,PM2.5,20-Jul-26
Nagaur,65,PM10,20-Jul-26
Nagpur,43,"PM10, PM2.5",20-Jul-26
Naharlagun,10,SO2,20-Jul-26
Nalbari,71,PM2.5,20-Jul-26
Nanded,33,O3,20-Jul-26
Narnaul,70,PM10,20-Jul-26
Nashik,35,"PM10, CO",20-Jul-26
Navi Mumbai,25,"PM10, PM2.5",20-Jul-26
Nellore,54,PM10,20-Jul-26
Noida,123,PM10,20-Jul-26
Pali,99,PM2.5,20-Jul-26
Palwal,86,PM10,20-Jul-26
Pampore,57,PM10,20-Jul-26
Panchgaon,151,PM2.5,20-Jul-26
Panchkula,56,PM2.5,20-Jul-26
Parbhani,39,PM10,20-Jul-26
Patiala,79,PM10,20-Jul-26
Patna,61,"PM10, O3",20-Jul-26
Pimpri-Chinchwad,46,PM10,20-Jul-26
Pithampur,57,PM2.5,20-Jul-26
Pratapgarh,63,PM10,20-Jul-26
Prayagraj,34,"SO2, PM10",20-Jul-26
Puducherry,47,O3,20-Jul-26
Pune,51,CO,20-Jul-26
Raebareli,91,PM10,20-Jul-26
Raipur,21,"CO, PM10",20-Jul-26
Rairangpur,58,PM10,20-Jul-26
Rajkot,90,CO,20-Jul-26
Rajsamand,73,PM10,20-Jul-26
Ramanagara,36,PM10,20-Jul-26
Ratlam,37,NO2,20-Jul-26
Rishikesh,37,CO,20-Jul-26
Rohtak,93,PM10,20-Jul-26
Rourkela,62,"PM2.5, PM10",20-Jul-26
Sagar,49,PM10,20-Jul-26
Sangli,28,PM10,20-Jul-26
Sasaram,289,PM2.5,20-Jul-26
Satna,71,PM10,20-Jul-26
Sawai Madhopur,102,PM10,20-Jul-26
Shivamogga,48,O3,20-Jul-26
Sikar,71,PM10,20-Jul-26
Silchar,52,PM10,20-Jul-26
Siliguri,110,NO2,20-Jul-26
Singrauli,83,PM10,20-Jul-26
Sirohi,68,PM10,20-Jul-26
Sirsa,129,PM10,20-Jul-26
Sivasagar,41,O3,20-Jul-26
Solapur,79,"O3, PM10",20-Jul-26
Sonipat,248,PM2.5,20-Jul-26
Sri Ganganagar,140,PM10,20-Jul-26
Srinagar,46,PM10,20-Jul-26
Surat,61,PM10,20-Jul-26
Talcher,78,PM10,20-Jul-26
Thane,23,O3,20-Jul-26
Thiruvananthapuram,50,"PM10, PM2.5",20-Jul-26
Thoothukudi,65,PM10,20-Jul-26
Thrissur,48,PM10,20-Jul-26
Tirumala,120,PM10,20-Jul-26
Tonk,116,PM10,20-Jul-26
Tumakuru,54,CO,20-Jul-26
Tumidih,55,PM10,20-Jul-26
Udaipur,77,PM10,20-Jul-26
Ujjain,38,O3,20-Jul-26
Ulhasnagar,57,PM10,20-Jul-26
Vadodara,98,CO,20-Jul-26
Varanasi,35,PM10,20-Jul-26
Vatva,105,PM10,20-Jul-26
Vijayapura,43,PM10,20-Jul-26
Vijayawada,69,"PM2.5, PM10",20-Jul-26
Virar,46,CO,20-Jul-26
Visakhapatnam,109,PM10,20-Jul-26
Vrindavan,58,PM10,20-Jul-26
Yadgir,25,O3,20-Jul-26
Yamuna Nagar,62,PM10,20-Jul-26
Agartala,55,PM2.5,19-Jul-26
Agra,103,"PM2.5, PM10",19-Jul-26
Ahmedabad,73,PM10,19-Jul-26
Ahmednagar,26,PM10,19-Jul-26
Aizawl,24,PM10,19-Jul-26
Ajmer,91,PM10,19-Jul-26
Akola,70,PM10,19-Jul-26
Alwar,136,PM2.5,19-Jul-26
Amaravati,69,PM10,19-Jul-26
Ambala,118,PM10,19-Jul-26
Amravati,35,PM10,19-Jul-26
Amritsar,88,PM10,19-Jul-26
Anantapur,139,PM2.5,19-Jul-26
Angul,55,CO,19-Jul-26
Ankleshwar,61,PM10,19-Jul-26
Araria,39,PM2.5,19-Jul-26
Asansol,51,"SO2, CO, PM10",19-Jul-26
Aurangabad (Maharashtra),48,"PM2.5, PM10",19-Jul-26
Baddi,155,PM10,19-Jul-26
Badlapur,49,PM10,19-Jul-26
Bagalkot,51,PM10,19-Jul-26
Baghpat,137,PM10,19-Jul-26
Bahadurgarh,172,PM2.5,19-Jul-26
Balasore,83,PM10,19-Jul-26
Ballabgarh,176,PM10,19-Jul-26
Banswara,82,PM10,19-Jul-26
Baran,73,PM10,19-Jul-26
Barbil,77,PM10,19-Jul-26
Bareilly,82,O3,19-Jul-26
Baripada,70,PM10,19-Jul-26
Barmer,88,PM10,19-Jul-26
Barrackpore,46,PM10,19-Jul-26
Bathinda,78,CO,19-Jul-26
Beed,46,PM10,19-Jul-26
Begusarai,75,PM2.5,19-Jul-26
Belapur,32,CO,19-Jul-26
Bengaluru,60,PM10,19-Jul-26
Bhagalpur,87,PM10,19-Jul-26
Bharatpur,62,PM10,19-Jul-26
Bhavnagar,82,CO,19-Jul-26
Bhilai,26,"PM10, CO",19-Jul-26
Bhilwara,93,PM10,19-Jul-26
Bhiwadi,116,PM10,19-Jul-26
Bhiwani,130,PM2.5,19-Jul-26
Bhopal,59,PM10,19-Jul-26
Bhubaneswar,60,"CO, PM10",19-Jul-26
Bikaner,99,PM10,19-Jul-26
Bilaspur,30,CO,19-Jul-26
Bileipada,108,PM2.5,19-Jul-26
Boisar,45,PM10,19-Jul-26
Brajrajnagar,43,O3,19-Jul-26
Bulandshahr,148,PM10,19-Jul-26
Bundi,73,PM10,19-Jul-26
Byasanagar,65,PM2.5,19-Jul-26
Byrnihat (Assam),71,PM2.5,19-Jul-26
Byrnihat (Meghalaya),122,PM2.5,19-Jul-26
Chamarajanagar,45,PM10,19-Jul-26
Chandigarh,68,PM10,19-Jul-26
Chandrapur,55,PM10,19-Jul-26
Charkhi Dadri,164,PM2.5,19-Jul-26
Chennai,94,"PM10, O3",19-Jul-26
Chhal,76,O3,19-Jul-26
Chhapra,112,PM10,19-Jul-26
Chittoor,70,PM2.5,19-Jul-26
Chittorgarh,72,PM10,19-Jul-26
Churu,117,PM10,19-Jul-26
Cuttack,77,PM10,19-Jul-26
Damoh,48,SO2,19-Jul-26
Dausa,90,PM10,19-Jul-26
Dehradun,77,PM2.5,19-Jul-26
Delhi,171,PM10,19-Jul-26
Dewas,85,NO2,19-Jul-26
Dhanbad,117,NO2,19-Jul-26
Dharuhera,125,PM2.5,19-Jul-26
Dharwad,77,PM10,19-Jul-26
Dholpur,45,PM2.5,19-Jul-26
Dombivli,17,NO2,19-Jul-26
Dungarpur,55,PM10,19-Jul-26
Durgapur,61,"NO2, PM10",19-Jul-26
Eluru,59,PM2.5,19-Jul-26
Faridabad,135,"PM2.5, PM10",19-Jul-26
Firozabad,51,PM10,19-Jul-26
Gadag,27,PM10,19-Jul-26
Gandhinagar,64,PM10,19-Jul-26
Gaya,53,"PM2.5, PM10",19-Jul-26
Ghaziabad,181,PM10,19-Jul-26
Greater Noida,232,PM10,19-Jul-26
Gummidipoondi,103,PM2.5,19-Jul-26
Guntur,54,PM2.5,19-Jul-26
Gurugram,149,"PM2.5, PM10",19-Jul-26
Guwahati,141,"PM2.5, SO2",19-Jul-26
Gwalior,67,"PM2.5, PM10, O3",19-Jul-26
Hajipur,43,PM10,19-Jul-26
Haldia,47,PM10,19-Jul-26
Hanumangarh,86,PM10,19-Jul-26
Hapur,129,PM10,19-Jul-26
Hingoli,31,O3,19-Jul-26
Hisar,114,PM10,19-Jul-26
Howrah,55,"CO, PM2.5, PM10",19-Jul-26
Hubballi,55,PM10,19-Jul-26
Hyderabad,48,PM10,19-Jul-26
Indore,55,"CO, PM2.5, PM10",19-Jul-26
Jabalpur,49,"PM2.5, NO2, PM10",19-Jul-26
Jaipur,106,"PM10, PM2.5",19-Jul-26
Jaisalmer,88,PM10,19-Jul-26
Jalandhar,113,PM10,19-Jul-26
Jalgaon,41,PM10,19-Jul-26
Jalna,38,O3,19-Jul-26
Jalore,76,PM10,19-Jul-26
Jhalawar,60,PM10,19-Jul-26
Jhunjhunu,123,PM10,19-Jul-26
Jind,138,PM2.5,19-Jul-26
Jodhpur,70,PM10,19-Jul-26
Jorapokhar,102,PM10,19-Jul-26
Kadapa,45,PM10,19-Jul-26
Kaithal,153,PM2.5,19-Jul-26
Kalaburagi,45,CO,19-Jul-26
Kalyan,56,PM2.5,19-Jul-26
Kannur,45,PM10,19-Jul-26
Kanpur,48,"PM10, CO",19-Jul-26
Karnal,174,PM2.5,19-Jul-26
Karwar,58,PM10,19-Jul-26
Katihar,94,CO,19-Jul-26
Katni,43,PM10,19-Jul-26
Keonjhar,42,PM10,19-Jul-26
Khairthal,111,PM10,19-Jul-26
Khanna,70,PM10,19-Jul-26
Khora,241,PM2.5,19-Jul-26
Khurja,84,PM10,19-Jul-26
Kishanganj,35,PM2.5,19-Jul-26
Kohima,46,SO2,19-Jul-26
Kolhapur,34,PM10,19-Jul-26
Kolkata,44,"PM10, CO",19-Jul-26
Koppal,29,NO2,19-Jul-26
Korba,34,CO,19-Jul-26
Kota,79,"PM10, PM2.5",19-Jul-26
Kunjemura,39,PM10,19-Jul-26
Kurnool,36,PM10,19-Jul-26
Kurukshetra,132,PM10,19-Jul-26
Latur,33,PM10,19-Jul-26
Lucknow,66,PM10,19-Jul-26
Ludhiana,96,PM10,19-Jul-26
Madikeri,13,PM10,19-Jul-26
Mahad,44,PM10,19-Jul-26
Maihar,40,CO,19-Jul-26
Malegaon,51,PM10,19-Jul-26
Mandideep,58,PM10,19-Jul-26
Mandi Gobindgarh,124,PM10,19-Jul-26
Mandikhera,78,PM10,19-Jul-26
Manesar,189,PM2.5,19-Jul-26
Mangalore,45,PM10,19-Jul-26
Mathura,125,PM10,19-Jul-26
Meerut,144,PM10,19-Jul-26
Mehsana,76,PM10,19-Jul-26
Milupara,38,PM10,19-Jul-26
Mira-Bhayandar,23,PM10,19-Jul-26
Modinagar,164,PM2.5,19-Jul-26
Moradabad,59,"SO2, PM10",19-Jul-26
Motihari,59,O3,19-Jul-26
Mumbai,41,"NO2, PM10",19-Jul-26
Munger,69,PM10,19-Jul-26
Muzaffarnagar,133,PM2.5,19-Jul-26
Muzaffarpur,46,"PM10, PM2.5, O3",19-Jul-26
Mysuru,71,O3,19-Jul-26
Nagaon,61,PM2.5,19-Jul-26
Nagaur,84,PM10,19-Jul-26
Nagpur,36,"PM10, PM2.5",19-Jul-26
Naharlagun,16,PM10,19-Jul-26
Nalbari,34,PM2.5,19-Jul-26
Nanded,28,PM10,19-Jul-26
Narnaul,92,PM2.5,19-Jul-26
Nashik,32,"PM10, CO",19-Jul-26
Navi Mumbai,31,"PM2.5, PM10",19-Jul-26
Nellore,51,PM10,19-Jul-26
Noida,192,PM10,19-Jul-26
Pali,101,PM10,19-Jul-26
Palwal,90,PM10,19-Jul-26
Pampore,50,PM10,19-Jul-26
Panchgaon,248,PM2.5,19-Jul-26
Panchkula,102,PM2.5,19-Jul-26
Parbhani,45,PM10,19-Jul-26
Patiala,111,PM10,19-Jul-26
Patna,61,"PM10, O3, PM2.5",19-Jul-26
Pimpri-Chinchwad,44,PM10,19-Jul-26
Pithampur,62,PM2.5,19-Jul-26
Pratapgarh,69,PM10,19-Jul-26
Prayagraj,39,"PM10, SO2",19-Jul-26
Puducherry,50,O3,19-Jul-26
Pune,47,"CO, PM10",19-Jul-26
Purnia,55,CO,19-Jul-26
Raebareli,95,PM10,19-Jul-26
Raipur,24,"PM10, CO",19-Jul-26
Rairangpur,46,PM10,19-Jul-26
Rajgir,104,PM2.5,19-Jul-26
Rajkot,90,CO,19-Jul-26
Rajsamand,78,PM10,19-Jul-26
Ramanagara,38,PM10,19-Jul-26
Ratlam,37,NO2,19-Jul-26
Rishikesh,37,CO,19-Jul-26
Rohtak,98,PM10,19-Jul-26
Rourkela,64,"PM10, PM2.5",19-Jul-26
Rupnagar,86,PM2.5,19-Jul-26
Sagar,70,PM10,19-Jul-26
Samastipur,30,PM2.5,19-Jul-26
Sangli,32,PM10,19-Jul-26
Satna,70,PM10,19-Jul-26
Sawai Madhopur,111,PM10,19-Jul-26
Shivamogga,51,O3,19-Jul-26
Sikar,71,PM10,19-Jul-26
Silchar,55,PM10,19-Jul-26
Siliguri,111,NO2,19-Jul-26
Singrauli,61,PM10,19-Jul-26
Sirohi,75,PM10,19-Jul-26
Sirsa,123,PM10,19-Jul-26
Sivasagar,33,O3,19-Jul-26
Solapur,40,O3,19-Jul-26
Sonipat,217,PM2.5,19-Jul-26
Sri Ganganagar,92,PM10,19-Jul-26
Srinagar,48,"PM2.5, PM10",19-Jul-26
Surat,70,PM10,19-Jul-26
Talcher,67,SO2,19-Jul-26
Tensa,43,CO,19-Jul-26
Thane,35,PM10,19-Jul-26
Thiruvananthapuram,40,PM10,19-Jul-26
Thoothukudi,65,PM10,19-Jul-26
Thrissur,49,PM10,19-Jul-26
Tirumala,49,NO2,19-Jul-26
Tonk,118,PM10,19-Jul-26
Tumakuru,61,PM10,19-Jul-26
Tumidih,40,PM10,19-Jul-26
Udaipur,91,PM10,19-Jul-26
Ujjain,52,PM10,19-Jul-26
Ulhasnagar,40,PM10,19-Jul-26
Vadodara,99,CO,19-Jul-26
Vapi,37,PM10,19-Jul-26
Varanasi,38,PM10,19-Jul-26
Vatva,107,PM10,19-Jul-26
Vijayapura,43,PM10,19-Jul-26
Vijayawada,59,"PM2.5, PM10",19-Jul-26
Virar,47,CO,19-Jul-26
Visakhapatnam,115,PM10,19-Jul-26
Vrindavan,89,PM2.5,19-Jul-26
Yadgir,23,O3,19-Jul-26
Yamuna Nagar,63,O3,19-Jul-26
Agartala,58,PM2.5,18-Jul-26
Agra,145,"PM2.5, PM10",18-Jul-26
Ahmedabad,79,PM10,18-Jul-26
Ahmednagar,28,PM10,18-Jul-26
Aizawl,38,PM10,18-Jul-26
Ajmer,102,PM10,18-Jul-26
Akola,76,PM10,18-Jul-26
Alwar,135,PM2.5,18-Jul-26
Amaravati,60,PM10,18-Jul-26
Ambala,121,PM10,18-Jul-26
Ambernath,57,PM10,18-Jul-26
Amravati,52,PM10,18-Jul-26
Amritsar,94,PM10,18-Jul-26
Anantapur,103,PM2.5,18-Jul-26
Angul,52,CO,18-Jul-26
Ankleshwar,71,PM10,18-Jul-26
Araria,38,PM2.5,18-Jul-26
Arrah,56,CO,18-Jul-26
Asansol,53,"SO2, CO, PM10",18-Jul-26
Aurangabad (Maharashtra),56,"PM10, PM2.5",18-Jul-26
Baddi,179,PM10,18-Jul-26
Badlapur,48,PM10,18-Jul-26
Bagalkot,51,PM10,18-Jul-26
Baghpat,131,PM10,18-Jul-26
Balasore,67,PM10,18-Jul-26
Ballabgarh,164,PM10,18-Jul-26
Banswara,94,PM10,18-Jul-26
Baran,95,O3,18-Jul-26
Barbil,89,PM10,18-Jul-26
Bareilly,50,"O3, PM10",18-Jul-26
Baripada,54,O3,18-Jul-26
Barmer,93,PM10,18-Jul-26
Barrackpore,57,PM10,18-Jul-26
Bathinda,79,CO,18-Jul-26
Beed,59,PM10,18-Jul-26
Belapur,48,PM10,18-Jul-26
Bengaluru,58,PM10,18-Jul-26
Bhagalpur,120,"PM2.5, PM10",18-Jul-26
Bharatpur,77,PM10,18-Jul-26
Bhavnagar,82,CO,18-Jul-26
Bhilai,26,"PM10, CO",18-Jul-26
Bhilwara,100,PM10,18-Jul-26
Bhiwadi,132,"PM2.5, PM10",18-Jul-26
Bhiwani,131,PM2.5,18-Jul-26
Bhopal,74,PM10,18-Jul-26
Bhubaneswar,42,"PM10, CO",18-Jul-26
Bikaner,112,PM10,18-Jul-26
Bilaspur,30,CO,18-Jul-26
Bileipada,105,PM2.5,18-Jul-26
Boisar,61,O3,18-Jul-26
Brajrajnagar,54,PM10,18-Jul-26
Bulandshahr,147,PM10,18-Jul-26
Bundi,80,PM10,18-Jul-26
Byasanagar,69,PM2.5,18-Jul-26
Byrnihat (Assam),71,PM2.5,18-Jul-26
Byrnihat (Meghalaya),77,PM2.5,18-Jul-26
Chamarajanagar,49,PM10,18-Jul-26
Chandigarh,69,PM10,18-Jul-26
Chandrapur,72,PM10,18-Jul-26
Charkhi dadri,175,PM2.5,18-Jul-26
Chennai,96,"PM10, O3",18-Jul-26
Chhal,77,O3,18-Jul-26
Chhapra,119,PM10,18-Jul-26
Chikkaballapur,62,PM10,18-Jul-26
Chikkamagaluru,31,PM10,18-Jul-26
Chittoor,74,PM2.5,18-Jul-26
Chittorgarh,78,PM10,18-Jul-26
Churu,126,PM10,18-Jul-26
Coimbatore,36,PM2.5,18-Jul-26
Cuttack,55,PM10,18-Jul-26
Damoh,50,SO2,18-Jul-26
Dausa,115,PM10,18-Jul-26
Delhi,174,PM10,18-Jul-26
Dewas,84,NO2,18-Jul-26
Dhanbad,113,NO2,18-Jul-26
Dharuhera,114,PM2.5,18-Jul-26
Dharwad,77,PM10,18-Jul-26
Dholpur,53,PM2.5,18-Jul-26
Dombivli,28,PM10,18-Jul-26
Dungarpur,62,PM10,18-Jul-26
Durgapur,51,"NO2, PM10",18-Jul-26
Eluru,53,PM10,18-Jul-26
Faridabad,177,PM2.5,18-Jul-26
Fatehabad,131,PM10,18-Jul-26
Firozabad,57,"PM10, CO",18-Jul-26
Gadag,29,PM10,18-Jul-26
Gandhinagar,69,PM10,18-Jul-26
Gangtok,16,PM2.5,18-Jul-26
Gaya,77,"PM2.5, PM10",18-Jul-26
Ghaziabad,177,PM10,18-Jul-26
Gorakhpur,58,O3,18-Jul-26
Greater noida,199,PM10,18-Jul-26
Gummidipoondi,156,PM2.5,18-Jul-26
Guntur,47,PM2.5,18-Jul-26
Gurugram,180,"PM2.5, PM10",18-Jul-26
Guwahati,122,"PM2.5, SO2",18-Jul-26
Gwalior,78,"PM10, O3, PM2.5",18-Jul-26
Hajipur,52,PM2.5,18-Jul-26
Haldia,46,PM10,18-Jul-26
Hanumangarh,97,PM10,18-Jul-26
Hapur,116,PM10,18-Jul-26
Hingoli,28,PM10,18-Jul-26
Hisar,114,PM10,18-Jul-26
Howrah,63,"CO, PM10",18-Jul-26
Hubballi,57,PM10,18-Jul-26
Hyderabad,46,PM10,18-Jul-26
Indore,57,"CO, PM10, NO2",18-Jul-26
Jabalpur,49,"NO2, CO, PM10",18-Jul-26
Jaipur,130,"PM2.5, PM10",18-Jul-26
Jaisalmer,121,PM10,18-Jul-26
Jalandhar,109,PM10,18-Jul-26
Jalgaon,37,PM10,18-Jul-26
Jalna,34,O3,18-Jul-26
Jalore,91,PM10,18-Jul-26
Jhalawar,67,PM10,18-Jul-26
Jhansi,46,PM10,18-Jul-26
Jhunjhunu,115,PM10,18-Jul-26
Jind,159,PM2.5,18-Jul-26
Jodhpur,72,PM10,18-Jul-26
Jorapokhar,109,PM10,18-Jul-26
Kadapa,58,PM2.5,18-Jul-26
Kaithal,146,PM2.5,18-Jul-26
Kalaburagi,35,CO,18-Jul-26
Kalyan,57,PM2.5,18-Jul-26
Kannur,45,PM10,18-Jul-26
Kanpur,65,"PM10, PM2.5",18-Jul-26
Karauli,139,PM10,18-Jul-26
Karnal,139,PM2.5,18-Jul-26
Karwar,49,PM10,18-Jul-26
Katihar,78,CO,18-Jul-26
Katni,52,PM10,18-Jul-26
Keonjhar,44,PM10,18-Jul-26
Khairthal,104,PM10,18-Jul-26
Khanna,66,PM10,18-Jul-26
Khora,227,PM2.5,18-Jul-26
Kishanganj,32,O3,18-Jul-26
Kohima,46,SO2,18-Jul-26
Kolhapur,51,"PM2.5, PM10",18-Jul-26
Kolkata,52,PM10,18-Jul-26
Kollam,51,PM10,18-Jul-26
Koppal,30,NO2,18-Jul-26
Korba,28,"CO, PM10",18-Jul-26
Kota,65,"PM10, PM2.5",18-Jul-26
Kunjemura,50,PM10,18-Jul-26
Kurnool,40,PM10,18-Jul-26
Kurukshetra,134,PM10,18-Jul-26
Latur,38,PM10,18-Jul-26
Lucknow,66,"PM10, CO",18-Jul-26
Ludhiana,95,PM10,18-Jul-26
Machilipatnam,51,PM10,18-Jul-26
Madikeri,14,CO,18-Jul-26
Mahad,51,PM10,18-Jul-26
Maihar,42,PM10,18-Jul-26
Malegaon,56,PM10,18-Jul-26
Mandideep,83,PM10,18-Jul-26
Mandi gobindgarh,142,PM10,18-Jul-26
Mandikhera,79,PM10,18-Jul-26
Manesar,195,PM2.5,18-Jul-26
Mangalore,37,O3,18-Jul-26
Mathura,130,PM10,18-Jul-26
Meerut,134,"PM2.5, PM10",18-Jul-26
Mehsana,70,PM10,18-Jul-26
Milupara,32,NO2,18-Jul-26
Mira-bhayandar,33,PM10,18-Jul-26
Modinagar,147,PM2.5,18-Jul-26
Moradabad,79,PM10,18-Jul-26
Motihari,60,O3,18-Jul-26
Mumbai,53,"PM10, NO2",18-Jul-26
Munger,88,PM10,18-Jul-26
Muzaffarnagar,124,PM10,18-Jul-26
Muzaffarpur,48,"PM10, PM2.5, O3",18-Jul-26
Mysuru,51,PM10,18-Jul-26
Nagaon,65,PM2.5,18-Jul-26
Nagaur,79,PM10,18-Jul-26
Nagpur,50,"PM2.5, PM10",18-Jul-26
Naharlagun,18,PM10,18-Jul-26
Nalbari,40,PM2.5,18-Jul-26
Nanded,44,PM10,18-Jul-26
Narnaul,80,PM10,18-Jul-26
Nashik,40,"PM10, PM2.5",18-Jul-26
Navi mumbai,39,"CO, PM2.5, PM10",18-Jul-26
Nellore,58,PM10,18-Jul-26
Noida,170,PM10,18-Jul-26
Pali,103,PM10,18-Jul-26
Palwal,105,PM10,18-Jul-26
Pampore,86,PM10,18-Jul-26
Panchgaon,226,PM2.5,18-Jul-26
Parbhani,57,PM10,18-Jul-26
Patiala,111,PM10,18-Jul-26
Patna,62,"PM10, O3, PM2.5",18-Jul-26
Pimpri-chinchwad,56,PM10,18-Jul-26
Pithampur,68,PM2.5,18-Jul-26
Pratapgarh,73,PM10,18-Jul-26
Prayagraj,38,"O3, SO2",18-Jul-26
Puducherry,46,PM10,18-Jul-26
Pune,51,"CO, PM10",18-Jul-26
Purnia,57,CO,18-Jul-26
Raebareli,105,PM10,18-Jul-26
Raipur,38,"PM10, CO",18-Jul-26
Rairangpur,44,PM10,18-Jul-26
Rajgir,165,PM2.5,18-Jul-26
Rajkot,90,CO,18-Jul-26
Rajsamand,73,PM10,18-Jul-26
Ramanagara,44,PM10,18-Jul-26
Ratlam,41,PM2.5,18-Jul-26
Rishikesh,37,CO,18-Jul-26
Rohtak,111,PM10,18-Jul-26
Rourkela,69,"PM10, PM2.5",18-Jul-26
Rupnagar,66,PM2.5,18-Jul-26
Sagar,64,PM10,18-Jul-26
Saharsa,104,PM10,18-Jul-26
Samastipur,88,PM2.5,18-Jul-26
Sangli,36,PM10,18-Jul-26
Sasaram,284,PM10,18-Jul-26
Satna,70,PM10,18-Jul-26
Sawai madhopur,110,PM10,18-Jul-26
Shivamogga,51,O3,18-Jul-26
Sikar,68,PM10,18-Jul-26
Silchar,55,PM10,18-Jul-26
Siliguri,113,NO2,18-Jul-26
Singrauli,62,NO2,18-Jul-26
Sirohi,84,PM10,18-Jul-26
Sirsa,111,PM10,18-Jul-26
Sivasagar,31,O3,18-Jul-26
Solapur,50,PM10,18-Jul-26
Sonipat,239,PM2.5,18-Jul-26
Sri ganganagar,117,PM10,18-Jul-26
Srinagar,57,"PM2.5, PM10",18-Jul-26
Suakati,59,PM10,18-Jul-26
Surat,58,PM10,18-Jul-26
Tensa,37,SO2,18-Jul-26
Thane,47,"NO2, PM10",18-Jul-26
Thiruvananthapuram,59,PM10,18-Jul-26
Thoothukudi,65,PM10,18-Jul-26
Thrissur,48,PM10,18-Jul-26
Tirumala,52,NO2,18-Jul-26
Tirupati,73,PM10,18-Jul-26
Tonk,121,PM10,18-Jul-26
Tumakuru,63,PM10,18-Jul-26
Udaipur,98,PM10,18-Jul-26
Ujjain,60,PM10,18-Jul-26
Ulhasnagar,43,PM10,18-Jul-26
Vadodara,98,CO,18-Jul-26
Varanasi,34,"NO2, PM10, SO2",18-Jul-26
Vatva,116,PM10,18-Jul-26
Vijayapura,43,PM10,18-Jul-26
Vijayawada,56,"PM10, PM2.5",18-Jul-26
Virar,55,PM10,18-Jul-26
Visakhapatnam,138,PM10,18-Jul-26
Vrindavan,103,PM2.5,18-Jul-26
Yadgir,33,PM10,18-Jul-26
Yamuna nagar,64,O3,18-Jul-26
Agartala,97,PM10,17-Jul-26
Agra,143,"PM2.5, PM10",17-Jul-26
Ahmedabad,61,PM10,17-Jul-26
Ahmednagar,47,PM10,17-Jul-26
Aizawl,33,PM10,17-Jul-26
Ajmer,88,PM10,17-Jul-26
Akola,80,PM10,17-Jul-26
Alwar,132,PM2.5,17-Jul-26
Amaravati,60,PM10,17-Jul-26
Ambala,144,PM10,17-Jul-26
Ambernath,86,PM10,17-Jul-26
Amravati,63,PM10,17-Jul-26
Amritsar,106,PM10,17-Jul-26
Anantapur,81,PM2.5,17-Jul-26
Angul,55,CO,17-Jul-26
Ankleshwar,67,PM10,17-Jul-26
Araria,40,CO,17-Jul-26
Asansol,52,"SO2, CO, PM10",17-Jul-26
Aurangabad (Maharashtra),60,"PM10, PM2.5",17-Jul-26
Baddi,139,PM10,17-Jul-26
Badlapur,47,PM10,17-Jul-26
Bagalkot,51,PM10,17-Jul-26
Baghpat,129,PM10,17-Jul-26
Bahadurgarh,241,PM2.5,17-Jul-26
Balasore,51,O3,17-Jul-26
Ballabgarh,227,PM2.5,17-Jul-26
Banswara,83,PM10,17-Jul-26
Baran,98,O3,17-Jul-26
Barbil,45,PM10,17-Jul-26
Bareilly,54,"SO2, PM10",17-Jul-26
Baripada,45,O3,17-Jul-26
Barmer,97,PM10,17-Jul-26
Barrackpore,47,PM10,17-Jul-26
Bathinda,78,CO,17-Jul-26
Beed,61,PM10,17-Jul-26
Begusarai,40,O3,17-Jul-26
Belapur,54,PM10,17-Jul-26
Bengaluru,65,PM10,17-Jul-26
Bhagalpur,65,"PM10, CO",17-Jul-26
Bharatpur,100,PM10,17-Jul-26
Bhavnagar,82,CO,17-Jul-26
Bhilai,27,"PM10, CO",17-Jul-26
Bhilwara,95,PM10,17-Jul-26
Bhiwadi,117,PM10,17-Jul-26
Bhiwani,128,PM2.5,17-Jul-26
Bhopal,83,PM10,17-Jul-26
Bhubaneswar,47,CO,17-Jul-26
Bikaner,116,PM10,17-Jul-26
Bileipada,58,PM10,17-Jul-26
Boisar,57,PM10,17-Jul-26
Brajrajnagar,42,O3,17-Jul-26
Bulandshahr,228,PM10,17-Jul-26
Bundi,75,PM10,17-Jul-26
Buxar,38,PM2.5,17-Jul-26
Byasanagar,56,PM10,17-Jul-26
Byrnihat (Assam),78,PM2.5,17-Jul-26
Byrnihat (Meghalaya),115,PM2.5,17-Jul-26
Chamarajanagar,45,PM10,17-Jul-26
Chandigarh,62,"PM10, CO",17-Jul-26
Chandrapur,64,PM10,17-Jul-26
Charkhi Dadri,222,PM2.5,17-Jul-26
Chennai,88,PM10,17-Jul-26
Chhal,51,O3,17-Jul-26
Chhapra,118,PM10,17-Jul-26
Chikkaballapur,72,PM10,17-Jul-26
Chikkamagaluru,45,PM10,17-Jul-26
Chittoor,66,PM10,17-Jul-26
Chittorgarh,68,PM10,17-Jul-26
Churu,133,PM10,17-Jul-26
Coimbatore,50,PM2.5,17-Jul-26
Cuddalore,59,PM10,17-Jul-26
Cuttack,49,CO,17-Jul-26
Damoh,51,SO2,17-Jul-26
Dausa,138,PM10,17-Jul-26
Delhi,177,PM10,17-Jul-26
Dewas,85,NO2,17-Jul-26
Dhanbad,100,NO2,17-Jul-26
Dharwad,74,PM10,17-Jul-26
Dholpur,57,PM2.5,17-Jul-26
Dombivli,31,PM10,17-Jul-26
Dungarpur,47,PM10,17-Jul-26
Durgapur,51,"NO2, PM10, O3",17-Jul-26
Eluru,54,PM10,17-Jul-26
Faridabad,134,"PM2.5, PM10",17-Jul-26
Fatehabad,162,PM10,17-Jul-26
Firozabad,62,"PM10, CO",17-Jul-26
Gadag,30,PM10,17-Jul-26
Gandhinagar,51,PM10,17-Jul-26
Gaya,49,O3,17-Jul-26
Ghaziabad,220,PM10,17-Jul-26
Gorakhpur,124,PM10,17-Jul-26
Greater Noida,297,PM10,17-Jul-26
Gummidipoondi,107,PM10,17-Jul-26
Guntur,45,PM2.5,17-Jul-26
Gurugram,198,"PM2.5, PM10",17-Jul-26
Guwahati,80,"PM2.5, SO2",17-Jul-26
Gwalior,84,"PM10, PM2.5, O3",17-Jul-26
Hajipur,62,PM10,17-Jul-26
Haldia,33,PM10,17-Jul-26
Hanumangarh,105,PM10,17-Jul-26
Hapur,167,PM10,17-Jul-26
Hingoli,38,PM10,17-Jul-26
Hisar,139,PM10,17-Jul-26
Howrah,50,"CO, NO2",17-Jul-26
Hubballi,64,PM10,17-Jul-26
Hyderabad,49,PM10,17-Jul-26
Indore,57,"CO, PM10, PM2.5",17-Jul-26
Jabalpur,49,"NO2, CO, PM10",17-Jul-26
Jaipur,136,"PM2.5, PM10",17-Jul-26
Jaisalmer,120,PM10,17-Jul-26
Jalandhar,108,PM10,17-Jul-26
Jalgaon,41,PM10,17-Jul-26
Jalna,40,O3,17-Jul-26
Jalore,86,PM10,17-Jul-26
Jhalawar,63,PM10,17-Jul-26
Jhansi,61,PM10,17-Jul-26
Jhunjhunu,117,PM10,17-Jul-26
Jind,168,PM2.5,17-Jul-26
Jodhpur,72,PM10,17-Jul-26
Jorapokhar,97,PM10,17-Jul-26
Kadapa,60,PM10,17-Jul-26
Kaithal,240,PM2.5,17-Jul-26
Kalaburagi,31,CO,17-Jul-26
Kalyan,57,PM10,17-Jul-26
Kanpur,55,"PM10, CO",17-Jul-26
Karauli,102,PM10,17-Jul-26
Karnal,118,PM2.5,17-Jul-26
Karwar,48,PM10,17-Jul-26
Katihar,72,CO,17-Jul-26
Katni,80,PM10,17-Jul-26
Keonjhar,35,CO,17-Jul-26
Khairthal,118,PM10,17-Jul-26
Khanna,65,PM10,17-Jul-26
Khora,259,PM2.5,17-Jul-26
Khurja,101,PM10,17-Jul-26
Kishanganj,41,PM2.5,17-Jul-26
Kohima,50,SO2,17-Jul-26
Kolhapur,44,"PM2.5, PM10",17-Jul-26
Kolkata,42,"PM10, CO, O3",17-Jul-26
Koppal,36,PM10,17-Jul-26
Korba,20,CO,17-Jul-26
Kota,67,PM10,17-Jul-26
Kunjemura,28,PM10,17-Jul-26
Kurukshetra,139,PM10,17-Jul-26
Latur,37,PM10,17-Jul-26
Lucknow,63,"PM10, CO",17-Jul-26
Ludhiana,103,PM10,17-Jul-26
Machilipatnam,56,PM2.5,17-Jul-26
Madikeri,20,PM10,17-Jul-26
Mahad,50,PM10,17-Jul-26
Maihar,41,PM10,17-Jul-26
Malegaon,67,PM10,17-Jul-26
Mandideep,99,PM10,17-Jul-26
Mandi Gobindgarh,126,PM10,17-Jul-26
Mandikhera,78,PM10,17-Jul-26
Mangalore,37,O3,17-Jul-26
Meerut,201,"PM2.5, PM10",17-Jul-26
Mehsana,68,CO,17-Jul-26
Milupara,31,NO2,17-Jul-26
Mira-Bhayandar,32,PM10,17-Jul-26
Modinagar,151,PM2.5,17-Jul-26
Moradabad,95,PM10,17-Jul-26
Mumbai,54,PM10,17-Jul-26
Munger,62,PM10,17-Jul-26
Muzaffarnagar,158,PM10,17-Jul-26
Muzaffarpur,58,"O3, PM2.5, PM10",17-Jul-26
Mysuru,63,PM10,17-Jul-26
Nagaur,78,PM10,17-Jul-26
Nagpur,67,PM10,17-Jul-26
Nanded,62,PM10,17-Jul-26
Narnaul,86,PM10,17-Jul-26
Nashik,58,"PM10, O3",17-Jul-26
Navi Mumbai,44,PM10,17-Jul-26
Nellore,63,PM10,17-Jul-26
Noida,198,PM10,17-Jul-26
Pali,140,PM2.5,17-Jul-26
Palwal,85,PM10,17-Jul-26
Pampore,77,PM10,17-Jul-26
Panchgaon,253,PM2.5,17-Jul-26
Panchkula,83,PM2.5,17-Jul-26
Panipat,231,PM10,17-Jul-26
Parbhani,61,PM10,17-Jul-26
Patiala,111,PM10,17-Jul-26
Patna,62,"PM10, O3, PM2.5",17-Jul-26
Pimpri-Chinchwad,48,PM10,17-Jul-26
Pithampur,72,PM2.5,17-Jul-26
Pratapgarh,66,PM10,17-Jul-26
Prayagraj,90,"PM10, SO2",17-Jul-26
Puducherry,49,PM10,17-Jul-26
Pune,55,"CO, PM10",17-Jul-26
Purnia,55,CO,17-Jul-26
Raebareli,115,PM10,17-Jul-26
Raipur,31,"PM10, CO",17-Jul-26
Rairangpur,30,CO,17-Jul-26
Rajgir,74,PM2.5,17-Jul-26
Rajkot,91,PM10,17-Jul-26
Rajsamand,71,PM10,17-Jul-26
Ramanagara,49,PM10,17-Jul-26
Ratlam,37,NO2,17-Jul-26
Rishikesh,37,CO,17-Jul-26
Rohtak,115,PM10,17-Jul-26
Rourkela,60,"PM2.5, PM10",17-Jul-26
Rupnagar,261,PM2.5,17-Jul-26
Sagar,54,PM10,17-Jul-26
Samastipur,66,PM2.5,17-Jul-26
Sangli,43,PM10,17-Jul-26
Sasaram,130,PM10,17-Jul-26
Satna,70,PM10,17-Jul-26
Sawai Madhopur,113,PM10,17-Jul-26
Shillong,24,SO2,17-Jul-26
Shivamogga,52,O3,17-Jul-26
Sikar,66,PM10,17-Jul-26
Silchar,53,PM10,17-Jul-26
Siliguri,117,NO2,17-Jul-26
Singrauli,82,PM10,17-Jul-26
Sirohi,76,PM10,17-Jul-26
Sirsa,111,PM10,17-Jul-26
Sivasagar,52,O3,17-Jul-26
Solapur,41,"O3, PM10",17-Jul-26
Sonipat,258,PM2.5,17-Jul-26
Sri Ganganagar,148,PM10,17-Jul-26
Srinagar,58,"PM2.5, PM10",17-Jul-26
Suakati,37,PM10,17-Jul-26
Surat,64,PM10,17-Jul-26
Tensa,35,SO2,17-Jul-26
Thane,45,PM10,17-Jul-26
Thiruvananthapuram,61,PM10,17-Jul-26
Thoothukudi,66,PM10,17-Jul-26
Thrissur,49,PM10,17-Jul-26
Tirumala,54,NO2,17-Jul-26
Tirupati,70,PM10,17-Jul-26
Tonk,123,PM10,17-Jul-26
Tumakuru,68,PM10,17-Jul-26
Tumidih,28,NO2,17-Jul-26
Udaipur,80,PM10,17-Jul-26
Ujjain,57,PM2.5,17-Jul-26
Ulhasnagar,49,PM10,17-Jul-26
Vadodara,98,CO,17-Jul-26
Vapi,65,PM2.5,17-Jul-26
Varanasi,61,PM10,17-Jul-26
Vatva,82,PM10,17-Jul-26
Vijayapura,43,PM10,17-Jul-26
Vijayawada,57,PM10,17-Jul-26
Virar,68,PM10,17-Jul-26
Visakhapatnam,137,PM10,17-Jul-26
Vrindavan,94,PM2.5,17-Jul-26
Yadgir,49,PM10,17-Jul-26
Yamuna Nagar,98,PM10,17-Jul-26
Agartala,84,PM10,16-Jul-26
Agra,105,"PM10, PM2.5",16-Jul-26
Ahmedabad,70,PM10,16-Jul-26
Ahmednagar,43,PM10,16-Jul-26
Aizawl,15,SO2,16-Jul-26
Ajmer,111,PM10,16-Jul-26
Akola,78,PM10,16-Jul-26
Alwar,146,PM2.5,16-Jul-26
Amaravati,159,PM10,16-Jul-26
Ambala,129,PM10,16-Jul-26
Ambernath,65,PM10,16-Jul-26
Amravati,61,PM10,16-Jul-26
Amritsar,108,PM10,16-Jul-26
Anantapur,109,PM2.5,16-Jul-26
Angul,57,CO,16-Jul-26
Ankleshwar,64,PM10,16-Jul-26
Araria,40,O3,16-Jul-26
Arrah,57,CO,16-Jul-26
Asansol,51,"SO2, CO, O3",16-Jul-26
Aurangabad (Maharashtra),59,PM10,16-Jul-26
Baddi,157,PM10,16-Jul-26
Badlapur,48,PM10,16-Jul-26
Bagalkot,51,PM10,16-Jul-26
Baghpat,117,PM10,16-Jul-26
Bahadurgarh,202,PM2.5,16-Jul-26
Balasore,47,O3,16-Jul-26
Ballabgarh,208,PM2.5,16-Jul-26
Banswara,89,PM10,16-Jul-26
Baran,94,PM10,16-Jul-26
Barbil,54,PM10,16-Jul-26
Bareilly,58,"SO2, PM10",16-Jul-26
Baripada,40,O3,16-Jul-26
Barmer,95,PM10,16-Jul-26
Barrackpore,38,CO,16-Jul-26
Bathinda,78,CO,16-Jul-26
Beed,61,PM10,16-Jul-26
Belapur,62,PM10,16-Jul-26
Bengaluru,70,PM10,16-Jul-26
Bhagalpur,48,"PM10, PM2.5",16-Jul-26
Bharatpur,78,PM10,16-Jul-26
Bhavnagar,82,CO,16-Jul-26
Bhilai,48,PM10,16-Jul-26
Bhilwara,98,PM10,16-Jul-26
Bhiwadi,119,PM10,16-Jul-26
Bhiwandi,58,PM10,16-Jul-26
Bhiwani,87,PM2.5,16-Jul-26
Bhopal,91,PM10,16-Jul-26
Bhubaneswar,83,"PM2.5, CO",16-Jul-26
Bihar Sharif,103,CO,16-Jul-26
Bikaner,131,PM10,16-Jul-26
Bilaspur,53,PM10,16-Jul-26
Bileipada,73,PM10,16-Jul-26
Boisar,54,PM10,16-Jul-26
Brajrajnagar,43,O3,16-Jul-26
Bulandshahr,191,PM10,16-Jul-26
Bundi,78,PM10,16-Jul-26
Buxar,55,PM2.5,16-Jul-26
Byasanagar,41,PM10,16-Jul-26
Byrnihat (Assam),92,PM2.5,16-Jul-26
Byrnihat (Meghalaya),116,PM2.5,16-Jul-26
Chamarajanagar,43,PM10,16-Jul-26
Chandigarh,56,"PM10, CO",16-Jul-26
Chandrapur,76,PM10,16-Jul-26
Charkhi Dadri,248,PM2.5,16-Jul-26
Chennai,102,PM10,16-Jul-26
Chhal,47,PM2.5,16-Jul-26
Chhapra,113,PM10,16-Jul-26
Chikkaballapur,77,PM10,16-Jul-26
Chikkamagaluru,59,CO,16-Jul-26
Chittoor,71,PM2.5,16-Jul-26
Chittorgarh,77,PM10,16-Jul-26
Churu,153,PM10,16-Jul-26
Coimbatore,34,PM2.5,16-Jul-26
Cuddalore,41,"PM10, SO2",16-Jul-26
Damoh,51,SO2,16-Jul-26
Dausa,124,PM10,16-Jul-26
Dehradun,69,PM10,16-Jul-26
Delhi,176,PM10,16-Jul-26
Dewas,91,NO2,16-Jul-26
Dhanbad,99,NO2,16-Jul-26
Dharuhera,123,PM2.5,16-Jul-26
Dharwad,83,PM10,16-Jul-26
Dholpur,51,PM2.5,16-Jul-26
Dombivli,26,PM10,16-Jul-26
Dungarpur,51,PM10,16-Jul-26
Durgapur,71,"CO, NO2, PM10",16-Jul-26
Eluru,48,PM2.5,16-Jul-26
Faridabad,153,"PM2.5, PM10",16-Jul-26
Fatehabad,140,PM10,16-Jul-26
Firozabad,58,"PM10, CO",16-Jul-26
Gadag,29,PM10,16-Jul-26
Gandhinagar,59,PM10,16-Jul-26
Gaya,77,"CO, PM10",16-Jul-26
Ghaziabad,183,PM10,16-Jul-26
Gorakhpur,70,PM10,16-Jul-26
Greater Noida,249,PM10,16-Jul-26
Gummidipoondi,122,PM10,16-Jul-26
Guntur,53,PM2.5,16-Jul-26
Gurugram,208,"PM2.5, PM10",16-Jul-26
Guwahati,80,"PM2.5, SO2",16-Jul-26
Gwalior,76,"PM10, PM2.5",16-Jul-26
Hajipur,130,O3,16-Jul-26
Haldia,36,PM10,16-Jul-26
Hanumangarh,90,PM10,16-Jul-26
Hingoli,34,O3,16-Jul-26
Hisar,143,PM10,16-Jul-26
Howrah,45,"CO, NO2, PM2.5",16-Jul-26
Hubballi,68,PM10,16-Jul-26
Hyderabad,54,PM10,16-Jul-26
Indore,58,"PM10, CO, PM2.5",16-Jul-26
Jabalpur,64,"PM10, CO",16-Jul-26
Jaipur,144,"PM2.5, PM10",16-Jul-26
Jaisalmer,117,PM10,16-Jul-26
Jalandhar,90,PM10,16-Jul-26
Jalna,37,O3,16-Jul-26
Jalore,83,PM10,16-Jul-26
Jhalawar,72,PM10,16-Jul-26
Jhansi,60,PM10,16-Jul-26
Jhunjhunu,130,PM10,16-Jul-26
Jind,232,PM2.5,16-Jul-26
Jodhpur,76,PM10,16-Jul-26
Jorapokhar,107,PM10,16-Jul-26
Kadapa,54,PM10,16-Jul-26
Kalaburagi,33,CO,16-Jul-26
Kalyan,54,PM2.5,16-Jul-26
Kanpur,87,"PM2.5, PM10",16-Jul-26
Karauli,91,PM10,16-Jul-26
Karnal,169,PM2.5,16-Jul-26
Kashipur,51,PM2.5,16-Jul-26
Katihar,91,CO,16-Jul-26
Katni,118,PM10,16-Jul-26
Keonjhar,44,PM10,16-Jul-26
Khanna,65,PM10,16-Jul-26
Khora,209,PM2.5,16-Jul-26
Khurja,84,PM10,16-Jul-26
Kishanganj,45,PM2.5,16-Jul-26
Kohima,53,SO2,16-Jul-26
Kolhapur,53,PM10,16-Jul-26
Kolkata,41,"PM10, CO, PM2.5",16-Jul-26
Koppal,32,PM10,16-Jul-26
Korba,34,PM10,16-Jul-26
Kota,74,PM10,16-Jul-26
Kunjemura,56,PM10,16-Jul-26
Kurnool,63,PM2.5,16-Jul-26
Kurukshetra,146,PM10,16-Jul-26
Latur,42,PM10,16-Jul-26
Lucknow,70,"PM10, PM2.5, CO",16-Jul-26
Ludhiana,114,PM10,16-Jul-26
Machilipatnam,56,PM2.5,16-Jul-26
Madikeri,32,PM10,16-Jul-26
Mahad,65,PM2.5,16-Jul-26
Maihar,49,PM10,16-Jul-26
Malegaon,72,PM10,16-Jul-26
Mandideep,105,PM10,16-Jul-26
Mandi Gobindgarh,133,PM10,16-Jul-26
Mandikhera,79,PM10,16-Jul-26
Manesar,162,PM2.5,16-Jul-26
Mangalore,61,PM10,16-Jul-26
Mathura,118,PM10,16-Jul-26
Meerut,173,"PM2.5, PM10",16-Jul-26
Mehsana,70,CO,16-Jul-26
Milupara,40,PM10,16-Jul-26
Moradabad,92,PM10,16-Jul-26
Motihari,94,PM2.5,16-Jul-26
Mumbai,54,PM10,16-Jul-26
Munger,55,PM10,16-Jul-26
Muzaffarnagar,159,PM10,16-Jul-26
Muzaffarpur,60,"CO, PM10, PM2.5",16-Jul-26
Mysuru,65,PM10,16-Jul-26
Nagaon,62,PM2.5,16-Jul-26
Nagaur,90,PM10,16-Jul-26
Nagpur,71,PM10,16-Jul-26
Nalbari,44,PM2.5,16-Jul-26
Nanded,53,PM10,16-Jul-26
Narnaul,114,PM2.5,16-Jul-26
Nashik,47,PM10,16-Jul-26
Navi Mumbai,45,PM10,16-Jul-26
Nellore,54,PM2.5,16-Jul-26
Noida,172,PM10,16-Jul-26
Pali,155,PM2.5,16-Jul-26
Palwal,91,PM10,16-Jul-26
Pampore,89,PM10,16-Jul-26
Panchgaon,267,PM2.5,16-Jul-26
Panchkula,47,PM2.5,16-Jul-26
Panipat,253,PM10,16-Jul-26
Parbhani,57,PM10,16-Jul-26
Patiala,111,PM10,16-Jul-26
Patna,67,"PM10, O3",16-Jul-26
Pimpri-Chinchwad,57,PM10,16-Jul-26
Pithampur,77,PM2.5,16-Jul-26
Pratapgarh,70,PM10,16-Jul-26
Prayagraj,51,"PM10, SO2",16-Jul-26
Puducherry,56,O3,16-Jul-26
Pune,58,"CO, PM10",16-Jul-26
Purnia,57,CO,16-Jul-26
Raebareli,125,PM10,16-Jul-26
Raipur,57,PM10,16-Jul-26
Rairangpur,28,PM10,16-Jul-26
Rajamahendravaram,99,PM10,16-Jul-26
Rajgir,49,PM2.5,16-Jul-26
Rajkot,91,CO,16-Jul-26
Rajsamand,73,PM10,16-Jul-26
Ramanagara,55,PM10,16-Jul-26
Ratlam,37,NO2,16-Jul-26
Rishikesh,43,O3,16-Jul-26
Rohtak,127,PM2.5,16-Jul-26
Rourkela,56,"PM2.5, PM10, CO",16-Jul-26
Rupnagar,134,PM2.5,16-Jul-26
Sagar,59,PM10,16-Jul-26
Samastipur,48,PM2.5,16-Jul-26
Sangli,51,PM10,16-Jul-26
Satna,70,PM10,16-Jul-26
Sawai Madhopur,117,PM10,16-Jul-26
Shivamogga,50,PM10,16-Jul-26
Silchar,55,PM10,16-Jul-26
Siliguri,116,NO2,16-Jul-26
Singrauli,100,PM10,16-Jul-26
Sirsa,107,PM10,16-Jul-26
Sivasagar,39,O3,16-Jul-26
Solapur,41,PM10,16-Jul-26
Sonipat,235,PM2.5,16-Jul-26
Sri Ganganagar,70,NO2,16-Jul-26
Srinagar,81,"PM2.5, PM10",16-Jul-26
Suakati,64,PM10,16-Jul-26
Surat,55,PM10,16-Jul-26
Thane,45,PM10,16-Jul-26
Thoothukudi,68,PM10,16-Jul-26
Thrissur,59,PM10,16-Jul-26
Tirumala,59,NO2,16-Jul-26
Tirupati,75,PM10,16-Jul-26
Tonk,131,PM10,16-Jul-26
Tumidih,38,CO,16-Jul-26
Udaipur,100,PM10,16-Jul-26
Ujjain,63,PM10,16-Jul-26
Ulhasnagar,49,PM10,16-Jul-26
Vadodara,99,CO,16-Jul-26
Vapi,66,PM10,16-Jul-26
Varanasi,69,PM10,16-Jul-26
Vatva,92,PM10,16-Jul-26
Vijayapura,43,PM10,16-Jul-26
Vijayawada,65,PM10,16-Jul-26
Virar,81,PM10,16-Jul-26
Visakhapatnam,148,PM10,16-Jul-26
Vrindavan,75,PM10,16-Jul-26
Yadgir,48,PM10,16-Jul-26
Yamuna Nagar,130,PM2.5,16-Jul-26
Agartala,91,PM10,15-Jul-26
Agra,92,"PM10, PM2.5, SO2",15-Jul-26
Ahmedabad,77,"PM10, CO",15-Jul-26
Ahmednagar,42,PM10,15-Jul-26
Aizawl,15,SO2,15-Jul-26
Ajmer,85,PM10,15-Jul-26
Akola,70,PM10,15-Jul-26
Alwar,102,PM2.5,15-Jul-26
Amaravati,135,PM10,15-Jul-26
Ambala,143,PM10,15-Jul-26
Ambernath,87,PM10,15-Jul-26
Amravati,52,PM10,15-Jul-26
Amritsar,102,PM10,15-Jul-26
Anantapur,91,PM2.5,15-Jul-26
Angul,85,PM10,15-Jul-26
Ankleshwar,62,PM10,15-Jul-26
Araria,40,O3,15-Jul-26
Arrah,68,PM2.5,15-Jul-26
Asansol,55,"SO2, PM2.5, CO",15-Jul-26
Aurangabad (Maharashtra),79,"PM10, CO",15-Jul-26
Baddi,171,PM10,15-Jul-26
Badlapur,48,PM10,15-Jul-26
Bagalkot,51,PM10,15-Jul-26
Baghpat,85,PM10,15-Jul-26
Bahadurgarh,163,PM2.5,15-Jul-26
Balasore,54,O3,15-Jul-26
Ballabgarh,138,PM10,15-Jul-26
Banswara,98,PM10,15-Jul-26
Baran,93,PM10,15-Jul-26
Barbil,74,PM10,15-Jul-26
Bareilly,62,"SO2, PM10",15-Jul-26
Baripada,44,O3,15-Jul-26
Barmer,108,PM10,15-Jul-26
Barrackpore,51,PM10,15-Jul-26
Bathinda,79,CO,15-Jul-26
Beed,62,PM10,15-Jul-26
Begusarai,69,PM2.5,15-Jul-26
Belapur,60,PM10,15-Jul-26
Bengaluru,75,PM10,15-Jul-26
Bhagalpur,103,PM10,15-Jul-26
Bharatpur,86,PM10,15-Jul-26
Bhavnagar,81,CO,15-Jul-26
Bhilai,50,PM10,15-Jul-26
Bhiwadi,105,PM10,15-Jul-26
Bhiwandi,71,PM10,15-Jul-26
Bhiwani,133,PM2.5,15-Jul-26
Bhopal,75,PM10,15-Jul-26
Bhubaneswar,63,"PM10, PM2.5",15-Jul-26
Bihar Sharif,105,CO,15-Jul-26
Bikaner,143,PM10,15-Jul-26
Bilaspur,44,PM10,15-Jul-26
Bileipada,115,PM10,15-Jul-26
Boisar,52,PM10,15-Jul-26
Brajrajnagar,42,O3,15-Jul-26
Bulandshahr,126,PM10,15-Jul-26
Bundi,80,PM10,15-Jul-26
Buxar,95,O3,15-Jul-26
Byrnihat (Assam),86,PM2.5,15-Jul-26
Chamarajanagar,42,PM10,15-Jul-26
Chandigarh,75,"PM10, PM2.5",15-Jul-26
Chandrapur,68,PM10,15-Jul-26
Charkhi Dadri,165,PM2.5,15-Jul-26
Chennai,101,PM10,15-Jul-26
Chhapra,111,PM10,15-Jul-26
Chikkaballapur,75,PM10,15-Jul-26
Chikkamagaluru,64,CO,15-Jul-26
Chittoor,69,PM2.5,15-Jul-26
Chittorgarh,80,PM10,15-Jul-26
Churu,160,PM10,15-Jul-26
Coimbatore,42,PM2.5,15-Jul-26
Cuddalore,59,PM10,15-Jul-26
Cuttack,87,PM10,15-Jul-26
Damoh,50,PM10,15-Jul-26
Dausa,126,PM10,15-Jul-26
Dehradun,91,PM2.5,15-Jul-26
Delhi,136,PM10,15-Jul-26
Dewas,89,NO2,15-Jul-26
Dhanbad,99,NO2,15-Jul-26
Dharuhera,115,PM2.5,15-Jul-26
Dharwad,82,PM10,15-Jul-26
Dholpur,58,PM2.5,15-Jul-26
Dombivli,23,PM10,15-Jul-26
Durgapur,60,"NO2, PM10",15-Jul-26
Eluru,54,PM10,15-Jul-26
Faridabad,130,"PM2.5, PM10",15-Jul-26
Fatehabad,163,PM10,15-Jul-26
Firozabad,53,PM10,15-Jul-26
Gadag,33,PM10,15-Jul-26
Gandhinagar,64,PM10,15-Jul-26
Gangtok,14,PM2.5,15-Jul-26
Gaya,88,PM10,15-Jul-26
Ghaziabad,139,PM10,15-Jul-26
Gorakhpur,87,PM10,15-Jul-26
Greater Noida,184,PM10,15-Jul-26
Gummidipoondi,106,PM10,15-Jul-26
Guntur,47,PM2.5,15-Jul-26
Gurugram,161,"PM2.5, PM10",15-Jul-26
Guwahati,44,"SO2, PM2.5",15-Jul-26
Gwalior,94,"PM10, PM2.5",15-Jul-26
Hajipur,74,PM2.5,15-Jul-26
Haldia,32,PM10,15-Jul-26
Hanumangarh,112,PM10,15-Jul-26
Hapur,115,PM10,15-Jul-26
Hingoli,46,PM10,15-Jul-26
Hisar,158,PM10,15-Jul-26
Howrah,65,"PM2.5, PM10, CO",15-Jul-26
Hubballi,59,PM10,15-Jul-26
Hyderabad,59,PM10,15-Jul-26
Indore,55,"CO, PM10, PM2.5",15-Jul-26
Jabalpur,68,"PM10, O3",15-Jul-26
Jaipur,140,"PM2.5, PM10",15-Jul-26
Jaisalmer,147,PM10,15-Jul-26
Jalandhar,66,PM10,15-Jul-26
Jalgaon,39,PM10,15-Jul-26
Jalore,82,PM10,15-Jul-26
Jhalawar,61,PM10,15-Jul-26
Jhansi,73,PM10,15-Jul-26
Jhunjhunu,132,PM10,15-Jul-26
Jind,183,PM2.5,15-Jul-26
Jodhpur,75,PM10,15-Jul-26
Jorapokhar,98,PM10,15-Jul-26
Kalaburagi,29,PM10,15-Jul-26
Kalyan,60,PM2.5,15-Jul-26
Kanpur,75,"PM10, PM2.5",15-Jul-26
Karauli,116,PM10,15-Jul-26
Karnal,106,PM2.5,15-Jul-26
Karwar,41,PM10,15-Jul-26
Kashipur,78,PM10,15-Jul-26
Katihar,90,CO,15-Jul-26
Katni,124,PM10,15-Jul-26
Keonjhar,60,PM10,15-Jul-26
Khairthal,98,PM10,15-Jul-26
Khanna,75,PM10,15-Jul-26
Khora,169,PM2.5,15-Jul-26
Khurja,58,PM10,15-Jul-26
Kishanganj,45,PM2.5,15-Jul-26
Kohima,50,SO2,15-Jul-26
Kolhapur,44,PM10,15-Jul-26
Kolkata,52,"PM10, NO2",15-Jul-26
Koppal,32,PM10,15-Jul-26
Korba,46,PM10,15-Jul-26
Kota,85,PM10,15-Jul-26
Kunjemura,41,PM10,15-Jul-26
Kurnool,60,PM10,15-Jul-26
Kurukshetra,138,PM10,15-Jul-26
Latur,42,PM10,15-Jul-26
Lucknow,72,"PM10, PM2.5",15-Jul-26
Ludhiana,100,PM10,15-Jul-26
Machilipatnam,48,PM2.5,15-Jul-26
Madikeri,31,PM10,15-Jul-26
Mahad,50,PM2.5,15-Jul-26
Maihar,55,PM10,15-Jul-26
Malegaon,87,PM10,15-Jul-26
Mandideep,84,PM10,15-Jul-26
Mandi Gobindgarh,91,PM10,15-Jul-26
Mandikhera,78,PM10,15-Jul-26
Manesar,130,PM2.5,15-Jul-26
Mangalore,65,PM10,15-Jul-26
Mathura,103,PM10,15-Jul-26
Meerut,152,"PM2.5, PM10",15-Jul-26
Mehsana,70,CO,15-Jul-26
Mira-Bhayandar,28,PM10,15-Jul-26
Moradabad,86,PM10,15-Jul-26
Mumbai,56,PM10,15-Jul-26
Munger,97,PM10,15-Jul-26
Muzaffarnagar,134,PM10,15-Jul-26
Muzaffarpur,68,"CO, PM10, PM2.5",15-Jul-26
Mysuru,66,PM10,15-Jul-26
Nagaon,64,PM2.5,15-Jul-26
Nagaur,83,PM10,15-Jul-26
Nagpur,65,PM10,15-Jul-26
Nalbari,65,PM2.5,15-Jul-26
Nanded,63,PM10,15-Jul-26
Nandesari,47,PM10,15-Jul-26
Narnaul,127,PM2.5,15-Jul-26
Nashik,52,PM10,15-Jul-26
Navi Mumbai,45,PM10,15-Jul-26
Nellore,68,PM10,15-Jul-26
Noida,141,PM10,15-Jul-26
Pali,132,PM2.5,15-Jul-26
Palwal,77,PM10,15-Jul-26
Panchgaon,156,PM2.5,15-Jul-26
Panchkula,49,PM2.5,15-Jul-26
Panipat,196,PM10,15-Jul-26
Parbhani,60,PM10,15-Jul-26
Patiala,119,PM10,15-Jul-26
Patna,71,"PM10, O3",15-Jul-26
Pimpri-Chinchwad,59,PM10,15-Jul-26
Pithampur,65,PM2.5,15-Jul-26
Pratapgarh,63,PM10,15-Jul-26
Prayagraj,49,"PM10, SO2",15-Jul-26
Puducherry,66,O3,15-Jul-26
Pune,60,"CO, PM10",15-Jul-26
Raebareli,106,PM10,15-Jul-26
Raipur,49,PM10,15-Jul-26
Rairangpur,37,PM10,15-Jul-26
Rajamahendravaram,81,PM10,15-Jul-26
Rajgir,47,PM2.5,15-Jul-26
Rajkot,91,CO,15-Jul-26
Rajsamand,82,PM10,15-Jul-26
Ramanagara,49,PM10,15-Jul-26
Ratlam,37,NO2,15-Jul-26
Rishikesh,68,O3,15-Jul-26
Rohtak,90,PM10,15-Jul-26
Rourkela,73,"PM10, PM2.5",15-Jul-26
Rupnagar,203,PM2.5,15-Jul-26
Sagar,46,PM10,15-Jul-26
Saharsa,98,PM10,15-Jul-26
Samastipur,59,PM2.5,15-Jul-26
Sangli,54,PM10,15-Jul-26
Satna,70,PM10,15-Jul-26
Sawai Madhopur,119,PM10,15-Jul-26
Shivamogga,47,O3,15-Jul-26
Sikar,102,PM10,15-Jul-26
Silchar,54,PM10,15-Jul-26
Siliguri,119,NO2,15-Jul-26
Sirohi,89,PM10,15-Jul-26
Sirsa,126,PM10,15-Jul-26
Sivasagar,49,O3,15-Jul-26
Solapur,48,PM10,15-Jul-26
Sonipat,170,PM2.5,15-Jul-26
Sri Ganganagar,105,PM10,15-Jul-26
Srinagar,66,"PM2.5, PM10",15-Jul-26
Suakati,89,PM10,15-Jul-26
Surat,55,PM10,15-Jul-26
Tensa,53,PM10,15-Jul-26
Thane,51,"O3, PM10",15-Jul-26
Thoothukudi,105,PM10,15-Jul-26
Thrissur,60,PM10,15-Jul-26
Tirumala,82,PM10,15-Jul-26
Tirupati,65,PM10,15-Jul-26
Tonk,138,PM10,15-Jul-26
Tumakuru,69,PM10,15-Jul-26
Udaipur,106,PM10,15-Jul-26
Ujjain,53,PM10,15-Jul-26
Ulhasnagar,44,"PM10, PM2.5",15-Jul-26
Vadodara,97,CO,15-Jul-26
Vapi,69,PM2.5,15-Jul-26
Varanasi,91,"PM2.5, PM10",15-Jul-26
Vatva,140,PM2.5,15-Jul-26
Vijayapura,43,PM10,15-Jul-26
Vijayawada,65,PM10,15-Jul-26
Virar,82,PM10,15-Jul-26
Vrindavan,70,PM10,15-Jul-26
Yadgir,55,PM10,15-Jul-26
Yamuna Nagar,185,PM2.5,15-Jul-26
Agartala,120,PM10,14-Jul-26
Agra,124,"PM2.5, PM10",14-Jul-26
Ahmedabad,76,PM10,14-Jul-26
Ahmednagar,44,O3,14-Jul-26
Aizawl,18,PM10,14-Jul-26
Akola,63,PM10,14-Jul-26
Alwar,186,PM2.5,14-Jul-26
Amaravati,181,PM10,14-Jul-26
Ambala,139,PM10,14-Jul-26
Ambernath,33,PM2.5,14-Jul-26
Amravati,63,PM10,14-Jul-26
Amritsar,97,PM10,14-Jul-26
Angul,150,PM10,14-Jul-26
Ankleshwar,63,PM10,14-Jul-26
Araria,40,O3,14-Jul-26
Asansol,53,"SO2, PM2.5, CO",14-Jul-26
Aurangabad (Maharashtra),73,"PM10, CO",14-Jul-26
Baddi,173,PM10,14-Jul-26
Bagalkot,51,PM10,14-Jul-26
Baghpat,83,PM10,14-Jul-26
Bahadurgarh,183,PM2.5,14-Jul-26
Balasore,54,O3,14-Jul-26
Ballabgarh,216,PM2.5,14-Jul-26
Banswara,105,PM10,14-Jul-26
Baran,86,O3,14-Jul-26
Barbil,97,PM10,14-Jul-26
Bareilly,54,O3,14-Jul-26
Barmer,190,PM10,14-Jul-26
Barrackpore,47,PM10,14-Jul-26
Bathinda,78,CO,14-Jul-26
Beed,61,PM10,14-Jul-26
Begusarai,50,PM10,14-Jul-26
Belapur,62,PM10,14-Jul-26
Bengaluru,73,PM10,14-Jul-26
Bhagalpur,115,"PM2.5, PM10",14-Jul-26
Bharatpur,101,PM10,14-Jul-26
Bhavnagar,80,CO,14-Jul-26
Bhilai,63,PM10,14-Jul-26
Bhilwara,101,PM10,14-Jul-26
Bhiwadi,148,PM10,14-Jul-26
Bhiwandi,62,PM10,14-Jul-26
Bhiwani,254,PM2.5,14-Jul-26
Bhopal,85,PM10,14-Jul-26
Bhubaneswar,61,"PM10, O3",14-Jul-26
Bihar Sharif,97,CO,14-Jul-26
Bikaner,186,PM10,14-Jul-26
Bilaspur,65,PM10,14-Jul-26
Bileipada,146,PM10,14-Jul-26
Boisar,56,PM10,14-Jul-26
Brajrajnagar,72,PM10,14-Jul-26
Bulandshahr,146,PM10,14-Jul-26
Bundi,75,PM10,14-Jul-26
Buxar,74,O3,14-Jul-26
Byasanagar,45,O3,14-Jul-26
Byrnihat (Meghalaya),119,PM2.5,14-Jul-26
Chamarajanagar,44,PM10,14-Jul-26
Chandigarh,75,"PM10, NO2",14-Jul-26
Chandrapur,86,PM10,14-Jul-26
Charkhi Dadri,262,PM2.5,14-Jul-26
Chennai,111,"PM2.5, PM10",14-Jul-26
Chhal,78,PM10,14-Jul-26
Chhapra,115,PM10,14-Jul-26
Chikkaballapur,70,PM10,14-Jul-26
Chittoor,73,PM2.5,14-Jul-26
Chittorgarh,78,PM10,14-Jul-26
Churu,298,PM10,14-Jul-26
Coimbatore,42,PM2.5,14-Jul-26
Cuddalore,59,PM10,14-Jul-26
Cuttack,67,PM10,14-Jul-26
Damoh,50,SO2,14-Jul-26
Dausa,190,PM10,14-Jul-26
Dehradun,104,PM10,14-Jul-26
Delhi,172,PM10,14-Jul-26
Dewas,85,NO2,14-Jul-26
Dhanbad,99,NO2,14-Jul-26
Dharuhera,143,PM2.5,14-Jul-26
Dharwad,79,PM10,14-Jul-26
Dholpur,64,PM2.5,14-Jul-26
Dombivli,22,PM10,14-Jul-26
Durgapur,64,PM10,14-Jul-26
Eluru,73,PM2.5,14-Jul-26
Faridabad,159,"PM2.5, PM10",14-Jul-26
Fatehabad,130,PM10,14-Jul-26
Firozabad,60,PM10,14-Jul-26
Gadag,30,PM10,14-Jul-26
Gandhinagar,64,PM10,14-Jul-26
Gaya,74,"PM10, O3, PM2.5",14-Jul-26
Ghaziabad,153,PM10,14-Jul-26
Gorakhpur,68,PM10,14-Jul-26
Greater Noida,245,PM10,14-Jul-26
Gummidipoondi,122,PM10,14-Jul-26
Guntur,54,PM2.5,14-Jul-26
Gurugram,193,"PM2.5, PM10",14-Jul-26
Guwahati,142,"PM10, SO2, PM2.5",14-Jul-26
Gwalior,105,"PM10, PM2.5",14-Jul-26
Hajipur,93,O3,14-Jul-26
Haldia,44,PM10,14-Jul-26
Hanumangarh,86,O3,14-Jul-26
Hapur,118,PM10,14-Jul-26
Hingoli,43,PM10,14-Jul-26
Howrah,62,"PM10, CO, O3",14-Jul-26
Hubballi,58,PM10,14-Jul-26
Hyderabad,55,PM10,14-Jul-26
Indore,61,"NO2, CO, PM2.5",14-Jul-26
Jabalpur,70,"PM10, PM2.5",14-Jul-26
Jaipur,166,"PM2.5, PM10",14-Jul-26
Jaisalmer,156,PM10,14-Jul-26
Jalandhar,54,PM10,14-Jul-26
Jalgaon,36,PM10,14-Jul-26
Jalore,94,PM10,14-Jul-26
Jhalawar,71,PM10,14-Jul-26
Jhansi,74,PM10,14-Jul-26
Jhunjhunu,185,PM10,14-Jul-26
Jind,90,PM2.5,14-Jul-26
Jodhpur,111,PM10,14-Jul-26
Jorapokhar,105,PM10,14-Jul-26
Kadapa,42,O3,14-Jul-26
Kaithal,202,PM2.5,14-Jul-26
Kalaburagi,35,PM10,14-Jul-26
Kalyan,59,PM2.5,14-Jul-26
Kanpur,94,"PM10, PM2.5",14-Jul-26
Karauli,132,PM10,14-Jul-26
Karnal,93,PM10,14-Jul-26
Karwar,50,PM10,14-Jul-26
Katihar,84,CO,14-Jul-26
Katni,130,PM10,14-Jul-26
Keonjhar,84,PM10,14-Jul-26
Khairthal,155,PM2.5,14-Jul-26
Khanna,67,PM10,14-Jul-26
Khora,105,PM2.5,14-Jul-26
Khurja,104,PM10,14-Jul-26
Kishanganj,38,PM2.5,14-Jul-26
Kohima,47,SO2,14-Jul-26
Kolhapur,47,PM10,14-Jul-26
Kolkata,49,"PM10, NO2",14-Jul-26
Koppal,30,NO2,14-Jul-26
Korba,98,PM10,14-Jul-26
Kota,94,PM10,14-Jul-26
Kunjemura,71,PM10,14-Jul-26
Kurnool,56,PM10,14-Jul-26
Kurukshetra,116,PM10,14-Jul-26
Latur,45,PM10,14-Jul-26
Lucknow,137,"PM2.5, PM10",14-Jul-26
Ludhiana,79,PM10,14-Jul-26
Machilipatnam,49,PM2.5,14-Jul-26
Madikeri,32,PM10,14-Jul-26
Madurai,57,SO2,14-Jul-26
Mahad,49,O3,14-Jul-26
Maihar,50,PM10,14-Jul-26
Malegaon,84,PM10,14-Jul-26
Mandideep,114,PM10,14-Jul-26
Mandi Gobindgarh,96,CO,14-Jul-26
Mandikhera,79,PM10,14-Jul-26
Manesar,247,PM2.5,14-Jul-26
Mangalore,68,PM10,14-Jul-26
Meerut,168,"PM2.5, PM10",14-Jul-26
Mehsana,70,CO,14-Jul-26
Mira-Bhayandar,29,PM10,14-Jul-26
Moradabad,97,PM10,14-Jul-26
Mumbai,56,PM10,14-Jul-26
Munger,89,PM2.5,14-Jul-26
Muzaffarnagar,148,PM10,14-Jul-26
Muzaffarpur,67,"CO, PM10, PM2.5",14-Jul-26
Mysuru,71,PM10,14-Jul-26
Nagaon,62,PM2.5,14-Jul-26
Nagaur,119,PM10,14-Jul-26
Nagpur,71,PM10,14-Jul-26
Naharlagun,21,PM10,14-Jul-26
Nalbari,64,PM2.5,14-Jul-26
Nanded,60,PM10,14-Jul-26
Nandesari,48,PM10,14-Jul-26
Narnaul,164,PM2.5,14-Jul-26
Nashik,47,PM10,14-Jul-26
Navi Mumbai,48,PM10,14-Jul-26
Nellore,69,PM10,14-Jul-26
Noida,180,PM10,14-Jul-26
Pali,116,PM10,14-Jul-26
Palwal,93,PM10,14-Jul-26
Pampore,72,PM10,14-Jul-26
Panchgaon,305,PM2.5,14-Jul-26
Panchkula,61,PM2.5,14-Jul-26
Panipat,153,PM10,14-Jul-26
Parbhani,58,PM10,14-Jul-26
Patiala,84,PM10,14-Jul-26
Patna,75,PM10,14-Jul-26
Pimpri-Chinchwad,63,PM10,14-Jul-26
Pithampur,65,PM2.5,14-Jul-26
Pratapgarh,83,PM10,14-Jul-26
Prayagraj,43,SO2,14-Jul-26
Puducherry,53,O3,14-Jul-26
Pune,55,PM10,14-Jul-26
Purnia,57,PM2.5,14-Jul-26
Raebareli,121,PM10,14-Jul-26
Raipur,71,PM10,14-Jul-26
Rairangpur,58,PM10,14-Jul-26
Rajamahendravaram,104,PM10,14-Jul-26
Rajgir,56,PM2.5,14-Jul-26
Rajkot,90,CO,14-Jul-26
Rajsamand,89,PM10,14-Jul-26
Ramanagara,50,PM10,14-Jul-26
Ratlam,37,NO2,14-Jul-26
Rishikesh,92,O3,14-Jul-26
Rohtak,101,PM10,14-Jul-26
Rourkela,79,"PM10, PM2.5",14-Jul-26
Rupnagar,131,PM2.5,14-Jul-26
Sagar,50,PM10,14-Jul-26
Samastipur,46,PM2.5,14-Jul-26
Sangli,50,PM10,14-Jul-26
Satna,70,PM10,14-Jul-26
Sawai Madhopur,118,PM10,14-Jul-26
Shivamogga,47,O3,14-Jul-26
Sikar,116,PM10,14-Jul-26
Silchar,57,CO,14-Jul-26
Siliguri,114,NO2,14-Jul-26
Sirohi,89,PM10,14-Jul-26
Sirsa,81,PM10,14-Jul-26
Sivasagar,45,O3,14-Jul-26
Solapur,47,PM10,14-Jul-26
Sonipat,172,O3,14-Jul-26
Sri Ganganagar,87,O3,14-Jul-26
Srinagar,52,PM10,14-Jul-26
Suakati,130,PM10,14-Jul-26
Surat,48,"PM10, CO",14-Jul-26
Talcher,149,PM2.5,14-Jul-26
Tensa,96,PM10,14-Jul-26
Thane,50,PM10,14-Jul-26
Thiruvananthapuram,39,PM10,14-Jul-26
Thoothukudi,117,PM10,14-Jul-26
Thrissur,54,PM10,14-Jul-26
Tirumala,75,NO2,14-Jul-26
Tonk,139,PM10,14-Jul-26
Tumakuru,67,PM10,14-Jul-26
Tumidih,70,PM10,14-Jul-26
Udaipur,106,PM10,14-Jul-26
Ujjain,57,PM10,14-Jul-26
Ulhasnagar,44,"PM10, PM2.5",14-Jul-26
Vadodara,96,CO,14-Jul-26
Vapi,67,PM10,14-Jul-26
Varanasi,89,PM10,14-Jul-26
Vatva,112,PM10,14-Jul-26
Vijayapura,43,PM10,14-Jul-26
Vijayawada,69,"PM2.5, PM10",14-Jul-26
Virar,99,PM10,14-Jul-26
Visakhapatnam,156,PM10,14-Jul-26
Vrindavan,116,PM2.5,14-Jul-26
Yadgir,48,PM10,14-Jul-26
Yamuna Nagar,151,PM2.5,14-Jul-26
Agartala,98,PM10,13-Jul-26
Agra,96,"PM2.5, PM10",13-Jul-26
Ahmedabad,84,PM10,13-Jul-26
Ahmednagar,44,PM10,13-Jul-26
Aizawl,22,PM10,13-Jul-26
Akola,53,PM10,13-Jul-26
Alwar,167,PM2.5,13-Jul-26
Amaravati,152,PM10,13-Jul-26
Ambala,129,PM10,13-Jul-26
Amravati,81,PM10,13-Jul-26
Amritsar,100,PM10,13-Jul-26
Angul,105,PM10,13-Jul-26
Ankleshwar,40,CO,13-Jul-26
Araria,42,O3,13-Jul-26
Arrah,206,PM2.5,13-Jul-26
Asansol,63,"SO2, PM2.5, PM10",13-Jul-26
Aurangabad (Maharashtra),70,PM10,13-Jul-26
Baddi,48,PM2.5,13-Jul-26
Bagalkot,51,PM10,13-Jul-26
Baghpat,123,PM10,13-Jul-26
Bahadurgarh,233,PM2.5,13-Jul-26
Balasore,90,PM10,13-Jul-26
Banswara,112,PM10,13-Jul-26
Baran,76,PM10,13-Jul-26
Barbil,93,PM10,13-Jul-26
Bareilly,24,PM2.5,13-Jul-26
Baripada,113,PM10,13-Jul-26
Barmer,113,PM10,13-Jul-26
Barrackpore,93,PM10,13-Jul-26
Bathinda,78,CO,13-Jul-26
Beed,71,PM10,13-Jul-26
Begusarai,60,PM2.5,13-Jul-26
Belapur,55,PM10,13-Jul-26
Bengaluru,76,"PM10, PM2.5",13-Jul-26
Bhagalpur,65,PM10,13-Jul-26
Bharatpur,78,PM10,13-Jul-26
Bhavnagar,80,CO,13-Jul-26
Bhilai,45,PM10,13-Jul-26
Bhilwara,105,PM10,13-Jul-26
Bhiwadi,135,PM10,13-Jul-26
Bhiwandi,70,PM10,13-Jul-26
Bhiwani,238,PM2.5,13-Jul-26
Bhopal,82,PM10,13-Jul-26
Bhubaneswar,85,"PM10, PM2.5",13-Jul-26
Bihar Sharif,103,CO,13-Jul-26
Bikaner,149,PM10,13-Jul-26
Bileipada,146,PM10,13-Jul-26
Boisar,50,PM10,13-Jul-26
Brajrajnagar,60,PM10,13-Jul-26
Bulandshahr,218,PM10,13-Jul-26
Bundi,72,PM10,13-Jul-26
Buxar,58,PM2.5,13-Jul-26
Byasanagar,105,PM10,13-Jul-26
Byrnihat (Meghalaya),109,NO2,13-Jul-26
Chamarajanagar,42,PM10,13-Jul-26
Chandigarh,52,"PM10, CO",13-Jul-26
Chandrapur,89,PM10,13-Jul-26
Charkhi Dadri,243,PM2.5,13-Jul-26
Chennai,114,"PM2.5, PM10",13-Jul-26
Chhal,59,PM10,13-Jul-26
Chittoor,73,PM10,13-Jul-26
Chittorgarh,86,PM10,13-Jul-26
Churu,163,PM10,13-Jul-26
Coimbatore,34,PM2.5,13-Jul-26
Cuddalore,59,PM10,13-Jul-26
Cuttack,115,PM10,13-Jul-26
Damoh,50,PM10,13-Jul-26
Dausa,131,PM10,13-Jul-26
Dehradun,139,PM10,13-Jul-26
Delhi,246,PM10,13-Jul-26
Dewas,109,PM10,13-Jul-26
Dhanbad,102,NO2,13-Jul-26
Dharuhera,164,PM2.5,13-Jul-26
Dharwad,76,PM10,13-Jul-26
Dholpur,53,PM2.5,13-Jul-26
Dhule,63,PM10,13-Jul-26
Dombivli,23,PM10,13-Jul-26
Durgapur,84,PM10,13-Jul-26
Eluru,62,PM2.5,13-Jul-26
Faridabad,150,"PM2.5, PM10",13-Jul-26
Fatehabad,218,PM10,13-Jul-26
Firozabad,57,PM10,13-Jul-26
Gadag,27,PM10,13-Jul-26
Gandhinagar,72,PM10,13-Jul-26
Gaya,101,PM10,13-Jul-26
Ghaziabad,243,PM10,13-Jul-26
Gorakhpur,70,PM10,13-Jul-26
Greater Noida,303,PM10,13-Jul-26
Gummidipoondi,94,PM2.5,13-Jul-26
Guntur,57,PM10,13-Jul-26
Gurugram,251,"PM2.5, PM10",13-Jul-26
Guwahati,151,"PM2.5, SO2",13-Jul-26
Gwalior,87,"PM10, PM2.5",13-Jul-26
Hajipur,64,PM10,13-Jul-26
Haldia,92,PM10,13-Jul-26
Hanumangarh,142,PM10,13-Jul-26
Hapur,278,PM10,13-Jul-26
Hingoli,51,PM10,13-Jul-26
Hisar,174,PM10,13-Jul-26
Howrah,97,PM10,13-Jul-26
Hubballi,67,PM10,13-Jul-26
Hyderabad,52,PM10,13-Jul-26
Indore,71,"PM10, CO, PM2.5",13-Jul-26
Jabalpur,55,"PM10, CO, O3",13-Jul-26
Jaipur,137,"PM2.5, PM10",13-Jul-26
Jaisalmer,122,PM10,13-Jul-26
Jalgaon,45,PM10,13-Jul-26
Jalore,117,PM10,13-Jul-26
Jhalawar,73,PM10,13-Jul-26
Jhansi,58,PM10,13-Jul-26
Jhunjhunu,130,PM10,13-Jul-26
Jind,253,PM2.5,13-Jul-26
Jodhpur,91,PM10,13-Jul-26
Jorapokhar,101,PM10,13-Jul-26
Kadapa,70,PM2.5,13-Jul-26
Kaithal,209,PM2.5,13-Jul-26
Kalaburagi,34,PM10,13-Jul-26
Kalyan,56,PM2.5,13-Jul-26
Kannur,56,PM10,13-Jul-26
Kanpur,81,"PM10, PM2.5",13-Jul-26
Karauli,106,PM10,13-Jul-26
Karnal,139,PM2.5,13-Jul-26
Katni,107,PM10,13-Jul-26
Keonjhar,68,PM10,13-Jul-26
Khairthal,147,PM2.5,13-Jul-26
Khanna,65,PM10,13-Jul-26
Khora,183,PM2.5,13-Jul-26
Khurja,126,PM10,13-Jul-26
Kohima,49,SO2,13-Jul-26
Kolhapur,43,PM10,13-Jul-26
Kolkata,86,PM10,13-Jul-26
Korba,51,PM10,13-Jul-26
Kota,101,PM10,13-Jul-26
Kunjemura,59,PM10,13-Jul-26
Kurnool,60,PM10,13-Jul-26
Kurukshetra,127,PM10,13-Jul-26
Latur,56,PM10,13-Jul-26
Lucknow,106,"PM2.5, PM10",13-Jul-26
Ludhiana,82,PM10,13-Jul-26
Machilipatnam,46,PM10,13-Jul-26
Madikeri,22,PM10,13-Jul-26
Madurai,56,SO2,13-Jul-26
Mahad,47,PM10,13-Jul-26
Maihar,41,PM10,13-Jul-26
Malegaon,89,PM10,13-Jul-26
Mandideep,122,PM10,13-Jul-26
Mandi Gobindgarh,100,CO,13-Jul-26
Mangalore,65,PM10,13-Jul-26
Mathura,138,PM10,13-Jul-26
Meerut,325,"PM2.5, PM10",13-Jul-26
Mehsana,92,PM10,13-Jul-26
Milupara,57,PM10,13-Jul-26
Mira-Bhayandar,30,PM10,13-Jul-26
Modinagar,291,PM2.5,13-Jul-26
Moradabad,170,PM10,13-Jul-26
Motihari,57,O3,13-Jul-26
Mumbai,60,"NO2, PM10",13-Jul-26
Munger,59,PM2.5,13-Jul-26
Muzaffarnagar,284,PM10,13-Jul-26
Muzaffarpur,67,"CO, PM10, PM2.5",13-Jul-26
Mysuru,61,PM10,13-Jul-26
Nagaon,45,PM2.5,13-Jul-26
Nagaur,91,PM10,13-Jul-26
Nagpur,74,PM10,13-Jul-26
Nalbari,76,PM2.5,13-Jul-26
Nanded,67,PM10,13-Jul-26
Narnaul,148,PM2.5,13-Jul-26
Nashik,49,"PM10, PM2.5",13-Jul-26
Navi Mumbai,48,PM10,13-Jul-26
Nellore,50,PM2.5,13-Jul-26
Noida,216,PM10,13-Jul-26
Pali,118,PM10,13-Jul-26
Palwal,75,PM10,13-Jul-26
Panchgaon,282,PM2.5,13-Jul-26
Panchkula,63,PM2.5,13-Jul-26
Panipat,276,PM10,13-Jul-26
Parbhani,65,PM10,13-Jul-26
Patiala,74,PM10,13-Jul-26
Patna,61,"PM10, O3",13-Jul-26
Pimpri-Chinchwad,66,PM10,13-Jul-26
Pithampur,67,PM2.5,13-Jul-26
Pratapgarh,88,PM10,13-Jul-26
Prayagraj,36,PM10,13-Jul-26
Puducherry,44,PM10,13-Jul-26
Pune,61,PM10,13-Jul-26
Purnia,58,PM2.5,13-Jul-26
Raebareli,94,PM10,13-Jul-26
Raipur,53,PM10,13-Jul-26
Rairangpur,90,PM10,13-Jul-26
Rajamahendravaram,83,PM10,13-Jul-26
Rajgir,55,PM2.5,13-Jul-26
Rajkot,91,CO,13-Jul-26
Rajsamand,101,PM10,13-Jul-26
Ramanagara,48,PM10,13-Jul-26
Ratlam,43,PM2.5,13-Jul-26
Rishikesh,105,O3,13-Jul-26
Rohtak,160,PM10,13-Jul-26
Rourkela,77,"PM10, PM2.5",13-Jul-26
Rupnagar,70,PM2.5,13-Jul-26
Sagar,50,PM10,13-Jul-26
Saharsa,121,PM10,13-Jul-26
Sangli,53,PM10,13-Jul-26
Satna,70,PM10,13-Jul-26
Sawai Madhopur,110,PM10,13-Jul-26
Shivamogga,49,O3,13-Jul-26
Sikar,108,PM10,13-Jul-26
Silchar,49,PM2.5,13-Jul-26
Siliguri,115,NO2,13-Jul-26
Singrauli,59,PM2.5,13-Jul-26
Sirohi,108,PM10,13-Jul-26
Sirsa,177,PM10,13-Jul-26
Sivasagar,44,O3,13-Jul-26
Solapur,53,PM10,13-Jul-26
Sonipat,133,PM10,13-Jul-26
Sri Ganganagar,107,PM10,13-Jul-26
Srinagar,47,PM10,13-Jul-26
Suakati,51,PM2.5,13-Jul-26
Surat,101,PM10,13-Jul-26
Talcher,130,PM10,13-Jul-26
Tensa,79,PM10,13-Jul-26
Thane,54,PM10,13-Jul-26
Thiruvananthapuram,52,PM10,13-Jul-26
Thoothukudi,100,PM10,13-Jul-26
Tirumala,74,NO2,13-Jul-26
Tirupati,71,PM10,13-Jul-26
Tonk,135,PM10,13-Jul-26
Tumidih,51,PM10,13-Jul-26
Udaipur,66,PM10,13-Jul-26
Ujjain,70,PM10,13-Jul-26
Ulhasnagar,51,PM10,13-Jul-26
Vadodara,95,CO,13-Jul-26
Vapi,34,PM2.5,13-Jul-26
Varanasi,56,PM10,13-Jul-26
Vatva,113,PM10,13-Jul-26
Vijayapura,43,PM10,13-Jul-26
Vijayawada,66,"PM10, PM2.5",13-Jul-26
Virar,106,PM10,13-Jul-26
Visakhapatnam,162,PM10,13-Jul-26
Vrindavan,86,PM10,13-Jul-26
Yadgir,57,PM10,13-Jul-26
Yamuna Nagar,102,PM2.5,13-Jul-26
Agartala,98,PM10,12-Jul-26
Agra,105,"PM2.5, PM10",12-Jul-26
Ahmedabad,83,PM10,12-Jul-26
Ahmednagar,48,PM10,12-Jul-26
Aizawl,15,PM10,12-Jul-26
Akola,37,PM10,12-Jul-26
Alwar,153,PM2.5,12-Jul-26
Amaravati,125,PM10,12-Jul-26
Ambala,240,PM10,12-Jul-26
Amravati,66,PM10,12-Jul-26
Amritsar,100,PM10,12-Jul-26
Anantapur,84,PM2.5,12-Jul-26
Angul,105,PM10,12-Jul-26
Ankleshwar,72,PM10,12-Jul-26
Araria,23,PM2.5,12-Jul-26
Arrah,330,PM2.5,12-Jul-26
Asansol,59,"SO2, PM10",12-Jul-26
Aurangabad (Maharashtra),74,PM10,12-Jul-26
Baddi,219,PM10,12-Jul-26
Baghpat,123,PM10,12-Jul-26
Bahadurgarh,220,PM2.5,12-Jul-26
Balasore,93,PM10,12-Jul-26
Ballabgarh,199,PM10,12-Jul-26
Banswara,101,PM10,12-Jul-26
Baran,69,PM10,12-Jul-26
Barbil,92,PM10,12-Jul-26
Bareilly,79,O3,12-Jul-26
Baripada,97,PM10,12-Jul-26
Barmer,168,PM10,12-Jul-26
Barrackpore,93,PM10,12-Jul-26
Bathinda,122,PM10,12-Jul-26
Beed,70,PM10,12-Jul-26
Begusarai,68,PM10,12-Jul-26
Belapur,59,PM10,12-Jul-26
Bengaluru,69,PM10,12-Jul-26
Bhagalpur,56,"PM10, PM2.5",12-Jul-26
Bharatpur,71,PM10,12-Jul-26
Bhavnagar,80,CO,12-Jul-26
Bhilai,41,PM10,12-Jul-26
Bhilwara,100,PM10,12-Jul-26
Bhiwadi,131,PM10,12-Jul-26
Bhiwandi,65,PM10,12-Jul-26
Bhiwani,258,PM2.5,12-Jul-26
Bhopal,77,PM10,12-Jul-26
Bhubaneswar,78,"PM10, PM2.5",12-Jul-26
Bihar Sharif,34,PM2.5,12-Jul-26
Bikaner,280,PM10,12-Jul-26
Bilaspur,54,PM10,12-Jul-26
Bileipada,121,PM10,12-Jul-26
Boisar,49,PM10,12-Jul-26
Brajrajnagar,70,PM10,12-Jul-26
Bulandshahr,306,PM10,12-Jul-26
Bundi,68,PM10,12-Jul-26
Buxar,51,O3,12-Jul-26
Byasanagar,112,PM10,12-Jul-26
Byrnihat (Assam),78,PM2.5,12-Jul-26
Chamarajanagar,44,PM10,12-Jul-26
Chandigarh,96,PM10,12-Jul-26
Chandrapur,68,PM10,12-Jul-26
Charkhi Dadri,256,PM2.5,12-Jul-26
Chennai,92,PM10,12-Jul-26
Chhal,65,PM2.5,12-Jul-26
Chhapra,122,PM10,12-Jul-26
Chikkaballapur,47,PM10,12-Jul-26
Chittoor,79,PM2.5,12-Jul-26
Chittorgarh,78,PM10,12-Jul-26
Churu,180,PM10,12-Jul-26
Coimbatore,51,PM2.5,12-Jul-26
Cuddalore,59,PM10,12-Jul-26
Cuttack,106,PM10,12-Jul-26
Damoh,51,SO2,12-Jul-26
Dausa,116,PM10,12-Jul-26
Dehradun,83,PM10,12-Jul-26
Delhi,261,"PM10, PM2.5",12-Jul-26
Dewas,91,PM10,12-Jul-26
Dhanbad,105,NO2,12-Jul-26
Dharuhera,133,PM2.5,12-Jul-26
Dharwad,77,PM10,12-Jul-26
Dholpur,53,PM2.5,12-Jul-26
Dhule,55,PM10,12-Jul-26
Dombivli,22,PM10,12-Jul-26
Durgapur,75,PM10,12-Jul-26
Eluru,62,PM10,12-Jul-26
Faridabad,184,"PM2.5, PM10",12-Jul-26
Fatehabad,267,PM10,12-Jul-26
Firozabad,50,PM10,12-Jul-26
Gadag,27,PM10,12-Jul-26
Gandhinagar,75,PM10,12-Jul-26
Gaya,62,PM10,12-Jul-26
Ghaziabad,281,PM10,12-Jul-26
Gorakhpur,76,PM10,12-Jul-26
Greater Noida,335,PM10,12-Jul-26
Gummidipoondi,96,PM2.5,12-Jul-26
Guntur,61,PM2.5,12-Jul-26
Gurugram,252,"PM2.5, PM10",12-Jul-26
Guwahati,139,"PM2.5, SO2",12-Jul-26
Gwalior,110,"CO, PM10, PM2.5",12-Jul-26
Hajipur,70,PM2.5,12-Jul-26
Haldia,89,PM10,12-Jul-26
Hanumangarh,196,PM10,12-Jul-26
Hapur,281,PM10,12-Jul-26
Hingoli,45,PM10,12-Jul-26
Hisar,224,PM10,12-Jul-26
Howrah,89,PM10,12-Jul-26
Hubballi,61,PM10,12-Jul-26
Hyderabad,57,PM10,12-Jul-26
Indore,67,"CO, PM2.5, PM10",12-Jul-26
Jabalpur,54,"PM10, CO, O3",12-Jul-26
Jaipur,108,"PM2.5, PM10",12-Jul-26
Jaisalmer,252,PM10,12-Jul-26
Jalandhar,105,PM10,12-Jul-26
Jalgaon,46,PM10,12-Jul-26
Jalna,47,PM10,12-Jul-26
Jalore,103,PM10,12-Jul-26
Jhalawar,62,PM10,12-Jul-26
Jhansi,56,PM10,12-Jul-26
Jhunjhunu,125,PM10,12-Jul-26
Jind,271,PM2.5,12-Jul-26
Jodhpur,106,PM10,12-Jul-26
Jorapokhar,106,PM10,12-Jul-26
Kadapa,78,PM2.5,12-Jul-26
Kaithal,278,PM2.5,12-Jul-26
Kalaburagi,40,PM10,12-Jul-26
Kalyan,57,PM10,12-Jul-26
Kannur,57,PM10,12-Jul-26
Kanpur,83,"PM10, PM2.5",12-Jul-26
Karauli,99,PM10,12-Jul-26
Karnal,162,PM2.5,12-Jul-26
Katihar,75,CO,12-Jul-26
Katni,109,PM10,12-Jul-26
Keonjhar,76,PM10,12-Jul-26
Khairthal,132,PM2.5,12-Jul-26
Khanna,65,PM10,12-Jul-26
Khora,122,PM2.5,12-Jul-26
Khurja,122,PM10,12-Jul-26
Kishanganj,114,PM10,12-Jul-26
Kohima,48,SO2,12-Jul-26
Kolhapur,43,PM10,12-Jul-26
Kolkata,80,PM10,12-Jul-26
Koppal,31,NO2,12-Jul-26
Korba,66,PM10,12-Jul-26
Kota,85,PM10,12-Jul-26
Kunjemura,67,PM10,12-Jul-26
Kurnool,59,PM10,12-Jul-26
Kurukshetra,184,PM10,12-Jul-26
Latur,47,PM10,12-Jul-26
Lucknow,91,"PM10, PM2.5",12-Jul-26
Ludhiana,65,PM10,12-Jul-26
Machilipatnam,49,PM2.5,12-Jul-26
Madikeri,23,PM10,12-Jul-26
Madurai,56,SO2,12-Jul-26
Mahad,53,PM10,12-Jul-26
Maihar,41,PM10,12-Jul-26
Malegaon,93,PM10,12-Jul-26
Mandideep,102,PM10,12-Jul-26
Mandi Gobindgarh,125,PM10,12-Jul-26
Manesar,248,PM2.5,12-Jul-26
Mangalore,62,PM10,12-Jul-26
Mathura,130,PM10,12-Jul-26
Meerut,260,"PM2.5, PM10",12-Jul-26
Mehsana,97,PM10,12-Jul-26
Milupara,44,PM10,12-Jul-26
Mira-Bhayandar,32,PM10,12-Jul-26
Modinagar,190,PM2.5,12-Jul-26
Moradabad,87,PM10,12-Jul-26
Motihari,77,PM2.5,12-Jul-26
Mumbai,58,"NO2, PM10",12-Jul-26
Munger,87,PM2.5,12-Jul-26
Muzaffarnagar,205,PM10,12-Jul-26
Muzaffarpur,66,"CO, PM10, PM2.5",12-Jul-26
Mysuru,58,PM10,12-Jul-26
Nagaon,55,PM2.5,12-Jul-26
Nagaur,105,PM10,12-Jul-26
Nagpur,64,PM10,12-Jul-26
Nalbari,58,PM2.5,12-Jul-26
Nanded,66,PM10,12-Jul-26
Nandesari,42,PM10,12-Jul-26
Narnaul,142,PM2.5,12-Jul-26
Nashik,46,"PM10, PM2.5",12-Jul-26
Navi Mumbai,49,PM10,12-Jul-26
Nellore,82,PM10,12-Jul-26
Noida,258,PM10,12-Jul-26
Pali,103,PM10,12-Jul-26
Palwal,73,PM10,12-Jul-26
Panchgaon,305,PM2.5,12-Jul-26
Panchkula,117,PM2.5,12-Jul-26
Panipat,264,PM10,12-Jul-26
Parbhani,59,PM10,12-Jul-26
Patiala,157,PM10,12-Jul-26
Patna,103,"PM2.5, PM10",12-Jul-26
Pimpri-Chinchwad,63,PM10,12-Jul-26
Pithampur,65,PM2.5,12-Jul-26
Pratapgarh,79,PM10,12-Jul-26
Prayagraj,42,"O3, PM10",12-Jul-26
Puducherry,50,O3,12-Jul-26
Pune,60,PM10,12-Jul-26
Purnia,57,PM2.5,12-Jul-26
Raebareli,103,PM10,12-Jul-26
Raipur,56,PM10,12-Jul-26
Rairangpur,84,PM10,12-Jul-26
Rajamahendravaram,87,PM10,12-Jul-26
Rajgir,74,PM2.5,12-Jul-26
Rajkot,92,CO,12-Jul-26
Rajsamand,91,PM10,12-Jul-26
Ramanagara,40,PM10,12-Jul-26
Ratlam,42,PM2.5,12-Jul-26
Rishikesh,37,CO,12-Jul-26
Rohtak,165,PM2.5,12-Jul-26
Rourkela,78,"PM10, PM2.5",12-Jul-26
Rupnagar,89,PM2.5,12-Jul-26
Sagar,46,PM10,12-Jul-26
Samastipur,51,PM2.5,12-Jul-26
Sangli,54,PM10,12-Jul-26
Satna,70,PM10,12-Jul-26
Sawai Madhopur,100,PM10,12-Jul-26
Shivamogga,52,O3,12-Jul-26
Sikar,97,PM10,12-Jul-26
Silchar,47,PM10,12-Jul-26
Siliguri,108,NO2,12-Jul-26
Singrauli,79,PM10,12-Jul-26
Sirohi,98,PM10,12-Jul-26
Sirsa,223,PM10,12-Jul-26
Sivasagar,50,O3,12-Jul-26
Solapur,51,PM10,12-Jul-26
Sri Ganganagar,192,PM10,12-Jul-26
Srinagar,39,PM10,12-Jul-26
Suakati,113,PM10,12-Jul-26
Surat,51,PM10,12-Jul-26
Talcher,161,PM2.5,12-Jul-26
Tensa,81,PM10,12-Jul-26
Thane,50,PM10,12-Jul-26
Thiruvananthapuram,58,PM10,12-Jul-26
Thoothukudi,53,PM10,12-Jul-26
Thrissur,56,PM10,12-Jul-26
Tirumala,132,PM10,12-Jul-26
Tirupati,78,PM10,12-Jul-26
Tonk,119,PM10,12-Jul-26
Tumidih,49,PM10,12-Jul-26
Udaipur,59,PM10,12-Jul-26
Ujjain,60,PM10,12-Jul-26
Ulhasnagar,48,PM10,12-Jul-26
Vadodara,95,CO,12-Jul-26
Vapi,39,PM10,12-Jul-26
Varanasi,51,PM10,12-Jul-26
Vatva,103,PM10,12-Jul-26
Vijayapura,43,PM10,12-Jul-26
Vijayawada,71,PM10,12-Jul-26
Virar,127,PM10,12-Jul-26
Visakhapatnam,133,PM10,12-Jul-26
Vrindavan,83,PM10,12-Jul-26
Yamuna Nagar,79,PM10,12-Jul-26
Agartala,120,PM10,11-Jul-26
Agra,81,"PM2.5, PM10",11-Jul-26
Ahmedabad,86,"PM10, NO2",11-Jul-26
Ahmednagar,63,PM10,11-Jul-26
Aizawl,14,SO2,11-Jul-26
Ajmer,97,PM10,11-Jul-26
Akola,40,PM10,11-Jul-26
Alwar,115,PM2.5,11-Jul-26
Amaravati,101,PM10,11-Jul-26
Ambala,99,PM10,11-Jul-26
Ambernath,36,PM2.5,11-Jul-26
Amravati,76,PM10,11-Jul-26
Amritsar,101,PM10,11-Jul-26
Anantapur,92,PM2.5,11-Jul-26
Angul,116,PM10,11-Jul-26
Ankleshwar,69,PM10,11-Jul-26
Araria,53,CO,11-Jul-26
Arrah,228,PM2.5,11-Jul-26
Asansol,51,"SO2, PM10, CO",11-Jul-26
Aurangabad (Maharashtra),65,"PM10, PM2.5",11-Jul-26
Baddi,114,PM10,11-Jul-26
Badlapur,48,PM10,11-Jul-26
Bagalkot,51,PM10,11-Jul-26
Baghpat,72,PM10,11-Jul-26
Bahadurgarh,102,PM2.5,11-Jul-26
Balasore,74,O3,11-Jul-26
Ballabgarh,198,PM2.5,11-Jul-26
Banswara,99,PM10,11-Jul-26
Baran,76,PM10,11-Jul-26
Barbil,59,PM10,11-Jul-26
Bareilly,46,"O3, PM10",11-Jul-26
Baripada,60,PM10,11-Jul-26
Barmer,247,PM10,11-Jul-26
Barrackpore,54,PM10,11-Jul-26
Bathinda,79,CO,11-Jul-26
Beed,80,PM10,11-Jul-26
Begusarai,41,O3,11-Jul-26
Belapur,61,PM10,11-Jul-26
Bengaluru,69,"PM10, PM2.5",11-Jul-26
Bhagalpur,57,PM10,11-Jul-26
Bharatpur,54,PM10,11-Jul-26
Bhavnagar,80,CO,11-Jul-26
Bhilai,49,PM10,11-Jul-26
Bhilwara,94,PM10,11-Jul-26
Bhiwadi,95,PM10,11-Jul-26
Bhiwandi,48,PM10,11-Jul-26
Bhiwani,113,PM2.5,11-Jul-26
Bhopal,81,PM10,11-Jul-26
Bhubaneswar,55,"PM10, O3",11-Jul-26
Bihar Sharif,24,PM2.5,11-Jul-26
Bikaner,217,PM10,11-Jul-26
Bilaspur,62,PM10,11-Jul-26
Bileipada,89,PM10,11-Jul-26
Boisar,53,PM10,11-Jul-26
Brajrajnagar,56,PM10,11-Jul-26
Bulandshahr,178,PM10,11-Jul-26
Bundi,75,PM10,11-Jul-26
Buxar,37,PM2.5,11-Jul-26
Byasanagar,75,PM10,11-Jul-26
Byrnihat (Assam),81,PM2.5,11-Jul-26
Chamarajanagar,45,PM10,11-Jul-26
Chandigarh,44,"PM10, CO",11-Jul-26
Chandrapur,77,PM10,11-Jul-26
Charkhi Dadri,122,PM2.5,11-Jul-26
Chennai,79,"O3, PM10",11-Jul-26
Chhal,75,PM10,11-Jul-26
Chhapra,114,PM10,11-Jul-26
Chikkaballapur,55,PM10,11-Jul-26
Chittoor,75,PM10,11-Jul-26
Chittorgarh,78,PM10,11-Jul-26
Churu,142,PM10,11-Jul-26
Coimbatore,45,PM2.5,11-Jul-26
Cuddalore,59,PM10,11-Jul-26
Cuttack,72,PM10,11-Jul-26
Dausa,133,PM10,11-Jul-26
Dehradun,21,PM2.5,11-Jul-26
Delhi,140,"PM10, PM2.5",11-Jul-26
Dewas,95,PM10,11-Jul-26
Dhanbad,100,NO2,11-Jul-26
Dharwad,80,PM10,11-Jul-26
Dholpur,46,PM2.5,11-Jul-26
Dhule,58,PM10,11-Jul-26
Dombivli,21,PM10,11-Jul-26
Durgapur,57,"PM10, NO2",11-Jul-26
Eluru,55,PM10,11-Jul-26
Faridabad,155,"PM2.5, PM10",11-Jul-26
Fatehabad,130,PM10,11-Jul-26
Firozabad,54,PM10,11-Jul-26
Gadag,32,PM10,11-Jul-26
Gandhinagar,73,PM10,11-Jul-26
Gaya,72,PM10,11-Jul-26
Ghaziabad,139,PM10,11-Jul-26
Gorakhpur,67,PM10,11-Jul-26
Greater Noida,206,PM10,11-Jul-26
Gummidipoondi,109,PM2.5,11-Jul-26
Guntur,47,PM2.5,11-Jul-26
Gurugram,180,"PM2.5, PM10",11-Jul-26
Guwahati,101,"PM2.5, O3",11-Jul-26
Gwalior,80,"PM10, CO, PM2.5",11-Jul-26
Hajipur,65,PM2.5,11-Jul-26
Haldia,55,PM10,11-Jul-26
Hanumangarh,110,PM10,11-Jul-26
Hingoli,49,PM10,11-Jul-26
Hisar,82,PM10,11-Jul-26
Howrah,66,"PM10, CO, O3",11-Jul-26
Hubballi,61,PM10,11-Jul-26
Hyderabad,57,PM10,11-Jul-26
Indore,61,"CO, PM10, PM2.5",11-Jul-26
Jabalpur,67,"PM10, CO",11-Jul-26
Jaipur,103,PM10,11-Jul-26
Jaisalmer,390,PM10,11-Jul-26
Jalandhar,68,PM10,11-Jul-26
Jalgaon,42,PM10,11-Jul-26
Jalna,57,PM10,11-Jul-26
Jalore,90,PM10,11-Jul-26
Jhalawar,66,PM10,11-Jul-26
Jhansi,56,PM10,11-Jul-26
Jhunjhunu,93,PM10,11-Jul-26
Jind,119,PM2.5,11-Jul-26
Jodhpur,105,"O3, PM10",11-Jul-26
Jorapokhar,111,PM10,11-Jul-26
Kadapa,74,PM2.5,11-Jul-26
Kaithal,78,PM10,11-Jul-26
Kalyan,63,PM10,11-Jul-26
Kannur,55,PM10,11-Jul-26
Kanpur,54,"PM10, PM2.5",11-Jul-26
Karauli,108,PM10,11-Jul-26
Karnal,63,PM10,11-Jul-26
Kashipur,28,PM2.5,11-Jul-26
Katihar,89,CO,11-Jul-26
Katni,98,PM10,11-Jul-26
Khairthal,106,PM10,11-Jul-26
Khanna,66,PM10,11-Jul-26
Khora,99,PM2.5,11-Jul-26
Khurja,62,PM10,11-Jul-26
Kohima,48,SO2,11-Jul-26
Kolhapur,39,PM10,11-Jul-26
Kolkata,52,"PM10, NO2",11-Jul-26
Koppal,31,NO2,11-Jul-26
Korba,66,PM10,11-Jul-26
Kota,89,PM10,11-Jul-26
Kunjemura,81,PM10,11-Jul-26
Kurnool,55,PM10,11-Jul-26
Kurukshetra,73,NO2,11-Jul-26
Latur,59,PM10,11-Jul-26
Lucknow,57,"PM10, CO",11-Jul-26
Ludhiana,77,PM10,11-Jul-26
Machilipatnam,58,PM2.5,11-Jul-26
Madikeri,21,PM2.5,11-Jul-26
Madurai,55,SO2,11-Jul-26
Mahad,70,PM10,11-Jul-26
Maihar,39,PM10,11-Jul-26
Malegaon,95,PM10,11-Jul-26
Mandideep,106,PM10,11-Jul-26
Mandi Gobindgarh,112,PM10,11-Jul-26
Mandikhera,79,PM10,11-Jul-26
Manesar,141,PM2.5,11-Jul-26
Mangalore,74,PM10,11-Jul-26
Meerut,65,"PM10, PM2.5",11-Jul-26
Mehsana,96,PM10,11-Jul-26
Mira-Bhayandar,32,PM10,11-Jul-26
Modinagar,65,O3,11-Jul-26
Moradabad,48,"SO2, CO, PM2.5",11-Jul-26
Motihari,113,PM2.5,11-Jul-26
Mumbai,63,"PM10, NO2",11-Jul-26
Muzaffarnagar,56,PM10,11-Jul-26
Muzaffarpur,41,"PM2.5, PM10",11-Jul-26
Mysuru,61,PM10,11-Jul-26
Nagaon,62,PM2.5,11-Jul-26
Nagaur,87,PM10,11-Jul-26
Nagpur,68,PM10,11-Jul-26
Nalbari,58,PM2.5,11-Jul-26
Nanded,71,PM10,11-Jul-26
Nandesari,47,PM10,11-Jul-26
Narnaul,109,PM2.5,11-Jul-26
Nashik,54,PM10,11-Jul-26
Navi Mumbai,58,"O3, PM10",11-Jul-26
Nellore,73,PM10,11-Jul-26
Noida,132,PM10,11-Jul-26
Pali,99,PM10,11-Jul-26
Palwal,93,CO,11-Jul-26
Pampore,45,PM10,11-Jul-26
Panchgaon,169,PM2.5,11-Jul-26
Panchkula,29,PM2.5,11-Jul-26
Panipat,87,PM10,11-Jul-26
Parbhani,69,PM10,11-Jul-26
Patiala,35,O3,11-Jul-26
Patna,103,"PM2.5, PM10, O3",11-Jul-26
Pimpri-Chinchwad,63,PM10,11-Jul-26
Pithampur,65,PM2.5,11-Jul-26
Pratapgarh,78,PM10,11-Jul-26
Prayagraj,36,"O3, PM10",11-Jul-26
Puducherry,46,O3,11-Jul-26
Pune,64,PM10,11-Jul-26
Purnia,56,CO,11-Jul-26
Raebareli,254,PM10,11-Jul-26
Raipur,57,PM10,11-Jul-26
Rairangpur,56,PM10,11-Jul-26
Rajamahendravaram,68,PM10,11-Jul-26
Rajgir,90,PM2.5,11-Jul-26
Rajkot,92,CO,11-Jul-26
Rajsamand,81,PM10,11-Jul-26
Ramanagara,39,PM10,11-Jul-26
Ratlam,37,PM2.5,11-Jul-26
Rishikesh,37,CO,11-Jul-26
Rohtak,80,PM2.5,11-Jul-26
Rourkela,67,"PM2.5, PM10",11-Jul-26
Rupnagar,55,PM2.5,11-Jul-26
Sagar,54,PM10,11-Jul-26
Sangli,53,PM10,11-Jul-26
Satna,70,PM10,11-Jul-26
Sawai Madhopur,105,PM10,11-Jul-26
Shivamogga,48,PM10,11-Jul-26
Sikar,119,PM10,11-Jul-26
Silchar,50,PM10,11-Jul-26
Siliguri,110,NO2,11-Jul-26
Singrauli,62,PM10,11-Jul-26
Sirohi,87,PM10,11-Jul-26
Sirsa,117,PM2.5,11-Jul-26
Sivasagar,47,O3,11-Jul-26
Solapur,44,"PM10, PM2.5",11-Jul-26
Sonipat,109,PM10,11-Jul-26
Sri Ganganagar,133,PM10,11-Jul-26
Srinagar,48,PM10,11-Jul-26
Suakati,85,PM10,11-Jul-26
Surat,45,PM10,11-Jul-26
Tensa,55,PM10,11-Jul-26
Thane,53,PM10,11-Jul-26
Thiruvananthapuram,41,"PM10, CO",11-Jul-26
Thoothukudi,61,PM10,11-Jul-26
Thrissur,57,PM10,11-Jul-26
Tirumala,72,NO2,11-Jul-26
Tirupati,74,PM10,11-Jul-26
Tonk,122,PM10,11-Jul-26
Tumidih,70,PM10,11-Jul-26
Udaipur,76,PM2.5,11-Jul-26
Ujjain,59,PM10,11-Jul-26
Ulhasnagar,70,PM10,11-Jul-26
Vadodara,95,CO,11-Jul-26
Vapi,54,PM10,11-Jul-26
Varanasi,56,"PM10, SO2",11-Jul-26
Vatva,108,PM2.5,11-Jul-26
Vijayapura,43,PM10,11-Jul-26
Vijayawada,65,PM10,11-Jul-26
Virar,123,PM10,11-Jul-26
Visakhapatnam,136,PM10,11-Jul-26
Vrindavan,63,PM10,11-Jul-26
Yamuna Nagar,93,PM2.5,11-Jul-26
Agartala,98,PM10,10-Jul-26
Agra,81,"PM2.5, PM10",10-Jul-26
Ahmedabad,88,PM10,10-Jul-26
Ahmednagar,72,PM10,10-Jul-26
Aizawl,14,SO2,10-Jul-26
Ajmer,102,PM10,10-Jul-26
Akola,47,PM10,10-Jul-26
Alwar,98,PM2.5,10-Jul-26
Amaravati,64,PM10,10-Jul-26
Ambala,54,PM10,10-Jul-26
Ambernath,39,PM2.5,10-Jul-26
Amravati,77,PM10,10-Jul-26
Amritsar,98,PM10,10-Jul-26
Anantapur,152,PM2.5,10-Jul-26
Angul,96,PM10,10-Jul-26
Araria,37,PM10,10-Jul-26
Asansol,54,"SO2, PM2.5, CO",10-Jul-26
Aurangabad,96,"PM10, PM2.5, CO",10-Jul-26
Badlapur,55,PM10,10-Jul-26
Bagalkot,51,PM10,10-Jul-26
Bahadurgarh,66,PM2.5,10-Jul-26
Balasore,45,CO,10-Jul-26
Ballabgarh,213,PM10,10-Jul-26
Banswara,111,PM10,10-Jul-26
Baran,91,PM10,10-Jul-26
Barbil,55,PM10,10-Jul-26
Bareilly,39,"O3, CO",10-Jul-26
Baripada,78,PM10,10-Jul-26
Barmer,179,PM10,10-Jul-26
Barrackpore,46,PM10,10-Jul-26
Bathinda,78,CO,10-Jul-26
Beed,90,PM10,10-Jul-26
Begusarai,53,PM10,10-Jul-26
Belapur,63,PM10,10-Jul-26
Bengaluru,64,"PM10, PM2.5",10-Jul-26
Bhagalpur,105,PM10,10-Jul-26
Bharatpur,61,PM10,10-Jul-26
Bhavnagar,80,CO,10-Jul-26
Bhilai,34,"PM10, CO",10-Jul-26
Bhilwara,115,PM10,10-Jul-26
Bhiwadi,97,PM10,10-Jul-26
Bhiwandi,49,PM10,10-Jul-26
Bhiwani,47,PM2.5,10-Jul-26
Bhopal,94,PM10,10-Jul-26
Bhubaneswar,63,"O3, PM10",10-Jul-26
Bihar sharif,59,PM2.5,10-Jul-26
Bikaner,161,PM10,10-Jul-26
Bileipada,87,PM10,10-Jul-26
Boisar,61,PM10,10-Jul-26
Brajrajnagar,43,O3,10-Jul-26
Bulandshahr,98,CO,10-Jul-26
Bundi,82,PM10,10-Jul-26
Buxar,43,PM2.5,10-Jul-26
Byasanagar,65,CO,10-Jul-26
Byrnihat,87,PM2.5,10-Jul-26
Chamarajanagar,46,PM10,10-Jul-26
Chandigarh,38,CO,10-Jul-26
Chandrapur,70,PM10,10-Jul-26
Charkhi dadri,81,PM2.5,10-Jul-26
Chennai,75,PM10,10-Jul-26
Chhal,55,PM10,10-Jul-26
Chhapra,109,PM10,10-Jul-26
Chittoor,79,PM2.5,10-Jul-26
Chittorgarh,95,PM10,10-Jul-26
Churu,129,PM10,10-Jul-26
Coimbatore,47,PM2.5,10-Jul-26
Cuttack,76,PM10,10-Jul-26
Dausa,167,PM10,10-Jul-26
Dehradun,17,PM10,10-Jul-26
Delhi,65,"PM10, CO",10-Jul-26
Dewas,98,PM10,10-Jul-26
Dhanbad,97,NO2,10-Jul-26
Dharuhera,81,PM2.5,10-Jul-26
Dharwad,72,PM10,10-Jul-26
Dholpur,64,PM2.5,10-Jul-26
Dhule,62,PM10,10-Jul-26
Dindigul,50,PM10,10-Jul-26
Dombivli,21,PM10,10-Jul-26
Dungarpur,52,PM2.5,10-Jul-26
Durgapur,78,"CO, NO2, PM10",10-Jul-26
Faridabad,97,PM10,10-Jul-26
Fatehabad,67,PM10,10-Jul-26
Firozabad,52,"CO, PM10",10-Jul-26
Gadag,34,PM10,10-Jul-26
Gandhinagar,78,PM10,10-Jul-26
Gangtok,25,O3,10-Jul-26
Gaya,45,"PM10, PM2.5",10-Jul-26
Ghaziabad,56,"PM10, O3",10-Jul-26
Gorakhpur,61,PM10,10-Jul-26
Greater noida,49,PM10,10-Jul-26
Gummidipoondi,114,PM2.5,10-Jul-26
Guntur,55,PM10,10-Jul-26
Gurugram,91,"PM10, PM2.5",10-Jul-26
Guwahati,130,"PM10, PM2.5, SO2",10-Jul-26
Gwalior,80,"PM10, PM2.5",10-Jul-26
Hajipur,74,PM2.5,10-Jul-26
Haldia,44,PM10,10-Jul-26
Hanumangarh,72,PM10,10-Jul-26
Hapur,30,O3,10-Jul-26
Hingoli,52,PM10,10-Jul-26
Hisar,72,CO,10-Jul-26
Howrah,56,"CO, PM10",10-Jul-26
Hubballi,61,PM10,10-Jul-26
Hyderabad,53,PM10,10-Jul-26
Indore,73,"PM10, CO, NO2",10-Jul-26
Jabalpur,59,PM10,10-Jul-26
Jaipur,109,PM10,10-Jul-26
Jaisalmer,253,PM10,10-Jul-26
Jalandhar,56,CO,10-Jul-26
Jalgaon,75,PM10,10-Jul-26
Jalna,58,PM10,10-Jul-26
Jalore,91,PM10,10-Jul-26
Jhalawar,84,PM10,10-Jul-26
Jhansi,86,PM10,10-Jul-26
Jhunjhunu,83,PM10,10-Jul-26
Jind,53,CO,10-Jul-26
Jodhpur,85,PM10,10-Jul-26
Jorapokhar,113,PM10,10-Jul-26
Kadapa,64,PM2.5,10-Jul-26
Kaithal,60,PM10,10-Jul-26
Kalaburagi,47,CO,10-Jul-26
Kalyan,55,PM10,10-Jul-26
Kanpur,53,"PM2.5, PM10",10-Jul-26
Karauli,94,PM10,10-Jul-26
Karnal,50,CO,10-Jul-26
Karwar,49,PM10,10-Jul-26
Katihar,86,CO,10-Jul-26
Keonjhar,42,PM10,10-Jul-26
Khairthal,88,PM10,10-Jul-26
Khanna,71,PM10,10-Jul-26
Khurja,28,CO,10-Jul-26
Kishanganj,65,PM10,10-Jul-26
Kohima,48,SO2,10-Jul-26
Kolhapur,39,PM10,10-Jul-26
Kolkata,50,"PM10, NO2",10-Jul-26
Kollam,49,PM10,10-Jul-26
Koppal,40,PM10,10-Jul-26
Korba,52,PM10,10-Jul-26
Kota,96,PM10,10-Jul-26
Kunjemura,72,PM10,10-Jul-26
Kurnool,49,PM10,10-Jul-26
Kurukshetra,76,NO2,10-Jul-26
Latur,50,PM10,10-Jul-26
Lucknow,57,"O3, CO, PM2.5",10-Jul-26
Machilipatnam,56,PM2.5,10-Jul-26
Madurai,66,PM10,10-Jul-26
Mahad,73,PM10,10-Jul-26
Maihar,63,PM2.5,10-Jul-26
Mandi gobindgarh,108,PM10,10-Jul-26
Mandikhera,79,PM10,10-Jul-26
Manesar,102,PM2.5,10-Jul-26
Mangalore,62,PM10,10-Jul-26
Meerut,47,"CO, O3",10-Jul-26
Mehsana,69,PM10,10-Jul-26
Milupara,44,O3,10-Jul-26
Mira-bhayandar,34,PM10,10-Jul-26
Moradabad,47,"SO2, CO",10-Jul-26
Mumbai,68,"PM2.5, PM10",10-Jul-26
Munger,49,PM2.5,10-Jul-26
Muzaffarnagar,40,O3,10-Jul-26
Muzaffarpur,77,"CO, PM2.5",10-Jul-26
Mysuru,63,PM10,10-Jul-26
Nagaur,81,PM10,10-Jul-26
Nagpur,75,PM10,10-Jul-26
Naharlagun,22,PM10,10-Jul-26
Nalbari,59,PM2.5,10-Jul-26
Nanded,62,PM10,10-Jul-26
Narnaul,152,PM2.5,10-Jul-26
Nashik,60,PM10,10-Jul-26
Navi mumbai,52,PM10,10-Jul-26
Nellore,62,PM10,10-Jul-26
Noida,55,"O3, NO2, PM10",10-Jul-26
Pali,110,PM10,10-Jul-26
Palwal,93,CO,10-Jul-26
Panchgaon,71,PM2.5,10-Jul-26
Panchkula,23,NO2,10-Jul-26
Parbhani,63,PM10,10-Jul-26
Patiala,35,O3,10-Jul-26
Patna,76,"PM2.5, PM10, O3",10-Jul-26
Pimpri-chinchwad,67,PM10,10-Jul-26
Pithampur,69,PM2.5,10-Jul-26
Pratapgarh,90,PM10,10-Jul-26
Prayagraj,96,"PM10, O3",10-Jul-26
Puducherry,50,O3,10-Jul-26
Pune,57,"PM10, CO",10-Jul-26
Purnia,63,PM2.5,10-Jul-26
Raebareli,152,"PM10, CO",10-Jul-26
Raipur,39,PM10,10-Jul-26
Rairangpur,52,PM10,10-Jul-26
Rajamahendravaram,46,PM10,10-Jul-26
Rajgir,70,PM2.5,10-Jul-26
Rajkot,89,CO,10-Jul-26
Rajsamand,66,PM2.5,10-Jul-26
Ramanagara,36,PM10,10-Jul-26
Ratlam,43,PM2.5,10-Jul-26
Rishikesh,37,CO,10-Jul-26
Rohtak,52,PM10,10-Jul-26
Rourkela,58,"PM2.5, PM10",10-Jul-26
Rupnagar,68,PM2.5,10-Jul-26
Sagar,60,PM10,10-Jul-26
Sangli,50,PM10,10-Jul-26
Satna,70,PM10,10-Jul-26
Sawai madhopur,102,PM10,10-Jul-26
Shivamogga,51,PM10,10-Jul-26
Sikar,113,PM10,10-Jul-26
Silchar,49,PM10,10-Jul-26
Siliguri,111,NO2,10-Jul-26
Singrauli,64,NO2,10-Jul-26
Sirohi,89,PM10,10-Jul-26
Sirsa,57,O3,10-Jul-26
Sivasagar,42,O3,10-Jul-26
Solapur,52,PM10,10-Jul-26
Sonipat,77,O3,10-Jul-26
Sri ganganagar,81,PM10,10-Jul-26
Srinagar,47,PM10,10-Jul-26
Surat,89,PM10,10-Jul-26
Talcher,74,PM10,10-Jul-26
Tensa,37,CO,10-Jul-26
Thane,55,PM10,10-Jul-26
Thiruvananthapuram,49,PM10,10-Jul-26
Thoothukudi,59,PM10,10-Jul-26
Thrissur,55,PM10,10-Jul-26
Tirumala,66,NO2,10-Jul-26
Tirupati,82,PM10,10-Jul-26
Tonk,121,PM10,10-Jul-26
Tumidih,43,PM10,10-Jul-26
Udaipur,102,PM2.5,10-Jul-26
Ujjain,64,PM10,10-Jul-26
Ulhasnagar,72,PM10,10-Jul-26
Vadodara,95,CO,10-Jul-26
Varanasi,44,"PM10, SO2",10-Jul-26
Vatva,109,PM10,10-Jul-26
Vijayapura,43,PM10,10-Jul-26
Vijayawada,62,"PM10, PM2.5",10-Jul-26
Virar,95,PM10,10-Jul-26
Visakhapatnam,99,PM10,10-Jul-26
Vrindavan,37,PM10,10-Jul-26
Yadgir,52,PM10,10-Jul-26
Agra,55,"PM2.5, PM10",09-Jul-26
Ahmedabad,92,PM10,09-Jul-26
Ahmednagar,53,PM10,09-Jul-26
Ajmer,86,PM10,09-Jul-26
Akola,38,O3,09-Jul-26
Alwar,76,NO2,09-Jul-26
Amaravati,61,PM10,09-Jul-26
Ambala,81,PM10,09-Jul-26
Ambernath,50,PM2.5,09-Jul-26
Amravati,36,PM10,09-Jul-26
Amritsar,116,PM2.5,09-Jul-26
Anantapur,117,PM2.5,09-Jul-26
Angul,87,PM10,09-Jul-26
Ankleshwar,78,PM10,09-Jul-26
Araria,74,PM10,09-Jul-26
Arrah,251,PM2.5,09-Jul-26
Asansol,49,"SO2, PM2.5, CO",09-Jul-26
Aurangabad (Maharashtra),106,"PM10, PM2.5",09-Jul-26
Baddi,128,PM10,09-Jul-26
Badlapur,48,PM10,09-Jul-26
Bagalkot,51,PM10,09-Jul-26
Baghpat,30,PM10,09-Jul-26
Bahadurgarh,78,PM2.5,09-Jul-26
Balasore,79,PM10,09-Jul-26
Ballabgarh,194,PM10,09-Jul-26
Banswara,129,PM10,09-Jul-26
Baran,59,PM10,09-Jul-26
Barbil,58,PM10,09-Jul-26
Baripada,76,PM10,09-Jul-26
Barmer,119,PM10,09-Jul-26
Barrackpore,57,PM10,09-Jul-26
Bathinda,78,CO,09-Jul-26
Beed,113,PM10,09-Jul-26
Begusarai,49,PM10,09-Jul-26
Belapur,55,PM10,09-Jul-26
Bengaluru,59,"PM10, PM2.5",09-Jul-26
Bhagalpur,71,PM10,09-Jul-26
Bharatpur,29,CO,09-Jul-26
Bhavnagar,80,CO,09-Jul-26
Bhilai,42,PM10,09-Jul-26
Bhilwara,91,PM10,09-Jul-26
Bhiwadi,60,"CO, O3",09-Jul-26
Bhiwandi,37,PM10,09-Jul-26
Bhiwani,72,PM10,09-Jul-26
Bhopal,78,PM10,09-Jul-26
Bhubaneswar,69,"PM10, O3",09-Jul-26
Bihar Sharif,61,PM2.5,09-Jul-26
Bikaner,88,PM10,09-Jul-26
Bileipada,86,PM10,09-Jul-26
Boisar,63,PM10,09-Jul-26
Brajrajnagar,47,O3,09-Jul-26
Bulandshahr,41,CO,09-Jul-26
Bundi,63,PM10,09-Jul-26
Buxar,44,PM2.5,09-Jul-26
Byasanagar,64,PM10,09-Jul-26
Chamarajanagar,45,PM10,09-Jul-26
Chandigarh,43,"CO, PM2.5",09-Jul-26
Chandrapur,44,CO,09-Jul-26
Charkhi Dadri,70,PM2.5,09-Jul-26
Chennai,76,PM10,09-Jul-26
Chhal,46,O3,09-Jul-26
Chhapra,98,PM10,09-Jul-26
Chikkaballapur,44,PM10,09-Jul-26
Chikkamagaluru,38,PM10,09-Jul-26
Chittoor,63,PM10,09-Jul-26
Chittorgarh,80,PM10,09-Jul-26
Churu,81,PM10,09-Jul-26
Coimbatore,33,PM2.5,09-Jul-26
Cuttack,91,PM10,09-Jul-26
Dausa,87,PM10,09-Jul-26
Dehradun,18,PM2.5,09-Jul-26
Delhi,48,"PM10, CO",09-Jul-26
Dewas,87,PM10,09-Jul-26
Dhanbad,103,NO2,09-Jul-26
Dharuhera,60,PM2.5,09-Jul-26
Dharwad,60,PM10,09-Jul-26
Dholpur,202,PM2.5,09-Jul-26
Dhule,59,PM10,09-Jul-26
Dombivli,19,PM10,09-Jul-26
Dungarpur,60,PM2.5,09-Jul-26
Durgapur,64,"PM10, CO, NO2",09-Jul-26
Eluru,65,PM2.5,09-Jul-26
Faridabad,108,"PM2.5, PM10",09-Jul-26
Fatehabad,54,PM10,09-Jul-26
Firozabad,32,PM10,09-Jul-26
Gadag,35,PM10,09-Jul-26
Gandhinagar,74,"PM10, CO",09-Jul-26
Gaya,50,"PM10, PM2.5",09-Jul-26
Ghaziabad,50,CO,09-Jul-26
Gorakhpur,77,PM10,09-Jul-26
Greater Noida,30,NO2,09-Jul-26
Gummidipoondi,124,PM2.5,09-Jul-26
Guntur,50,PM2.5,09-Jul-26
Gurugram,110,PM2.5,09-Jul-26
Guwahati,96,"PM2.5, SO2",09-Jul-26
Gwalior,64,"PM10, CO, O3",09-Jul-26
Hajipur,59,PM2.5,09-Jul-26
Haldia,54,PM10,09-Jul-26
Hanumangarh,30,PM10,09-Jul-26
Hapur,19,PM10,09-Jul-26
Hingoli,28,O3,09-Jul-26
Howrah,69,PM10,09-Jul-26
Hubballi,47,PM10,09-Jul-26
Hyderabad,44,PM10,09-Jul-26
Indore,64,"CO, PM10, NO2",09-Jul-26
Jabalpur,114,"PM2.5, PM10, CO",09-Jul-26
Jaipur,62,"PM10, O3",09-Jul-26
Jaisalmer,119,PM10,09-Jul-26
Jalandhar,57,PM10,09-Jul-26
Jalgaon,39,PM10,09-Jul-26
Jalna,39,PM10,09-Jul-26
Jalore,102,PM10,09-Jul-26
Jhalawar,66,PM10,09-Jul-26
Jhansi,51,PM10,09-Jul-26
Jhunjhunu,80,O3,09-Jul-26
Jind,53,CO,09-Jul-26
Jodhpur,83,PM10,09-Jul-26
Jorapokhar,113,PM10,09-Jul-26
Kadapa,73,PM2.5,09-Jul-26
Kaithal,62,PM10,09-Jul-26
Kalaburagi,36,PM10,09-Jul-26
Kalyan,57,PM10,09-Jul-26
Kannur,56,PM10,09-Jul-26
Kanpur,33,"CO, PM10",09-Jul-26
Karauli,57,O3,09-Jul-26
Karnal,55,PM10,09-Jul-26
Karwar,51,PM10,09-Jul-26
Katihar,87,CO,09-Jul-26
Katni,61,PM10,09-Jul-26
Keonjhar,53,PM10,09-Jul-26
Khanna,65,PM10,09-Jul-26
Khurja,31,O3,09-Jul-26
Kishanganj,65,PM10,09-Jul-26
Kohima,48,SO2,09-Jul-26
Kolhapur,22,"O3, PM2.5",09-Jul-26
Kolkata,63,"PM10, O3",09-Jul-26
Kollam,49,PM10,09-Jul-26
Koppal,31,NO2,09-Jul-26
Korba,30,PM10,09-Jul-26
Kota,64,PM10,09-Jul-26
Kunjemura,40,PM10,09-Jul-26
Kurnool,38,PM10,09-Jul-26
Kurukshetra,71,NO2,09-Jul-26
Latur,24,PM10,09-Jul-26
Lucknow,46,"O3, SO2",09-Jul-26
Machilipatnam,55,PM10,09-Jul-26
Madurai,70,PM10,09-Jul-26
Mahad,74,PM10,09-Jul-26
Maihar,64,NO2,09-Jul-26
Mandideep,89,PM10,09-Jul-26
Mandi Gobindgarh,108,PM10,09-Jul-26
Mandikhera,78,PM10,09-Jul-26
Manesar,84,PM10,09-Jul-26
Mangalore,65,PM10,09-Jul-26
Meerut,59,CO,09-Jul-26
Mehsana,70,PM10,09-Jul-26
Milupara,81,O3,09-Jul-26
Mira-Bhayandar,35,PM10,09-Jul-26
Moradabad,49,"SO2, CO",09-Jul-26
Mumbai,73,PM10,09-Jul-26
Munger,53,PM2.5,09-Jul-26
Muzaffarnagar,32,PM2.5,09-Jul-26
Muzaffarpur,78,"CO, PM2.5",09-Jul-26
Mysuru,62,PM10,09-Jul-26
Nagaon,60,PM2.5,09-Jul-26
Nagaur,50,PM10,09-Jul-26
Nagpur,43,"PM10, CO",09-Jul-26
Naharlagun,15,PM10,09-Jul-26
Nalbari,71,PM2.5,09-Jul-26
Nanded,35,O3,09-Jul-26
Narnaul,133,PM2.5,09-Jul-26
Nashik,52,PM10,09-Jul-26
Navi Mumbai,49,PM10,09-Jul-26
Nellore,63,PM10,09-Jul-26
Noida,45,"NO2, O3",09-Jul-26
Pali,103,PM10,09-Jul-26
Palwal,69,PM10,09-Jul-26
Pampore,39,PM10,09-Jul-26
Panchgaon,34,PM2.5,09-Jul-26
Panchkula,39,PM2.5,09-Jul-26
Panipat,57,PM10,09-Jul-26
Parbhani,42,PM10,09-Jul-26
Patiala,47,O3,09-Jul-26
Patna,61,"PM10, O3",09-Jul-26
Pimpri-Chinchwad,61,PM10,09-Jul-26
Pithampur,72,PM2.5,09-Jul-26
Pratapgarh,71,PM10,09-Jul-26
Prayagraj,53,"PM10, O3, SO2",09-Jul-26
Puducherry,45,O3,09-Jul-26
Pune,48,"CO, PM10",09-Jul-26
Purnia,60,PM2.5,09-Jul-26
Raebareli,74,CO,09-Jul-26
Raipur,24,"PM10, CO",09-Jul-26
Rairangpur,54,PM10,09-Jul-26
Rajamahendravaram,45,PM10,09-Jul-26
Rajgir,57,PM2.5,09-Jul-26
Rajkot,90,CO,09-Jul-26
Rajsamand,75,PM10,09-Jul-26
Ramanagara,35,PM10,09-Jul-26
Ratlam,36,NO2,09-Jul-26
Rishikesh,37,CO,09-Jul-26
Rohtak,56,PM10,09-Jul-26
Rourkela,64,"PM10, PM2.5",09-Jul-26
Rupnagar,78,PM2.5,09-Jul-26
Sagar,53,PM10,09-Jul-26
Saharsa,97,PM10,09-Jul-26
Samastipur,58,PM2.5,09-Jul-26
Sangli,32,PM10,09-Jul-26
Satna,70,PM10,09-Jul-26
Sawai Madhopur,64,PM10,09-Jul-26
Shivamogga,47,O3,09-Jul-26
Sikar,84,PM10,09-Jul-26
Silchar,47,PM10,09-Jul-26
Siliguri,179,NO2,09-Jul-26
Sirohi,109,PM10,09-Jul-26
Sivasagar,31,O3,09-Jul-26
Solapur,30,PM10,09-Jul-26
Sri Ganganagar,55,PM10,09-Jul-26
Srinagar,44,PM10,09-Jul-26
Surat,87,PM10,09-Jul-26
Talcher,58,PM10,09-Jul-26
Tensa,35,CO,09-Jul-26
Thane,52,PM10,09-Jul-26
Thiruvananthapuram,43,PM10,09-Jul-26
Thoothukudi,58,PM10,09-Jul-26
Tirumala,59,NO2,09-Jul-26
Tirupati,69,PM10,09-Jul-26
Tonk,47,PM10,09-Jul-26
Tumidih,70,PM10,09-Jul-26
Udaipur,93,PM2.5,09-Jul-26
Ujjain,56,PM10,09-Jul-26
Ulhasnagar,80,PM10,09-Jul-26
Vadodara,96,CO,09-Jul-26
Vapi,51,PM10,09-Jul-26
Varanasi,52,PM10,09-Jul-26
Vatva,120,PM10,09-Jul-26
Vijayapura,43,PM10,09-Jul-26
Vijayawada,64,PM10,09-Jul-26
Visakhapatnam,111,PM10,09-Jul-26
Vrindavan,33,SO2,09-Jul-26
Yamuna Nagar,95,PM2.5,09-Jul-26
Agartala,105,PM10,08-Jul-26
Agra,62,"PM2.5, PM10",08-Jul-26
Ahmedabad,77,PM10,08-Jul-26
Ahmednagar,41,PM2.5,08-Jul-26
Ajmer,47,PM10,08-Jul-26
Akola,20,PM10,08-Jul-26
Amaravati,60,PM10,08-Jul-26
Ambala,89,PM10,08-Jul-26
Ambernath,28,PM2.5,08-Jul-26
Amravati,20,"PM10, CO",08-Jul-26
Amritsar,101,PM10,08-Jul-26
Anantapur,123,PM2.5,08-Jul-26
Angul,75,PM10,08-Jul-26
Araria,59,CO,08-Jul-26
Arrah,253,PM2.5,08-Jul-26
Asansol,47,"SO2, PM2.5, CO",08-Jul-26
Aurangabad (Maharashtra),47,"PM2.5, PM10, CO",08-Jul-26
Baddi,204,PM10,08-Jul-26
Badlapur,45,PM10,08-Jul-26
Bagalkot,47,PM10,08-Jul-26
Baghpat,39,PM10,08-Jul-26
Bahadurgarh,68,PM2.5,08-Jul-26
Balasore,81,PM10,08-Jul-26
Ballabgarh,88,PM2.5,08-Jul-26
Banswara,149,PM2.5,08-Jul-26
Baran,47,CO,08-Jul-26
Barbil,51,PM10,08-Jul-26
Bareilly,37,O3,08-Jul-26
Baripada,78,PM10,08-Jul-26
Barmer,99,PM10,08-Jul-26
Barrackpore,64,PM10,08-Jul-26
Bathinda,79,CO,08-Jul-26
Beed,67,PM10,08-Jul-26
Begusarai,88,PM10,08-Jul-26
Belapur,36,PM10,08-Jul-26
Bengaluru,55,"PM10, PM2.5",08-Jul-26
Bhagalpur,54,PM10,08-Jul-26
Bharatpur,59,PM10,08-Jul-26
Bhavnagar,81,CO,08-Jul-26
Bhilai,40,"PM10, O3",08-Jul-26
Bhilwara,55,PM10,08-Jul-26
Bhiwadi,69,PM10,08-Jul-26
Bhiwandi,43,PM10,08-Jul-26
Bhiwani,133,PM2.5,08-Jul-26
Bhopal,36,"SO2, CO",08-Jul-26
Bhubaneswar,70,"PM10, O3",08-Jul-26
Bihar Sharif,26,PM2.5,08-Jul-26
Bikaner,86,PM10,08-Jul-26
Bileipada,82,PM10,08-Jul-26
Boisar,75,PM10,08-Jul-26
Brajrajnagar,60,PM2.5,08-Jul-26
Bulandshahr,32,PM10,08-Jul-26
Buxar,38,PM2.5,08-Jul-26
Byasanagar,70,PM10,08-Jul-26
Chamarajanagar,44,PM10,08-Jul-26
Chandigarh,47,"CO, PM2.5",08-Jul-26
Chandrapur,45,CO,08-Jul-26
Charkhi Dadri,60,PM2.5,08-Jul-26
Chennai,73,PM10,08-Jul-26
Chhal,50,PM10,08-Jul-26
Chhapra,108,PM10,08-Jul-26
Chikkaballapur,55,PM10,08-Jul-26
Chittoor,66,PM2.5,08-Jul-26
Churu,78,PM10,08-Jul-26
Coimbatore,26,SO2,08-Jul-26
Cuttack,100,PM10,08-Jul-26
Damoh,49,SO2,08-Jul-26
Dausa,42,CO,08-Jul-26
Delhi,59,"PM10, NO2",08-Jul-26
Dewas,82,NO2,08-Jul-26
Dhanbad,96,NO2,08-Jul-26
Dharuhera,76,PM2.5,08-Jul-26
Dharwad,57,PM10,08-Jul-26
Dholpur,62,O3,08-Jul-26
Dombivli,19,O3,08-Jul-26
Dungarpur,39,PM2.5,08-Jul-26
Durgapur,65,"NO2, PM10",08-Jul-26
Eluru,52,PM2.5,08-Jul-26
Faridabad,118,"PM2.5, PM10",08-Jul-26
Fatehabad,64,PM10,08-Jul-26
Firozabad,30,PM10,08-Jul-26
Gadag,35,PM10,08-Jul-26
Gandhinagar,80,PM10,08-Jul-26
Gaya,44,"PM10, PM2.5, CO",08-Jul-26
Ghaziabad,49,"CO, PM10",08-Jul-26
Greater Noida,57,PM10,08-Jul-26
Gummidipoondi,147,PM2.5,08-Jul-26
Guntur,52,PM2.5,08-Jul-26
Gurugram,128,PM2.5,08-Jul-26
Guwahati,45,"PM2.5, SO2",08-Jul-26
Gwalior,58,"CO, O3",08-Jul-26
Hajipur,47,PM10,08-Jul-26
Haldia,64,PM10,08-Jul-26
Hanumangarh,73,PM10,08-Jul-26
Hapur,30,PM10,08-Jul-26
Hingoli,34,O3,08-Jul-26
Howrah,83,PM10,08-Jul-26
Hubballi,44,PM10,08-Jul-26
Hyderabad,45,PM10,08-Jul-26
Indore,63,"CO, NO2",08-Jul-26
Jabalpur,37,"O3, CO",08-Jul-26
Jaipur,66,PM10,08-Jul-26
Jaisalmer,166,PM10,08-Jul-26
Jalandhar,54,PM2.5,08-Jul-26
Jalgaon,42,PM10,08-Jul-26
Jalore,92,PM10,08-Jul-26
Jhalawar,33,O3,08-Jul-26
Jhansi,34,PM2.5,08-Jul-26
Jhunjhunu,50,O3,08-Jul-26
Jind,47,PM2.5,08-Jul-26
Jodhpur,54,PM10,08-Jul-26
Jorapokhar,114,PM10,08-Jul-26
Kadapa,55,PM2.5,08-Jul-26
Kaithal,41,PM10,08-Jul-26
Kalaburagi,32,CO,08-Jul-26
Kanpur,32,"CO, NO2",08-Jul-26
Karauli,41,O3,08-Jul-26
Karnal,112,PM2.5,08-Jul-26
Karwar,46,PM10,08-Jul-26
Kashipur,38,PM2.5,08-Jul-26
Katihar,82,CO,08-Jul-26
Katni,35,O3,08-Jul-26
Keonjhar,48,PM10,08-Jul-26
Khairthal,41,PM10,08-Jul-26
Khanna,65,PM10,08-Jul-26
Khurja,23,PM2.5,08-Jul-26
Kishanganj,62,PM10,08-Jul-26
Kohima,47,SO2,08-Jul-26
Kolhapur,27,"PM10, PM2.5",08-Jul-26
Kolkata,59,PM10,08-Jul-26
Kollam,69,PM2.5,08-Jul-26
Koppal,33,PM10,08-Jul-26
Korba,23,"PM10, CO",08-Jul-26
Kota,57,"PM10, O3",08-Jul-26
Kunjemura,40,PM10,08-Jul-26
Kurnool,45,PM10,08-Jul-26
Latur,27,PM10,08-Jul-26
Lucknow,53,"O3, CO",08-Jul-26
Machilipatnam,56,PM2.5,08-Jul-26
Mahad,57,PM10,08-Jul-26
Maihar,103,PM10,08-Jul-26
Mandideep,48,O3,08-Jul-26
Mandikhera,79,PM10,08-Jul-26
Manesar,105,PM2.5,08-Jul-26
Mangalore,47,PM10,08-Jul-26
Meerut,80,"PM10, O3, NH3",08-Jul-26
Mehsana,87,PM10,08-Jul-26
Milupara,81,O3,08-Jul-26
Mira-Bhayandar,27,PM2.5,08-Jul-26
Moradabad,52,"SO2, CO, PM10",08-Jul-26
Mumbai,57,PM10,08-Jul-26
Munger,54,PM2.5,08-Jul-26
Muzaffarnagar,36,PM10,08-Jul-26
Muzaffarpur,69,"CO, PM2.5",08-Jul-26
Mysuru,51,PM10,08-Jul-26
Nagaon,55,PM2.5,08-Jul-26
Nagaur,37,O3,08-Jul-26
Nagpur,37,"CO, PM10",08-Jul-26
Naharlagun,14,PM10,08-Jul-26
Narnaul,139,PM2.5,08-Jul-26
Nashik,43,"PM2.5, PM10, CO",08-Jul-26
Navi Mumbai,39,"NO2, PM10",08-Jul-26
Nellore,67,PM10,08-Jul-26
Noida,42,"PM10, NO2",08-Jul-26
Palwal,73,PM10,08-Jul-26
Pampore,58,PM10,08-Jul-26
Panchgaon,59,PM2.5,08-Jul-26
Panchkula,42,PM2.5,08-Jul-26
Panipat,132,PM2.5,08-Jul-26
Parbhani,39,NO2,08-Jul-26
Patiala,36,PM10,08-Jul-26
Patna,64,"CO, O3, PM10",08-Jul-26
Pimpri-Chinchwad,37,"CO, PM10",08-Jul-26
Pithampur,62,PM2.5,08-Jul-26
Pratapgarh,38,O3,08-Jul-26
Prayagraj,57,"PM10, O3, SO2",08-Jul-26
Puducherry,50,PM10,08-Jul-26
Pune,37,CO,08-Jul-26
Purnia,59,PM2.5,08-Jul-26
Raebareli,74,CO,08-Jul-26
Raipur,15,"PM10, O3",08-Jul-26
Rairangpur,59,PM10,08-Jul-26
Rajamahendravaram,52,PM10,08-Jul-26
Rajgir,59,PM2.5,08-Jul-26
Rajkot,91,CO,08-Jul-26
Rajsamand,153,O3,08-Jul-26
Ramanagara,32,CO,08-Jul-26
Ratlam,36,NO2,08-Jul-26
Rishikesh,45,O3,08-Jul-26
Rohtak,43,O3,08-Jul-26
Rourkela,57,"PM2.5, PM10",08-Jul-26
Rupnagar,108,PM2.5,08-Jul-26
Sagar,49,CO,08-Jul-26
Saharsa,243,PM10,08-Jul-26
Samastipur,55,PM2.5,08-Jul-26
Satna,70,PM10,08-Jul-26
Sawai Madhopur,61,CO,08-Jul-26
Shivamogga,45,O3,08-Jul-26
Sikar,82,PM10,08-Jul-26
Silchar,48,PM10,08-Jul-26
Siliguri,183,NO2,08-Jul-26
Sirohi,94,PM10,08-Jul-26
Sirsa,66,O3,08-Jul-26
Sivasagar,47,O3,08-Jul-26
Solapur,37,PM10,08-Jul-26
Sri Ganganagar,91,PM10,08-Jul-26
Srinagar,64,PM10,08-Jul-26
Surat,71,PM10,08-Jul-26
Talcher,64,PM10,08-Jul-26
Tensa,34,PM10,08-Jul-26
Thane,35,"PM2.5, PM10",08-Jul-26
Thiruvananthapuram,62,PM10,08-Jul-26
Thoothukudi,88,PM10,08-Jul-26
Thrissur,54,PM10,08-Jul-26
Tirumala,55,NO2,08-Jul-26
Tirupati,66,PM10,08-Jul-26
Tonk,71,O3,08-Jul-26
Tumidih,81,PM10,08-Jul-26
Udaipur,62,NO2,08-Jul-26
Ujjain,56,O3,08-Jul-26
Ulhasnagar,50,"PM10, PM2.5",08-Jul-26
Vadodara,100,CO,08-Jul-26
Varanasi,40,"PM10, SO2",08-Jul-26
Vatva,112,PM10,08-Jul-26
Vijayapura,43,PM10,08-Jul-26
Vijayawada,65,PM10,08-Jul-26
Visakhapatnam,133,PM10,08-Jul-26
Vrindavan,33,SO2,08-Jul-26
Yamuna Nagar,105,PM2.5,08-Jul-26
Agartala,73,PM10,07-Jul-26
Agra,72,"PM2.5, PM10",07-Jul-26
Ahmedabad,60,"O3, PM10",07-Jul-26
Aizawl,14,SO2,07-Jul-26
Ajmer,53,PM2.5,07-Jul-26
Akola,29,CO,07-Jul-26
Alwar,80,PM2.5,07-Jul-26
Amaravati,54,PM10,07-Jul-26
Ambala,95,PM10,07-Jul-26
Ambernath,31,PM2.5,07-Jul-26
Amravati,21,PM10,07-Jul-26
Amritsar,109,PM10,07-Jul-26
Anantapur,88,PM2.5,07-Jul-26
Angul,53,CO,07-Jul-26
Araria,47,PM2.5,07-Jul-26
Arrah,284,PM2.5,07-Jul-26
Asansol,45,"SO2, PM10, CO",07-Jul-26
Aurangabad (Maharashtra),31,PM10,07-Jul-26
Baddi,90,PM10,07-Jul-26
Bagalkot,46,PM10,07-Jul-26
Baghpat,89,PM2.5,07-Jul-26
Bahadurgarh,185,PM2.5,07-Jul-26
Balasore,74,PM10,07-Jul-26
Ballabgarh,156,PM2.5,07-Jul-26
Banswara,79,PM10,07-Jul-26
Baran,46,CO,07-Jul-26
Barbil,26,PM10,07-Jul-26
Bareilly,27,"O3, PM10",07-Jul-26
Baripada,59,PM10,07-Jul-26
Barmer,42,PM10,07-Jul-26
Barrackpore,58,PM10,07-Jul-26
Bathinda,79,CO,07-Jul-26
Beed,48,PM10,07-Jul-26
Begusarai,44,PM10,07-Jul-26
Bengaluru,60,"PM10, PM2.5",07-Jul-26
Bhagalpur,54,PM10,07-Jul-26
Bharatpur,43,PM10,07-Jul-26
Bhavnagar,83,CO,07-Jul-26
Bhilai,25,"PM10, CO, O3",07-Jul-26
Bhilwara,53,PM10,07-Jul-26
Bhiwadi,86,"PM2.5, PM10",07-Jul-26
Bhiwani,149,PM2.5,07-Jul-26
Bhopal,41,"CO, SO2",07-Jul-26
Bhubaneswar,72,PM10,07-Jul-26
Bihar Sharif,105,CO,07-Jul-26
Bikaner,98,PM10,07-Jul-26
Bileipada,30,PM10,07-Jul-26
Boisar,46,PM10,07-Jul-26
Brajrajnagar,43,O3,07-Jul-26
Bulandshahr,67,PM10,07-Jul-26
Bundi,38,PM10,07-Jul-26
Buxar,33,PM2.5,07-Jul-26
Byasanagar,63,PM10,07-Jul-26
Byrnihat (Assam),75,PM2.5,07-Jul-26
Chamarajanagar,45,PM10,07-Jul-26
Chandigarh,49,"CO, PM10",07-Jul-26
Chandrapur,37,"CO, PM10",07-Jul-26
Charkhi Dadri,102,PM2.5,07-Jul-26
Chennai,74,"PM10, PM2.5",07-Jul-26
Chhal,32,O3,07-Jul-26
Chhapra,109,PM10,07-Jul-26
Chikkaballapur,69,PM10,07-Jul-26
Chikkamagaluru,27,NO2,07-Jul-26
Chittoor,68,PM2.5,07-Jul-26
Chittorgarh,45,O3,07-Jul-26
Churu,118,PM10,07-Jul-26
Coimbatore,26,SO2,07-Jul-26
Cuddalore,33,PM10,07-Jul-26
Cuttack,101,PM10,07-Jul-26
Damoh,49,SO2,07-Jul-26
Dausa,62,PM10,07-Jul-26
Dehradun,39,PM10,07-Jul-26
Delhi,113,"PM10, PM2.5",07-Jul-26
Dewas,115,NO2,07-Jul-26
Dhanbad,119,NO2,07-Jul-26
Dharuhera,74,PM2.5,07-Jul-26
Dhule,42,PM10,07-Jul-26
Dombivli,23,O3,07-Jul-26
Dungarpur,42,CO,07-Jul-26
Durgapur,56,"NO2, PM10",07-Jul-26
Eluru,58,PM10,07-Jul-26
Faridabad,120,"PM2.5, PM10",07-Jul-26
Fatehabad,104,PM10,07-Jul-26
Firozabad,33,PM10,07-Jul-26
Gadag,38,PM10,07-Jul-26
Gandhinagar,47,"NO2, PM2.5, PM10",07-Jul-26
Gaya,37,"PM10, CO",07-Jul-26
Ghaziabad,109,"PM10, PM2.5",07-Jul-26
Gorakhpur,60,PM10,07-Jul-26
Greater Noida,191,PM10,07-Jul-26
Gummidipoondi,167,PM2.5,07-Jul-26
Guntur,54,PM2.5,07-Jul-26
Gurugram,208,PM2.5,07-Jul-26
Guwahati,41,"PM2.5, SO2",07-Jul-26
Gwalior,70,"PM10, O3, CO",07-Jul-26
Hajipur,47,PM10,07-Jul-26
Haldia,56,PM10,07-Jul-26
Hanumangarh,65,PM10,07-Jul-26
Hapur,68,PM10,07-Jul-26
Hingoli,39,O3,07-Jul-26
Howrah,67,PM10,07-Jul-26
Hyderabad,48,PM10,07-Jul-26
Indore,62,CO,07-Jul-26
Jabalpur,38,"O3, CO",07-Jul-26
Jaipur,53,"PM10, PM2.5",07-Jul-26
Jaisalmer,155,PM10,07-Jul-26
Jalandhar,73,PM2.5,07-Jul-26
Jalgaon,40,O3,07-Jul-26
Jalna,24,CO,07-Jul-26
Jalore,46,O3,07-Jul-26
Jhalawar,39,CO,07-Jul-26
Jhansi,27,PM10,07-Jul-26
Jhunjhunu,102,O3,07-Jul-26
Jind,102,PM2.5,07-Jul-26
Jodhpur,61,"CO, O3",07-Jul-26
Jorapokhar,44,PM2.5,07-Jul-26
Kadapa,72,PM2.5,07-Jul-26
Kaithal,30,CO,07-Jul-26
Kalaburagi,41,CO,07-Jul-26
Kalyan,51,PM10,07-Jul-26
Kannur,56,PM10,07-Jul-26
Kanpur,42,PM10,07-Jul-26
Karauli,58,PM10,07-Jul-26
Karnal,104,PM2.5,07-Jul-26
Karwar,40,PM10,07-Jul-26
Kashipur,49,PM2.5,07-Jul-26
Katihar,59,CO,07-Jul-26
Katni,35,PM10,07-Jul-26
Keonjhar,34,CO,07-Jul-26
Khanna,66,PM10,07-Jul-26
Khora,185,PM2.5,07-Jul-26
Khurja,54,PM10,07-Jul-26
Kishanganj,62,PM10,07-Jul-26
Kohima,51,SO2,07-Jul-26
Kolhapur,66,"O3, PM10",07-Jul-26
Kolkata,53,"PM10, NO2",07-Jul-26
Kollam,75,PM2.5,07-Jul-26
Koppal,43,PM10,07-Jul-26
Kota,35,PM10,07-Jul-26
Kunjemura,32,PM10,07-Jul-26
Kurnool,50,PM10,07-Jul-26
Kurukshetra,92,PM10,07-Jul-26
Latur,22,O3,07-Jul-26
Lucknow,55,"O3, PM10",07-Jul-26
Machilipatnam,91,PM2.5,07-Jul-26
Madikeri,21,PM2.5,07-Jul-26
Mahad,61,PM10,07-Jul-26
Maihar,46,NO2,07-Jul-26
Malegaon,28,PM10,07-Jul-26
Mandideep,71,PM10,07-Jul-26
Mandikhera,79,PM10,07-Jul-26
Manesar,192,PM2.5,07-Jul-26
Mangalore,37,O3,07-Jul-26
Mathura,60,PM10,07-Jul-26
Meerut,130,"O3, PM2.5, PM10",07-Jul-26
Mehsana,87,PM10,07-Jul-26
Milupara,111,O3,07-Jul-26
Mira-Bhayandar,30,PM2.5,07-Jul-26
Moradabad,64,"SO2, PM10",07-Jul-26
Mumbai,68,"O3, PM10",07-Jul-26
Muzaffarnagar,75,PM10,07-Jul-26
Muzaffarpur,52,"PM2.5, O3",07-Jul-26
Mysuru,60,O3,07-Jul-26
Nagaon,58,PM2.5,07-Jul-26
Nagaur,33,PM10,07-Jul-26
Nagpur,37,CO,07-Jul-26
Nanded,33,O3,07-Jul-26
Narnaul,71,PM10,07-Jul-26
Nashik,27,"O3, PM10",07-Jul-26
Navi Mumbai,44,PM10,07-Jul-26
Nellore,49,PM2.5,07-Jul-26
Noida,118,PM10,07-Jul-26
Palwal,88,PM10,07-Jul-26
Pampore,46,PM10,07-Jul-26
Panchgaon,92,PM2.5,07-Jul-26
Panchkula,37,PM2.5,07-Jul-26
Parbhani,37,NO2,07-Jul-26
Patiala,64,PM10,07-Jul-26
Patna,54,"PM10, O3, CO",07-Jul-26
Pimpri-Chinchwad,38,PM10,07-Jul-26
Pratapgarh,48,O3,07-Jul-26
Prayagraj,60,"PM10, O3",07-Jul-26
Puducherry,51,PM10,07-Jul-26
Pune,31,"PM10, NO2",07-Jul-26
Purnia,56,CO,07-Jul-26
Raebareli,75,CO,07-Jul-26
Raipur,10,"CO, PM2.5, PM10",07-Jul-26
Rairangpur,49,PM10,07-Jul-26
Rajamahendravaram,46,PM10,07-Jul-26
Rajgir,91,PM2.5,07-Jul-26
Rajkot,93,CO,07-Jul-26
Rajsamand,50,PM10,07-Jul-26
Ratlam,37,NO2,07-Jul-26
Rishikesh,45,O3,07-Jul-26
Rohtak,59,PM10,07-Jul-26
Rourkela,43,"PM2.5, CO",07-Jul-26
Rupnagar,95,PM2.5,07-Jul-26
Sagar,38,CO,07-Jul-26
Sangli,29,PM10,07-Jul-26
Satara,178,PM2.5,07-Jul-26
Satna,71,PM10,07-Jul-26
Sawai Madhopur,52,CO,07-Jul-26
Shivamogga,48,O3,07-Jul-26
Sikar,78,PM10,07-Jul-26
Silchar,50,PM10,07-Jul-26
Siliguri,171,NO2,07-Jul-26
Sirohi,42,PM10,07-Jul-26
Sirsa,79,O3,07-Jul-26
Sivasagar,38,O3,07-Jul-26
Solapur,40,PM10,07-Jul-26
Sri Ganganagar,86,PM10,07-Jul-26
Srinagar,54,PM10,07-Jul-26
Surat,73,PM10,07-Jul-26
Talcher,77,CO,07-Jul-26
Tensa,33,SO2,07-Jul-26
Thane,39,PM10,07-Jul-26
Thiruvananthapuram,65,PM10,07-Jul-26
Thoothukudi,80,PM10,07-Jul-26
Thrissur,53,PM10,07-Jul-26
Tirumala,56,NO2,07-Jul-26
Tonk,41,CO,07-Jul-26
Tumidih,77,PM10,07-Jul-26
Udaipur,55,PM10,07-Jul-26
Ujjain,57,O3,07-Jul-26
Ulhasnagar,49,"PM2.5, PM10",07-Jul-26
Vadodara,99,CO,07-Jul-26
Varanasi,30,"NO2, SO2, PM10",07-Jul-26
Vatva,87,PM10,07-Jul-26
Vijayawada,68,PM10,07-Jul-26
Visakhapatnam,171,PM10,07-Jul-26
Vrindavan,53,PM10,07-Jul-26
Yadgir,34,PM10,07-Jul-26
Yamuna Nagar,196,PM2.5,07-Jul-26
Agartala,49,PM10,06-Jul-26
Agra,74,"PM2.5, PM10",06-Jul-26
Ahmedabad,60,PM10,06-Jul-26
Ahmednagar,44,CO,06-Jul-26
Aizawl,15,SO2,06-Jul-26
Akola,32,PM10,06-Jul-26
Alwar,79,PM10,06-Jul-26
Amaravati,51,PM10,06-Jul-26
Ambala,87,PM10,06-Jul-26
Ambernath,15,PM2.5,06-Jul-26
Amravati,21,"CO, O3",06-Jul-26
Amritsar,100,PM10,06-Jul-26
Anantapur,87,PM2.5,06-Jul-26
Angul,56,CO,06-Jul-26
Ankleshwar,103,PM10,06-Jul-26
Araria,52,PM10,06-Jul-26
Arrah,235,PM2.5,06-Jul-26
Asansol,50,"SO2, CO, PM10",06-Jul-26
Aurangabad (Maharashtra),42,"PM10, O3",06-Jul-26
Baddi,107,PM10,06-Jul-26
Bagalkot,46,PM10,06-Jul-26
Bahadurgarh,115,PM2.5,06-Jul-26
Balasore,37,CO,06-Jul-26
Ballabgarh,156,PM2.5,06-Jul-26
Baran,64,O3,06-Jul-26
Bareilly,47,"O3, SO2",06-Jul-26
Baripada,39,O3,06-Jul-26
Barmer,99,PM10,06-Jul-26
Barrackpore,40,CO,06-Jul-26
Bathinda,78,CO,06-Jul-26
Beed,24,PM10,06-Jul-26
Begusarai,37,O3,06-Jul-26
Belapur,28,PM10,06-Jul-26
Bengaluru,58,"PM10, CO",06-Jul-26
Bharatpur,38,PM10,06-Jul-26
Bhavnagar,81,CO,06-Jul-26
Bhilai,16,"CO, O3, NO2",06-Jul-26
Bhilwara,77,PM10,06-Jul-26
Bhiwadi,100,PM10,06-Jul-26
Bhiwandi,43,PM10,06-Jul-26
Bhiwani,151,PM2.5,06-Jul-26
Bhopal,46,"PM10, SO2",06-Jul-26
Bhubaneswar,53,O3,06-Jul-26
Bihar Sharif,105,CO,06-Jul-26
Bikaner,132,PM10,06-Jul-26
Bileipada,42,PM10,06-Jul-26
Boisar,62,PM2.5,06-Jul-26
Bulandshahr,68,PM10,06-Jul-26
Bundi,227,PM10,06-Jul-26
Byasanagar,46,CO,06-Jul-26
Byrnihat (Assam),67,PM2.5,06-Jul-26
Chamarajanagar,43,PM10,06-Jul-26
Chandigarh,57,"CO, O3",06-Jul-26
Chandrapur,36,"CO, PM10",06-Jul-26
Charkhi Dadri,128,PM2.5,06-Jul-26
Chennai,73,"PM10, PM2.5",06-Jul-26
Chhal,30,O3,06-Jul-26
Chhapra,109,PM10,06-Jul-26
Chikkaballapur,69,PM10,06-Jul-26
Chittoor,61,PM2.5,06-Jul-26
Churu,78,PM10,06-Jul-26
Coimbatore,26,SO2,06-Jul-26
Cuddalore,33,PM10,06-Jul-26
Cuttack,54,CO,06-Jul-26
Damoh,48,SO2,06-Jul-26
Dausa,35,PM10,06-Jul-26
Dehradun,39,PM2.5,06-Jul-26
Delhi,94,"PM2.5, O3, PM10",06-Jul-26
Dewas,98,NO2,06-Jul-26
Dhanbad,132,PM10,06-Jul-26
Dharuhera,95,PM2.5,06-Jul-26
Dharwad,57,PM10,06-Jul-26
Dholpur,66,O3,06-Jul-26
Dhule,42,PM2.5,06-Jul-26
Durgapur,37,"NO2, O3, CO",06-Jul-26
Eluru,60,PM10,06-Jul-26
Faridabad,59,"PM10, PM2.5",06-Jul-26
Fatehabad,133,PM10,06-Jul-26
Firozabad,34,PM10,06-Jul-26
Gadag,36,PM10,06-Jul-26
Gandhinagar,63,"NO2, PM10",06-Jul-26
Gaya,39,PM10,06-Jul-26
Ghaziabad,80,"CO, PM10",06-Jul-26
Greater Noida,116,PM10,06-Jul-26
Gummidipoondi,145,PM2.5,06-Jul-26
Guntur,70,PM10,06-Jul-26
Gurugram,122,"PM2.5, CO",06-Jul-26
Guwahati,41,"PM2.5, SO2, PM10",06-Jul-26
Gwalior,56,"CO, O3",06-Jul-26
Hajipur,57,O3,06-Jul-26
Haldia,26,PM10,06-Jul-26
Hanumangarh,59,PM10,06-Jul-26
Hingoli,34,O3,06-Jul-26
Howrah,40,"NO2, CO, O3",06-Jul-26
Hubballi,40,PM10,06-Jul-26
Hyderabad,49,PM10,06-Jul-26
Indore,49,"CO, NO2",06-Jul-26
Jabalpur,64,O3,06-Jul-26
Jaipur,64,"PM2.5, PM10",06-Jul-26
Jaisalmer,85,PM10,06-Jul-26
Jalandhar,65,PM2.5,06-Jul-26
Jalgaon,42,O3,06-Jul-26
Jalna,29,O3,06-Jul-26
Jalore,78,PM10,06-Jul-26
Jhalawar,62,CO,06-Jul-26
Jhansi,21,SO2,06-Jul-26
Jhunjhunu,98,O3,06-Jul-26
Jind,56,PM2.5,06-Jul-26
Jodhpur,68,PM10,06-Jul-26
Jorapokhar,66,PM10,06-Jul-26
Kadapa,57,PM2.5,06-Jul-26
Kaithal,34,PM10,06-Jul-26
Kalaburagi,35,CO,06-Jul-26
Kalyan,36,NO2,06-Jul-26
Kannur,53,PM10,06-Jul-26
Kanpur,34,"PM10, CO",06-Jul-26
Karauli,52,O3,06-Jul-26
Karnal,144,PM10,06-Jul-26
Karwar,34,CO,06-Jul-26
Kashipur,48,PM2.5,06-Jul-26
Katni,38,SO2,06-Jul-26
Keonjhar,35,CO,06-Jul-26
Khairthal,49,PM2.5,06-Jul-26
Khanna,70,PM10,06-Jul-26
Khora,112,PM2.5,06-Jul-26
Khurja,54,PM10,06-Jul-26
Kishanganj,61,PM10,06-Jul-26
Kohima,54,SO2,06-Jul-26
Kolhapur,29,"O3, PM10",06-Jul-26
Kolkata,43,"CO, NO2",06-Jul-26
Kollam,63,PM2.5,06-Jul-26
Koppal,55,PM10,06-Jul-26
Kota,45,"PM10, O3",06-Jul-26
Kunjemura,24,CO,06-Jul-26
Kurnool,44,PM10,06-Jul-26
Kurukshetra,75,PM10,06-Jul-26
Latur,27,O3,06-Jul-26
Lucknow,57,"O3, PM10",06-Jul-26
Machilipatnam,78,PM2.5,06-Jul-26
Madikeri,36,PM2.5,06-Jul-26
Maihar,36,PM10,06-Jul-26
Malegaon,47,PM10,06-Jul-26
Mandideep,92,PM10,06-Jul-26
Mandi Gobindgarh,111,PM10,06-Jul-26
Mandikhera,78,PM10,06-Jul-26
Mathura,64,PM2.5,06-Jul-26
Meerut,127,"O3, PM10",06-Jul-26
Mehsana,116,PM10,06-Jul-26
Mira-Bhayandar,18,PM2.5,06-Jul-26
Moradabad,59,"SO2, O3, PM10",06-Jul-26
Mumbai,45,PM10,06-Jul-26
Muzaffarnagar,96,PM10,06-Jul-26
Muzaffarpur,65,"PM2.5, O3",06-Jul-26
Mysuru,59,PM10,06-Jul-26
Nagaon,56,PM2.5,06-Jul-26
Nagaur,47,PM10,06-Jul-26
Nagpur,36,"CO, PM10",06-Jul-26
Nanded,26,O3,06-Jul-26
Nandesari,76,PM2.5,06-Jul-26
Narnaul,180,PM2.5,06-Jul-26
Nashik,31,"PM2.5, CO, PM10",06-Jul-26
Navi Mumbai,46,"O3, NO2, PM10",06-Jul-26
Nellore,79,PM10,06-Jul-26
Noida,73,"PM10, O3",06-Jul-26
Pali,88,PM10,06-Jul-26
Palwal,95,PM10,06-Jul-26
Pampore,61,PM10,06-Jul-26
Panchgaon,60,PM2.5,06-Jul-26
Panchkula,48,PM2.5,06-Jul-26
Panipat,164,PM10,06-Jul-26
Parbhani,35,NO2,06-Jul-26
Patiala,37,PM10,06-Jul-26
Patna,51,"PM10, CO",06-Jul-26
Pimpri-Chinchwad,30,"CO, NO2",06-Jul-26
Pithampur,91,PM2.5,06-Jul-26
Prayagraj,36,"PM10, O3",06-Jul-26
Puducherry,42,O3,06-Jul-26
Pune,38,"CO, NO2",06-Jul-26
Purnia,53,CO,06-Jul-26
Raipur,10,"CO, PM2.5",06-Jul-26
Rajgir,43,CO,06-Jul-26
Rajkot,92,CO,06-Jul-26
Rajsamand,47,PM10,06-Jul-26
Ramanagara,38,PM10,06-Jul-26
Ratlam,38,NO2,06-Jul-26
Rishikesh,45,O3,06-Jul-26
Rohtak,82,PM10,06-Jul-26
Rourkela,35,"PM2.5, PM10",06-Jul-26
Rupnagar,83,PM2.5,06-Jul-26
Sangli,51,PM10,06-Jul-26
Satna,70,PM10,06-Jul-26
Sawai Madhopur,79,O3,06-Jul-26
Sikar,66,PM10,06-Jul-26
Silchar,47,PM10,06-Jul-26
Singrauli,62,NO2,06-Jul-26
Sirohi,54,PM10,06-Jul-26
Sirsa,67,O3,06-Jul-26
Sivasagar,38,O3,06-Jul-26
Solapur,29,PM10,06-Jul-26
Sri Ganganagar,64,PM10,06-Jul-26
Srinagar,61,PM10,06-Jul-26
Surat,73,PM10,06-Jul-26
Talcher,108,CO,06-Jul-26
Tensa,35,SO2,06-Jul-26
Thane,38,"PM2.5, O3",06-Jul-26
Thiruvananthapuram,55,PM10,06-Jul-26
Thoothukudi,75,PM10,06-Jul-26
Thrissur,51,PM10,06-Jul-26
Tirumala,49,NO2,06-Jul-26
Tonk,60,PM10,06-Jul-26
Udaipur,48,PM2.5,06-Jul-26
Ujjain,71,O3,06-Jul-26
Ulhasnagar,35,"PM10, PM2.5",06-Jul-26
Vadodara,97,CO,06-Jul-26
Vapi,35,PM10,06-Jul-26
Varanasi,34,"SO2, PM10",06-Jul-26
Vijayapura,43,PM10,06-Jul-26
Vijayawada,70,"PM2.5, PM10",06-Jul-26
Visakhapatnam,107,PM10,06-Jul-26
Vrindavan,51,PM10,06-Jul-26
Yamuna Nagar,84,PM2.5,06-Jul-26
Agartala,38,PM10,05-Jul-26
Agra,102,"PM2.5, PM10",05-Jul-26
Ahmedabad,57,PM10,05-Jul-26
Ahmednagar,34,CO,05-Jul-26
Akola,27,PM10,05-Jul-26
Alwar,73,PM10,05-Jul-26
Amaravati,27,PM10,05-Jul-26
Ambala,108,PM10,05-Jul-26
Ambernath,17,NO2,05-Jul-26
Amravati,27,"PM10, CO",05-Jul-26
Amritsar,92,PM10,05-Jul-26
Anantapur,120,PM2.5,05-Jul-26
Angul,60,PM10,05-Jul-26
Ankleshwar,65,PM10,05-Jul-26
Araria,63,PM10,05-Jul-26
Asansol,43,"SO2, CO",05-Jul-26
Aurangabad (Bihar),150,PM10,05-Jul-26
Aurangabad (Maharashtra),53,PM10,05-Jul-26
Baddi,141,PM10,05-Jul-26
Badlapur,44,PM10,05-Jul-26
Bagalkot,46,PM10,05-Jul-26
Baghpat,194,PM2.5,05-Jul-26
Bahadurgarh,239,PM2.5,05-Jul-26
Balasore,44,O3,05-Jul-26
Ballabgarh,216,PM2.5,05-Jul-26
Baran,52,O3,05-Jul-26
Barbil,26,PM2.5,05-Jul-26
Bareilly,38,"CO, PM10",05-Jul-26
Baripada,46,O3,05-Jul-26
Barmer,113,PM10,05-Jul-26
Barrackpore,34,CO,05-Jul-26
Bathinda,79,CO,05-Jul-26
Beed,16,CO,05-Jul-26
Begusarai,31,PM10,05-Jul-26
Belapur,30,PM10,05-Jul-26
Bengaluru,54,"PM10, CO",05-Jul-26
Bhagalpur,56,PM10,05-Jul-26
Bharatpur,160,PM10,05-Jul-26
Bhavnagar,82,CO,05-Jul-26
Bhilai,23,"PM10, CO",05-Jul-26
Bhilwara,120,PM10,05-Jul-26
Bhiwadi,181,PM2.5,05-Jul-26
Bhiwani,154,PM2.5,05-Jul-26
Bhopal,42,"PM10, SO2",05-Jul-26
Bhubaneswar,49,"CO, O3",05-Jul-26
Bihar Sharif,104,CO,05-Jul-26
Bikaner,104,PM10,05-Jul-26
Bilaspur,25,PM10,05-Jul-26
Bileipada,50,PM10,05-Jul-26
Boisar,41,PM10,05-Jul-26
Brajrajnagar,42,O3,05-Jul-26
Bulandshahr,88,PM10,05-Jul-26
Bundi,228,PM10,05-Jul-26
Byasanagar,56,CO,05-Jul-26
Chamarajanagar,45,PM10,05-Jul-26
Chandigarh,52,"CO, PM10",05-Jul-26
Chandrapur,33,CO,05-Jul-26
Charkhi Dadri,195,PM2.5,05-Jul-26
Chennai,67,"PM10, O3",05-Jul-26
Chhal,39,PM10,05-Jul-26
Chhapra,109,PM10,05-Jul-26
Chikkaballapur,59,PM10,05-Jul-26
Chittoor,63,PM2.5,05-Jul-26
Chittorgarh,65,PM10,05-Jul-26
Churu,82,PM10,05-Jul-26
Cuddalore,33,PM10,05-Jul-26
Damoh,49,SO2,05-Jul-26
Dausa,38,PM10,05-Jul-26
Dehradun,42,PM2.5,05-Jul-26
Delhi,161,"PM2.5, PM10",05-Jul-26
Dewas,97,NO2,05-Jul-26
Dhanbad,113,PM10,05-Jul-26
Dharuhera,177,PM2.5,05-Jul-26
Dholpur,280,PM10,05-Jul-26
Dhule,49,PM2.5,05-Jul-26
Dungarpur,69,CO,05-Jul-26
Durgapur,84,"PM10, CO, NO2",05-Jul-26
Eluru,63,PM10,05-Jul-26
Faridabad,119,"PM2.5, PM10",05-Jul-26
Fatehabad,143,PM10,05-Jul-26
Firozabad,39,PM10,05-Jul-26
Gadag,33,PM10,05-Jul-26
Gandhinagar,52,"NO2, PM10",05-Jul-26
Gangtok,19,O3,05-Jul-26
Gaya,60,PM10,05-Jul-26
Ghaziabad,164,"PM10, PM2.5",05-Jul-26
Gorakhpur,66,PM10,05-Jul-26
Greater Noida,193,PM10,05-Jul-26
Gummidipoondi,149,PM2.5,05-Jul-26
Gurugram,243,PM2.5,05-Jul-26
Guwahati,71,"PM2.5, SO2",05-Jul-26
Gwalior,63,PM10,05-Jul-26
Haldia,44,CO,05-Jul-26
Hanumangarh,53,PM10,05-Jul-26
Hapur,79,PM10,05-Jul-26
Hingoli,31,O3,05-Jul-26
Howrah,40,"NO2, O3, PM10",05-Jul-26
Hubballi,44,PM10,05-Jul-26
Hyderabad,41,PM10,05-Jul-26
Indore,38,"NO2, PM2.5",05-Jul-26
Jabalpur,53,"O3, PM10",05-Jul-26
Jaipur,109,"PM10, PM2.5",05-Jul-26
Jaisalmer,99,PM10,05-Jul-26
Jalandhar,68,PM2.5,05-Jul-26
Jalgaon,41,PM10,05-Jul-26
Jalna,29,O3,05-Jul-26
Jalore,80,PM10,05-Jul-26
Jhalawar,54,NO2,05-Jul-26
Jhansi,33,PM10,05-Jul-26
Jhunjhunu,78,O3,05-Jul-26
Jind,78,PM2.5,05-Jul-26
Jodhpur,72,"PM10, O3",05-Jul-26
Jorapokhar,73,PM10,05-Jul-26
Kadapa,63,PM10,05-Jul-26
Kaithal,36,PM10,05-Jul-26
Kalaburagi,29,CO,05-Jul-26
Kalyan,85,CO,05-Jul-26
Kannur,40,PM10,05-Jul-26
Kanpur,50,"CO, PM10",05-Jul-26
Karauli,84,O3,05-Jul-26
Karnal,188,PM2.5,05-Jul-26
Karwar,35,PM10,05-Jul-26
Katni,60,PM10,05-Jul-26
Keonjhar,37,CO,05-Jul-26
Khanna,75,PM10,05-Jul-26
Khora,255,PM2.5,05-Jul-26
Khurja,63,PM10,05-Jul-26
Kishanganj,67,PM10,05-Jul-26
Kohima,54,SO2,05-Jul-26
Kolhapur,27,O3,05-Jul-26
Kolkata,38,"PM10, NO2, CO",05-Jul-26
Korba,36,"PM10, CO",05-Jul-26
Kota,71,PM10,05-Jul-26
Kunjemura,22,CO,05-Jul-26
Kurnool,33,PM10,05-Jul-26
Kurukshetra,87,PM10,05-Jul-26
Latur,29,PM10,05-Jul-26
Lucknow,67,"PM10, O3, SO2",05-Jul-26
Machilipatnam,89,PM2.5,05-Jul-26
Madikeri,32,PM2.5,05-Jul-26
Maihar,60,NO2,05-Jul-26
Malegaon,46,PM10,05-Jul-26
Mandideep,43,PM10,05-Jul-26
Mandi Gobindgarh,153,PM10,05-Jul-26
Mandikhera,78,PM10,05-Jul-26
Manesar,230,PM2.5,05-Jul-26
Mangalore,46,PM10,05-Jul-26
Meerut,137,"PM10, PM2.5",05-Jul-26
Mehsana,75,PM10,05-Jul-26
Mira-Bhayandar,24,O3,05-Jul-26
Modinagar,121,PM2.5,05-Jul-26
Moradabad,71,"SO2, PM10, CO",05-Jul-26
Mumbai,42,"CO, PM10",05-Jul-26
Munger,73,PM2.5,05-Jul-26
Muzaffarnagar,89,PM10,05-Jul-26
Muzaffarpur,75,"CO, PM10, PM2.5",05-Jul-26
Mysuru,64,PM10,05-Jul-26
Nagaon,50,PM2.5,05-Jul-26
Nagaur,41,O3,05-Jul-26
Nagpur,34,"PM10, CO",05-Jul-26
Nanded,24,CO,05-Jul-26
Nandesari,74,PM2.5,05-Jul-26
Narnaul,194,PM2.5,05-Jul-26
Nashik,25,"CO, O3, PM10",05-Jul-26
Navi Mumbai,28,"NO2, PM10, CO",05-Jul-26
Nellore,68,PM10,05-Jul-26
Noida,180,"PM2.5, PM10",05-Jul-26
Pali,118,PM2.5,05-Jul-26
Palwal,102,PM10,05-Jul-26
Panchgaon,128,PM2.5,05-Jul-26
Panchkula,36,PM2.5,05-Jul-26
Parbhani,42,NO2,05-Jul-26
Patiala,43,PM10,05-Jul-26
Patna,64,"PM10, O3",05-Jul-26
Pimpri-Chinchwad,36,"PM10, CO",05-Jul-26
Pithampur,93,PM2.5,05-Jul-26
Pratapgarh,47,O3,05-Jul-26
Prayagraj,40,"PM10, O3",05-Jul-26
Puducherry,37,O3,05-Jul-26
Pune,35,CO,05-Jul-26
Purnia,58,CO,05-Jul-26
Raipur,21,"CO, PM10",05-Jul-26
Rajamahendravaram,27,PM10,05-Jul-26
Rajgir,43,PM2.5,05-Jul-26
Rajkot,91,CO,05-Jul-26
Rajsamand,66,PM10,05-Jul-26
Ramanagara,42,PM10,05-Jul-26
Ratlam,39,PM2.5,05-Jul-26
Rishikesh,45,O3,05-Jul-26
Rohtak,83,PM10,05-Jul-26
Rourkela,49,"PM2.5, CO",05-Jul-26
Rupnagar,171,PM2.5,05-Jul-26
Sangli,29,O3,05-Jul-26
Satara,35,PM10,05-Jul-26
Satna,70,PM10,05-Jul-26
Sawai Madhopur,65,O3,05-Jul-26
Shillong,43,PM10,05-Jul-26
Sikar,99,PM10,05-Jul-26
Silchar,49,PM10,05-Jul-26
Siliguri,173,NO2,05-Jul-26
Sirohi,59,PM10,05-Jul-26
Sirsa,106,O3,05-Jul-26
Sivasagar,60,O3,05-Jul-26
Solapur,30,PM10,05-Jul-26
Sri Ganganagar,60,PM10,05-Jul-26
Srinagar,61,PM10,05-Jul-26
Suakati,22,PM10,05-Jul-26
Surat,82,"PM10, CO",05-Jul-26
Talcher,107,CO,05-Jul-26
Tensa,41,SO2,05-Jul-26
Thane,39,"PM2.5, O3",05-Jul-26
Thiruvananthapuram,39,PM10,05-Jul-26
Thoothukudi,60,PM10,05-Jul-26
Thrissur,50,PM10,05-Jul-26
Tirumala,49,NO2,05-Jul-26
Tirupati,63,PM10,05-Jul-26
Tonk,104,PM10,05-Jul-26
Udaipur,59,PM2.5,05-Jul-26
Ujjain,69,O3,05-Jul-26
Ulhasnagar,37,"PM10, PM2.5",05-Jul-26
Vadodara,99,CO,05-Jul-26
Vapi,35,PM10,05-Jul-26
Varanasi,41,"PM10, SO2",05-Jul-26
Vatva,92,PM10,05-Jul-26
Vijayapura,43,PM10,05-Jul-26
Vijayawada,67,"PM2.5, PM10",05-Jul-26
Virar,58,PM10,05-Jul-26
Visakhapatnam,65,NO2,05-Jul-26
Vrindavan,68,PM10,05-Jul-26
Yadgir,21,O3,05-Jul-26
Yamuna Nagar,121,PM2.5,05-Jul-26
Agra,96,"PM10, PM2.5",04-Jul-26
Ahmedabad,54,PM10,04-Jul-26
Ahmednagar,24,PM2.5,04-Jul-26
Aizawl,15,SO2,04-Jul-26
Akola,32,PM10,04-Jul-26
Alwar,80,PM10,04-Jul-26
Amaravati,37,PM10,04-Jul-26
Ambala,94,PM10,04-Jul-26
Ambernath,28,PM2.5,04-Jul-26
Amravati,24,"CO, PM10",04-Jul-26
Amritsar,72,PM10,04-Jul-26
Anantapur,86,PM2.5,04-Jul-26
Angul,70,PM10,04-Jul-26
Ankleshwar,57,CO,04-Jul-26
Araria,60,PM10,04-Jul-26
Arrah,56,PM10,04-Jul-26
Asansol,49,"SO2, CO",04-Jul-26
Aurangabad (Maharashtra),56,"PM2.5, PM10",04-Jul-26
Baddi,72,PM10,04-Jul-26
Badlapur,41,PM10,04-Jul-26
Bagalkot,46,PM10,04-Jul-26
Baghpat,95,PM10,04-Jul-26
Bahadurgarh,180,PM2.5,04-Jul-26
Balasore,39,O3,04-Jul-26
Ballabgarh,200,PM10,04-Jul-26
Banswara,60,PM10,04-Jul-26
Baran,69,O3,04-Jul-26
Barbil,27,PM10,04-Jul-26
Bareilly,34,PM10,04-Jul-26
Baripada,41,O3,04-Jul-26
Barmer,65,PM10,04-Jul-26
Barrackpore,33,CO,04-Jul-26
Bathinda,78,CO,04-Jul-26
Beed,31,PM10,04-Jul-26
Begusarai,43,PM10,04-Jul-26
Belapur,28,NO2,04-Jul-26
Bengaluru,42,"PM10, O3",04-Jul-26
Bhagalpur,46,PM10,04-Jul-26
Bharatpur,58,PM10,04-Jul-26
Bhavnagar,82,CO,04-Jul-26
Bhilai,27,"PM2.5, O3, CO",04-Jul-26
Bhilwara,95,PM10,04-Jul-26
Bhiwadi,136,"PM2.5, PM10",04-Jul-26
Bhiwandi,49,PM10,04-Jul-26
Bhiwani,140,PM2.5,04-Jul-26
Bhopal,40,"PM10, SO2",04-Jul-26
Bhubaneswar,62,CO,04-Jul-26
Bihar Sharif,104,CO,04-Jul-26
Bikaner,97,PM10,04-Jul-26
Bilaspur,30,PM10,04-Jul-26
Bileipada,47,PM10,04-Jul-26
Boisar,38,PM10,04-Jul-26
Brajrajnagar,42,O3,04-Jul-26
Bulandshahr,91,PM10,04-Jul-26
Bundi,89,PM10,04-Jul-26
Byasanagar,77,CO,04-Jul-26
Byrnihat (Assam),87,PM2.5,04-Jul-26
Byrnihat (Meghalaya),129,PM2.5,04-Jul-26
Chamarajanagar,45,PM10,04-Jul-26
Chandigarh,50,"CO, PM2.5",04-Jul-26
Chandrapur,35,NO2,04-Jul-26
Charkhi Dadri,101,PM2.5,04-Jul-26
Chennai,57,PM10,04-Jul-26
Chhal,40,PM10,04-Jul-26
Chhapra,109,PM10,04-Jul-26
Chikkaballapur,53,PM10,04-Jul-26
Chittoor,64,PM2.5,04-Jul-26
Chittorgarh,63,PM10,04-Jul-26
Churu,97,PM10,04-Jul-26
Coimbatore,41,PM2.5,04-Jul-26
Cuddalore,43,PM10,04-Jul-26
Damoh,51,SO2,04-Jul-26
Dausa,156,PM10,04-Jul-26
Dehradun,39,PM2.5,04-Jul-26
Delhi,123,PM2.5,04-Jul-26
Dewas,94,NO2,04-Jul-26
Dhanbad,137,PM10,04-Jul-26
Dharuhera,125,PM2.5,04-Jul-26
Dharwad,64,PM10,04-Jul-26
Dholpur,234,PM10,04-Jul-26
Dhule,33,PM2.5,04-Jul-26
Dungarpur,33,PM10,04-Jul-26
Durgapur,68,"PM10, NO2, O3",04-Jul-26
Eluru,68,PM10,04-Jul-26
Faridabad,141,"PM2.5, PM10",04-Jul-26
Fatehabad,150,PM10,04-Jul-26
Firozabad,53,"PM10, PM2.5",04-Jul-26
Gadag,25,PM10,04-Jul-26
Gandhinagar,59,PM10,04-Jul-26
Gangtok,24,O3,04-Jul-26
Gaya,51,PM10,04-Jul-26
Ghaziabad,114,"PM2.5, PM10",04-Jul-26
Gorakhpur,70,PM10,04-Jul-26
Greater Noida,172,PM10,04-Jul-26
Gummidipoondi,111,PM2.5,04-Jul-26
Guntur,70,PM2.5,04-Jul-26
Gurugram,227,PM2.5,04-Jul-26
Guwahati,57,"PM2.5, SO2",04-Jul-26
Gwalior,57,"PM10, O3",04-Jul-26
Hajipur,55,O3,04-Jul-26
Haldia,42,PM10,04-Jul-26
Hanumangarh,77,PM10,04-Jul-26
Hapur,64,PM10,04-Jul-26
Hingoli,23,O3,04-Jul-26
Howrah,46,"CO, NO2, PM10",04-Jul-26
Hubballi,45,PM10,04-Jul-26
Hyderabad,46,"CO, PM10",04-Jul-26
Indore,51,"CO, NO2",04-Jul-26
Jabalpur,50,"O3, PM10",04-Jul-26
Jaipur,80,PM10,04-Jul-26
Jaisalmer,101,PM10,04-Jul-26
Jalandhar,81,PM2.5,04-Jul-26
Jalgaon,36,CO,04-Jul-26
Jalna,62,PM10,04-Jul-26
Jalore,56,PM10,04-Jul-26
Jhalawar,37,PM10,04-Jul-26
Jhansi,22,PM10,04-Jul-26
Jhunjhunu,71,PM10,04-Jul-26
Jind,100,O3,04-Jul-26
Jodhpur,57,PM10,04-Jul-26
Jorapokhar,67,PM10,04-Jul-26
Kaithal,59,PM10,04-Jul-26
Kalaburagi,37,CO,04-Jul-26
Kalyan,66,CO,04-Jul-26
Kannur,41,PM10,04-Jul-26
Kanpur,45,"CO, PM10",04-Jul-26
Karauli,63,O3,04-Jul-26
Karnal,176,PM2.5,04-Jul-26
Karwar,43,PM10,04-Jul-26
Katihar,84,CO,04-Jul-26
Katni,50,O3,04-Jul-26
Keonjhar,36,CO,04-Jul-26
Khanna,76,PM10,04-Jul-26
Khora,255,PM2.5,04-Jul-26
Khurja,68,PM10,04-Jul-26
Kishanganj,75,PM2.5,04-Jul-26
Kohima,49,SO2,04-Jul-26
Kolhapur,27,"O3, PM10",04-Jul-26
Kolkata,39,"PM10, NO2, CO",04-Jul-26
Korba,37,"PM10, CO",04-Jul-26
Kota,53,PM10,04-Jul-26
Kunjemura,33,PM10,04-Jul-26
Kurnool,40,PM10,04-Jul-26
Kurukshetra,92,PM10,04-Jul-26
Latur,18,O3,04-Jul-26
Lucknow,63,"O3, PM10",04-Jul-26
Machilipatnam,76,PM2.5,04-Jul-26
Madikeri,22,PM2.5,04-Jul-26
Maihar,39,NO2,04-Jul-26
Malegaon,30,PM10,04-Jul-26
Mandideep,62,NO2,04-Jul-26
Mandi Gobindgarh,134,PM10,04-Jul-26
Mandikhera,79,PM10,04-Jul-26
Manesar,166,PM2.5,04-Jul-26
Mangalore,50,PM10,04-Jul-26
Manguraha,71,PM2.5,04-Jul-26
Meerut,118,"PM2.5, O3, PM10",04-Jul-26
Mehsana,69,CO,04-Jul-26
Milupara,54,O3,04-Jul-26
Mira-Bhayandar,27,CO,04-Jul-26
Modinagar,92,PM2.5,04-Jul-26
Moradabad,72,"PM10, SO2",04-Jul-26
Mumbai,35,"CO, PM10",04-Jul-26
Munger,55,PM2.5,04-Jul-26
Muzaffarnagar,130,PM2.5,04-Jul-26
Muzaffarpur,65,"PM10, CO, PM2.5",04-Jul-26
Mysuru,43,PM10,04-Jul-26
Nagaon,59,PM2.5,04-Jul-26
Nagaur,47,PM10,04-Jul-26
Nagpur,33,"CO, PM10",04-Jul-26
Nalbari,86,PM2.5,04-Jul-26
Nanded,23,O3,04-Jul-26
Nandesari,55,PM10,04-Jul-26
Narnaul,152,PM2.5,04-Jul-26
Nashik,31,"CO, PM10",04-Jul-26
Navi Mumbai,29,"CO, PM10",04-Jul-26
Nellore,67,PM10,04-Jul-26
Noida,120,"PM10, PM2.5",04-Jul-26
Palwal,77,PM10,04-Jul-26
Panchgaon,97,PM2.5,04-Jul-26
Panipat,237,PM10,04-Jul-26
Parbhani,44,NO2,04-Jul-26
Patiala,41,PM10,04-Jul-26
Patna,66,"PM10, PM2.5, O3",04-Jul-26
Pimpri-Chinchwad,38,"PM10, CO",04-Jul-26
Pithampur,39,CO,04-Jul-26
Pratapgarh,58,O3,04-Jul-26
Prayagraj,39,PM10,04-Jul-26
Puducherry,34,O3,04-Jul-26
Pune,44,CO,04-Jul-26
Purnia,60,PM2.5,04-Jul-26
Raipur,41,"PM10, CO",04-Jul-26
Rairangpur,44,PM10,04-Jul-26
Rajamahendravaram,32,PM10,04-Jul-26
Rajgir,40,PM2.5,04-Jul-26
Rajkot,98,PM10,04-Jul-26
Rajsamand,68,O3,04-Jul-26
Ramanagara,31,PM10,04-Jul-26
Ratlam,37,NO2,04-Jul-26
Rishikesh,45,O3,04-Jul-26
Rohtak,76,PM10,04-Jul-26
Rourkela,34,PM10,04-Jul-26
Rupnagar,130,PM2.5,04-Jul-26
Sagar,329,PM10,04-Jul-26
Saharsa,115,PM10,04-Jul-26
Sangli,25,O3,04-Jul-26
Satna,70,PM10,04-Jul-26
Sawai Madhopur,68,PM10,04-Jul-26
Shillong,60,PM10,04-Jul-26
Sikar,82,PM10,04-Jul-26
Silchar,46,PM10,04-Jul-26
Siliguri,176,NO2,04-Jul-26
Singrauli,101,PM10,04-Jul-26
Sirohi,36,PM10,04-Jul-26
Sirsa,76,PM10,04-Jul-26
Sivasagar,54,O3,04-Jul-26
Solapur,26,PM10,04-Jul-26
Sonipat,192,PM2.5,04-Jul-26
Sri Ganganagar,58,PM2.5,04-Jul-26
Srinagar,61,PM10,04-Jul-26
Suakati,26,PM10,04-Jul-26
Surat,74,"PM10, CO",04-Jul-26
Talcher,107,CO,04-Jul-26
Tensa,49,CO,04-Jul-26
Thane,37,"PM10, NO2",04-Jul-26
Thiruvananthapuram,39,"PM10, SO2",04-Jul-26
Thoothukudi,62,PM10,04-Jul-26
Thrissur,48,PM10,04-Jul-26
Tirumala,47,NO2,04-Jul-26
Tonk,86,PM10,04-Jul-26
Tumidih,27,O3,04-Jul-26
Udaipur,58,PM2.5,04-Jul-26
Ujjain,73,O3,04-Jul-26
Ulhasnagar,42,"PM10, PM2.5",04-Jul-26
Vadodara,100,CO,04-Jul-26
Vapi,65,PM10,04-Jul-26
Varanasi,41,"PM10, SO2",04-Jul-26
Vatva,109,PM2.5,04-Jul-26
Vijayapura,43,PM10,04-Jul-26
Vijayawada,72,"PM10, PM2.5",04-Jul-26
Virar,61,PM10,04-Jul-26
Visakhapatnam,71,PM10,04-Jul-26
Vrindavan,48,PM10,04-Jul-26
Yadgir,21,O3,04-Jul-26
Agartala,39,PM10,03-Jul-26
Agra,106,"PM2.5, PM10",03-Jul-26
Ahmedabad,58,PM10,03-Jul-26
Ahmednagar,39,PM10,03-Jul-26
Aizawl,15,SO2,03-Jul-26
Ajmer,75,PM10,03-Jul-26
Akola,30,PM10,03-Jul-26
Alwar,76,PM10,03-Jul-26
Amaravati,50,PM10,03-Jul-26
Ambala,84,PM10,03-Jul-26
Ambernath,25,NO2,03-Jul-26
Amravati,25,"CO, PM10",03-Jul-26
Amritsar,119,NO2,03-Jul-26
Anantapur,97,PM2.5,03-Jul-26
Angul,86,PM10,03-Jul-26
Ankleshwar,51,PM10,03-Jul-26
Araria,62,PM10,03-Jul-26
Arrah,56,CO,03-Jul-26
Asansol,43,"SO2, CO, NO2",03-Jul-26
Aurangabad (Maharashtra),39,"PM2.5, PM10",03-Jul-26
Baddi,74,PM10,03-Jul-26
Badlapur,44,PM10,03-Jul-26
Bagalkot,46,PM10,03-Jul-26
Baghpat,73,PM10,03-Jul-26
Bahadurgarh,141,PM2.5,03-Jul-26
Balasore,37,CO,03-Jul-26
Ballabgarh,164,PM10,03-Jul-26
Banswara,79,PM10,03-Jul-26
Baran,56,O3,03-Jul-26
Barbil,42,PM10,03-Jul-26
Bareilly,36,"CO, PM10",03-Jul-26
Baripada,55,PM10,03-Jul-26
Barmer,104,PM10,03-Jul-26
Barrackpore,32,CO,03-Jul-26
Bathinda,78,CO,03-Jul-26
Beed,39,PM10,03-Jul-26
Belapur,29,NO2,03-Jul-26
Bengaluru,54,"PM10, CO",03-Jul-26
Bhagalpur,78,PM10,03-Jul-26
Bharatpur,62,PM10,03-Jul-26
Bhavnagar,80,CO,03-Jul-26
Bhilai,21,"PM10, CO, O3",03-Jul-26
Bhilwara,68,PM10,03-Jul-26
Bhiwadi,86,PM10,03-Jul-26
Bhiwandi,41,PM10,03-Jul-26
Bhiwani,153,PM2.5,03-Jul-26
Bhopal,33,"CO, O3",03-Jul-26
Bhubaneswar,61,"PM10, CO",03-Jul-26
Bihar Sharif,104,CO,03-Jul-26
Bikaner,124,PM10,03-Jul-26
Bilaspur,27,PM2.5,03-Jul-26
Bileipada,68,PM10,03-Jul-26
Boisar,35,PM10,03-Jul-26
Brajrajnagar,44,O3,03-Jul-26
Bulandshahr,69,PM10,03-Jul-26
Bundi,84,PM10,03-Jul-26
Buxar,62,PM2.5,03-Jul-26
Byasanagar,55,O3,03-Jul-26
Byrnihat (Assam),83,PM2.5,03-Jul-26
Byrnihat (Meghalaya),125,PM2.5,03-Jul-26
Chamarajanagar,40,PM10,03-Jul-26
Chandigarh,44,"CO, NO2, PM2.5",03-Jul-26
Chandrapur,34,"CO, PM10",03-Jul-26
Charkhi Dadri,182,PM2.5,03-Jul-26
Chennai,58,"PM10, PM2.5",03-Jul-26
Chikkaballapur,49,PM10,03-Jul-26
Chikkamagaluru,32,PM10,03-Jul-26
Chittoor,64,PM2.5,03-Jul-26
Chittorgarh,54,PM2.5,03-Jul-26
Churu,83,PM10,03-Jul-26
Cuddalore,57,PM10,03-Jul-26
Damoh,51,SO2,03-Jul-26
Dehradun,34,PM2.5,03-Jul-26
Delhi,105,O3,03-Jul-26
Dewas,97,NO2,03-Jul-26
Dhanbad,134,PM10,03-Jul-26
Dharuhera,118,PM2.5,03-Jul-26
Dharwad,62,PM10,03-Jul-26
Dholpur,77,PM10,03-Jul-26
Dhule,32,PM10,03-Jul-26
Dungarpur,35,PM10,03-Jul-26
Durgapur,46,"NO2, O3",03-Jul-26
Eluru,65,PM10,03-Jul-26
Faridabad,146,PM2.5,03-Jul-26
Fatehabad,194,PM10,03-Jul-26
Firozabad,47,PM10,03-Jul-26
Gadag,28,PM2.5,03-Jul-26
Gandhinagar,87,"PM10, CO",03-Jul-26
Gaya,53,PM10,03-Jul-26
Ghaziabad,93,PM10,03-Jul-26
Greater Noida,148,PM10,03-Jul-26
Gummidipoondi,125,PM2.5,03-Jul-26
Guntur,66,PM10,03-Jul-26
Gurugram,194,PM2.5,03-Jul-26
Guwahati,47,"PM2.5, SO2",03-Jul-26
Gwalior,57,"CO, PM10",03-Jul-26
Hajipur,57,O3,03-Jul-26
Haldia,38,PM10,03-Jul-26
Hanumangarh,62,PM10,03-Jul-26
Hapur,56,PM10,03-Jul-26
Hingoli,28,O3,03-Jul-26
Hisar,53,CO,03-Jul-26
Howrah,48,"NO2, O3, PM10",03-Jul-26
Hubballi,41,PM10,03-Jul-26
Hyderabad,51,PM10,03-Jul-26
Indore,51,"NO2, CO",03-Jul-26
Jabalpur,36,"O3, PM10",03-Jul-26
Jaipur,92,"PM10, O3, PM2.5",03-Jul-26
Jaisalmer,74,PM10,03-Jul-26
Jalandhar,60,PM2.5,03-Jul-26
Jalgaon,46,CO,03-Jul-26
Jalna,67,CO,03-Jul-26
Jalore,105,PM10,03-Jul-26
Jhalawar,47,O3,03-Jul-26
Jhansi,24,PM10,03-Jul-26
Jhunjhunu,64,PM10,03-Jul-26
Jodhpur,79,PM10,03-Jul-26
Jorapokhar,92,PM10,03-Jul-26
Kadapa,88,PM2.5,03-Jul-26
Kaithal,47,PM10,03-Jul-26
Kalaburagi,37,PM10,03-Jul-26
Kalyan,76,CO,03-Jul-26
Kanpur,68,"PM2.5, PM10",03-Jul-26
Karauli,55,O3,03-Jul-26
Karnal,207,PM2.5,03-Jul-26
Karwar,44,PM10,03-Jul-26
Katihar,98,CO,03-Jul-26
Katni,42,PM10,03-Jul-26
Keonjhar,36,CO,03-Jul-26
Khanna,75,PM10,03-Jul-26
Khora,187,PM2.5,03-Jul-26
Khurja,50,PM10,03-Jul-26
Kishanganj,63,PM10,03-Jul-26
Kohima,45,SO2,03-Jul-26
Kolhapur,34,"PM10, O3",03-Jul-26
Kolkata,41,PM10,03-Jul-26
Korba,40,"PM10, CO",03-Jul-26
Kota,52,PM10,03-Jul-26
Kunjemura,28,CO,03-Jul-26
Latur,22,PM10,03-Jul-26
Lucknow,58,"O3, PM2.5",03-Jul-26
Ludhiana,72,PM10,03-Jul-26
Madikeri,23,PM2.5,03-Jul-26
Mahad,53,PM2.5,03-Jul-26
Maihar,54,NO2,03-Jul-26
Malegaon,40,PM10,03-Jul-26
Mandideep,36,NO2,03-Jul-26
Mandi Gobindgarh,131,PM10,03-Jul-26
Mandikhera,95,PM10,03-Jul-26
Manesar,170,PM2.5,03-Jul-26
Mangalore,37,O3,03-Jul-26
Manguraha,121,PM10,03-Jul-26
Mathura,75,PM2.5,03-Jul-26
Meerut,90,"PM2.5, PM10",03-Jul-26
Mehsana,82,PM10,03-Jul-26
Milupara,66,O3,03-Jul-26
Mira-Bhayandar,17,CO,03-Jul-26
Modinagar,71,PM2.5,03-Jul-26
Moradabad,56,"SO2, CO, PM10",03-Jul-26
Mumbai,38,"CO, PM10",03-Jul-26
Muzaffarnagar,126,PM2.5,03-Jul-26
Muzaffarpur,76,"CO, PM10, PM2.5",03-Jul-26
Mysuru,63,PM10,03-Jul-26
Nagaon,61,PM2.5,03-Jul-26
Nagaur,64,PM10,03-Jul-26
Nagpur,36,"CO, PM2.5",03-Jul-26
Nanded,22,PM2.5,03-Jul-26
Nandesari,73,PM2.5,03-Jul-26
Narnaul,104,PM2.5,03-Jul-26
Nashik,27,"CO, PM10, O3",03-Jul-26
Navi Mumbai,29,"NO2, PM10, CO",03-Jul-26
Nellore,74,PM10,03-Jul-26
Noida,100,"PM2.5, PM10",03-Jul-26
Pali,85,PM10,03-Jul-26
Palwal,93,CO,03-Jul-26
Pampore,38,PM10,03-Jul-26
Panchgaon,88,PM2.5,03-Jul-26
Panchkula,70,PM2.5,03-Jul-26
Panipat,218,PM10,03-Jul-26
Parbhani,38,NO2,03-Jul-26
Patiala,38,PM10,03-Jul-26
Patna,66,"PM10, PM2.5, O3",03-Jul-26
Pimpri-Chinchwad,41,PM10,03-Jul-26
Pithampur,65,O3,03-Jul-26
Pratapgarh,63,O3,03-Jul-26
Prayagraj,44,"PM10, O3",03-Jul-26
Puducherry,49,O3,03-Jul-26
Pune,54,CO,03-Jul-26
Purnia,62,PM2.5,03-Jul-26
Raipur,33,"PM10, CO",03-Jul-26
Rairangpur,53,PM10,03-Jul-26
Rajamahendravaram,27,PM10,03-Jul-26
Rajgir,54,PM2.5,03-Jul-26
Rajkot,102,PM10,03-Jul-26
Rajsamand,58,O3,03-Jul-26
Ramanagara,31,PM10,03-Jul-26
Ratlam,37,NO2,03-Jul-26
Rishikesh,45,O3,03-Jul-26
Rohtak,75,PM10,03-Jul-26
Rourkela,61,"PM2.5, PM10",03-Jul-26
Rupnagar,189,PM2.5,03-Jul-26
Samastipur,55,PM2.5,03-Jul-26
Sangli,26,PM10,03-Jul-26
Satara,29,O3,03-Jul-26
Satna,70,PM10,03-Jul-26
Sawai Madhopur,56,O3,03-Jul-26
Shillong,25,SO2,03-Jul-26
Shivamogga,65,PM10,03-Jul-26
Sikar,86,PM10,03-Jul-26
Silchar,46,CO,03-Jul-26
Siliguri,170,NO2,03-Jul-26
Singrauli,94,PM10,03-Jul-26
Sirohi,72,PM10,03-Jul-26
Sirsa,65,O3,03-Jul-26
Sivasagar,50,O3,03-Jul-26
Solapur,35,PM10,03-Jul-26
Sri Ganganagar,54,PM10,03-Jul-26
Srinagar,48,PM10,03-Jul-26
Suakati,161,O3,03-Jul-26
Surat,71,"PM10, CO",03-Jul-26
Talcher,107,CO,03-Jul-26
Tensa,37,CO,03-Jul-26
Thane,40,"PM10, PM2.5",03-Jul-26
Thiruvananthapuram,38,"PM10, SO2",03-Jul-26
Thoothukudi,54,PM10,03-Jul-26
Thrissur,51,PM10,03-Jul-26
Tirumala,61,NO2,03-Jul-26
Tirupati,70,PM10,03-Jul-26
Tonk,84,PM10,03-Jul-26
Udaipur,53,PM2.5,03-Jul-26
Ujjain,61,O3,03-Jul-26
Ulhasnagar,40,PM10,03-Jul-26
Vadodara,97,CO,03-Jul-26
Vapi,34,PM10,03-Jul-26
Varanasi,40,"PM10, NO2, PM2.5",03-Jul-26
Vatva,101,PM2.5,03-Jul-26
Vijayapura,43,PM10,03-Jul-26
Vijayawada,75,PM10,03-Jul-26
Virar,64,PM10,03-Jul-26
Visakhapatnam,75,PM10,03-Jul-26
Vrindavan,52,PM10,03-Jul-26
Yadgir,27,PM10,03-Jul-26
Yamuna Nagar,66,PM2.5,03-Jul-26
Agartala,42,PM10,02-Jul-26
Agra,104,"PM2.5, PM10",02-Jul-26
Ahmedabad,67,"SO2, PM10",02-Jul-26
Ahmednagar,29,O3,02-Jul-26
Aizawl,15,SO2,02-Jul-26
Ajmer,94,PM10,02-Jul-26
Akola,47,PM10,02-Jul-26
Alwar,73,PM2.5,02-Jul-26
Amaravati,51,PM10,02-Jul-26
Ambala,76,PM10,02-Jul-26
Ambernath,23,PM2.5,02-Jul-26
Amravati,29,PM10,02-Jul-26
Amritsar,86,PM10,02-Jul-26
Anantapur,101,PM2.5,02-Jul-26
Angul,79,PM10,02-Jul-26
Ankleshwar,53,CO,02-Jul-26
Araria,58,SO2,02-Jul-26
Arrah,61,PM10,02-Jul-26
Asansol,49,"SO2, PM10, CO",02-Jul-26
Aurangabad (Maharashtra),41,PM10,02-Jul-26
Baddi,102,PM10,02-Jul-26
Badlapur,41,PM10,02-Jul-26
Bagalkot,46,PM10,02-Jul-26
Baghpat,76,PM10,02-Jul-26
Bahadurgarh,103,PM2.5,02-Jul-26
Balasore,41,O3,02-Jul-26
Ballabgarh,153,PM2.5,02-Jul-26
Banswara,78,PM10,02-Jul-26
Baran,59,O3,02-Jul-26
Barbil,44,PM10,02-Jul-26
Bareilly,37,"CO, PM10",02-Jul-26
Barmer,100,PM10,02-Jul-26
Barrackpore,35,PM10,02-Jul-26
Bathinda,78,CO,02-Jul-26
Beed,42,PM10,02-Jul-26
Begusarai,53,PM10,02-Jul-26
Belapur,28,NO2,02-Jul-26
Bengaluru,54,"PM10, CO",02-Jul-26
Bhagalpur,46,PM10,02-Jul-26
Bharatpur,57,PM10,02-Jul-26
Bhavnagar,81,CO,02-Jul-26
Bhilai,27,"PM10, O3, CO",02-Jul-26
Bhilwara,80,PM10,02-Jul-26
Bhiwadi,129,"PM10, PM2.5",02-Jul-26
Bhiwandi,42,O3,02-Jul-26
Bhiwani,144,PM2.5,02-Jul-26
Bhopal,35,PM10,02-Jul-26
Bhubaneswar,61,CO,02-Jul-26
Bihar Sharif,91,CO,02-Jul-26
Bikaner,116,PM10,02-Jul-26
Bilaspur,34,PM10,02-Jul-26
Boisar,28,PM10,02-Jul-26
Brajrajnagar,45,O3,02-Jul-26
Bulandshahr,84,PM10,02-Jul-26
Bundi,35,PM10,02-Jul-26
Buxar,174,PM2.5,02-Jul-26
Byasanagar,91,CO,02-Jul-26
Byrnihat (Assam),72,PM2.5,02-Jul-26
Byrnihat (Meghalaya),121,PM2.5,02-Jul-26
Chamarajanagar,48,PM10,02-Jul-26
Chandigarh,51,"CO, PM10",02-Jul-26
Chandrapur,32,CO,02-Jul-26
Charkhi Dadri,79,PM2.5,02-Jul-26
Chennai,60,"PM10, PM2.5",02-Jul-26
Chikkamagaluru,32,PM10,02-Jul-26
Chittoor,60,PM2.5,02-Jul-26
Chittorgarh,57,O3,02-Jul-26
Churu,138,PM10,02-Jul-26
Coimbatore,27,PM2.5,02-Jul-26
Cuddalore,51,PM10,02-Jul-26
Damoh,50,SO2,02-Jul-26
Dausa,59,PM10,02-Jul-26
Dehradun,23,PM2.5,02-Jul-26
Delhi,96,"PM10, O3",02-Jul-26
Dewas,92,NO2,02-Jul-26
Dhanbad,181,PM10,02-Jul-26
Dharuhera,78,PM2.5,02-Jul-26
Dharwad,73,PM10,02-Jul-26
Dholpur,241,PM10,02-Jul-26
Dungarpur,53,PM10,02-Jul-26
Durgapur,52,"NO2, PM10",02-Jul-26
Eluru,62,PM10,02-Jul-26
Faridabad,126,PM2.5,02-Jul-26
Fatehabad,113,PM10,02-Jul-26
Firozabad,36,PM10,02-Jul-26
Gadag,29,PM2.5,02-Jul-26
Gandhinagar,68,PM10,02-Jul-26
Gangtok,22,PM2.5,02-Jul-26
Gaya,66,"PM2.5, PM10",02-Jul-26
Ghaziabad,103,PM10,02-Jul-26
Gorakhpur,74,PM10,02-Jul-26
Greater Noida,93,PM10,02-Jul-26
Gummidipoondi,88,PM2.5,02-Jul-26
Guntur,71,PM2.5,02-Jul-26
Gurugram,139,PM2.5,02-Jul-26
Guwahati,45,"O3, PM2.5, SO2",02-Jul-26
Gwalior,61,PM10,02-Jul-26
Hajipur,92,PM10,02-Jul-26
Haldia,26,CO,02-Jul-26
Hanumangarh,82,PM10,02-Jul-26
Hapur,62,PM10,02-Jul-26
Hingoli,26,O3,02-Jul-26
Hisar,72,PM10,02-Jul-26
Howrah,52,"NO2, O3, PM10",02-Jul-26
Hubballi,45,PM10,02-Jul-26
Hyderabad,55,PM10,02-Jul-26
Indore,54,"CO, NO2",02-Jul-26
Jabalpur,37,"O3, PM10",02-Jul-26
Jaipur,68,"PM10, PM2.5",02-Jul-26
Jaisalmer,89,PM10,02-Jul-26
Jalandhar,49,CO,02-Jul-26
Jalgaon,35,CO,02-Jul-26
Jalna,65,CO,02-Jul-26
Jalore,83,PM10,02-Jul-26
Jhalawar,47,O3,02-Jul-26
Jhansi,36,PM10,02-Jul-26
Jhunjhunu,98,PM10,02-Jul-26
Jodhpur,83,PM10,02-Jul-26
Jorapokhar,99,PM10,02-Jul-26
Kadapa,58,PM2.5,02-Jul-26
Kalaburagi,33,CO,02-Jul-26
Kalyan,63,CO,02-Jul-26
Kannur,43,PM10,02-Jul-26
Kanpur,48,"CO, PM10",02-Jul-26
Karauli,63,O3,02-Jul-26
Karnal,164,PM2.5,02-Jul-26
Kashipur,39,PM2.5,02-Jul-26
Katihar,84,CO,02-Jul-26
Katni,60,PM10,02-Jul-26
Keonjhar,37,CO,02-Jul-26
Khanna,78,PM10,02-Jul-26
Khora,130,PM2.5,02-Jul-26
Khurja,58,PM10,02-Jul-26
Kishanganj,76,PM2.5,02-Jul-26
Kolhapur,32,"O3, PM10",02-Jul-26
Kolkata,42,"PM10, CO",02-Jul-26
Kollam,55,PM10,02-Jul-26
Koppal,41,PM10,02-Jul-26
Korba,39,"PM10, CO",02-Jul-26
Kota,53,PM10,02-Jul-26
Kunjemura,35,PM10,02-Jul-26
Kurukshetra,84,PM10,02-Jul-26
Latur,22,O3,02-Jul-26
Lucknow,67,"PM10, O3",02-Jul-26
Ludhiana,79,PM10,02-Jul-26
Machilipatnam,92,PM2.5,02-Jul-26
Madikeri,14,CO,02-Jul-26
Mahad,55,PM2.5,02-Jul-26
Maihar,68,NO2,02-Jul-26
Malegaon,55,O3,02-Jul-26
Mandideep,33,NO2,02-Jul-26
Mandi Gobindgarh,110,PM10,02-Jul-26
Manesar,138,PM2.5,02-Jul-26
Mangalore,37,O3,02-Jul-26
Manguraha,63,PM2.5,02-Jul-26
Mathura,90,PM2.5,02-Jul-26
Meerut,95,"PM2.5, PM10",02-Jul-26
Mehsana,66,CO,02-Jul-26
Mira-Bhayandar,17,O3,02-Jul-26
Modinagar,116,CO,02-Jul-26
Moradabad,51,"SO2, CO",02-Jul-26
Motihari,56,O3,02-Jul-26
Mumbai,34,"CO, PM10, O3",02-Jul-26
Muzaffarnagar,94,PM10,02-Jul-26
Muzaffarpur,63,"PM10, PM2.5",02-Jul-26
Mysuru,51,PM10,02-Jul-26
Nagaon,64,PM2.5,02-Jul-26
Nagaur,76,PM10,02-Jul-26
Nagpur,34,"CO, PM10",02-Jul-26
Naharlagun,38,PM10,02-Jul-26
Nanded,22,CO,02-Jul-26
Nandesari,72,PM10,02-Jul-26
Narnaul,145,PM2.5,02-Jul-26
Nashik,25,"CO, O3",02-Jul-26
Navi Mumbai,45,"NO2, PM10",02-Jul-26
Nellore,66,PM10,02-Jul-26
Noida,117,"O3, PM10",02-Jul-26
Pali,96,PM10,02-Jul-26
Palwal,67,PM10,02-Jul-26
Pampore,39,PM10,02-Jul-26
Panchgaon,75,PM2.5,02-Jul-26
Panipat,238,PM10,02-Jul-26
Parbhani,38,NO2,02-Jul-26
Patiala,55,PM10,02-Jul-26
Patna,60,"PM10, PM2.5",02-Jul-26
Pimpri-Chinchwad,39,PM10,02-Jul-26
Pithampur,65,CO,02-Jul-26
Pratapgarh,54,O3,02-Jul-26
Prayagraj,42,PM10,02-Jul-26
Puducherry,49,O3,02-Jul-26
Pune,48,"CO, NO2",02-Jul-26
Purnia,58,PM2.5,02-Jul-26
Raipur,28,"PM2.5, PM10",02-Jul-26
Rairangpur,57,PM10,02-Jul-26
Rajamahendravaram,24,PM10,02-Jul-26
Rajgir,130,PM2.5,02-Jul-26
Rajsamand,69,PM10,02-Jul-26
Ramanagara,29,PM10,02-Jul-26
Ratlam,37,NO2,02-Jul-26
Rishikesh,45,O3,02-Jul-26
Rohtak,80,PM10,02-Jul-26
Rourkela,66,"PM2.5, PM10",02-Jul-26
Rupnagar,88,PM2.5,02-Jul-26
Sagar,38,CO,02-Jul-26
Samastipur,68,PM2.5,02-Jul-26
Sangli,61,PM10,02-Jul-26
Satna,71,PM10,02-Jul-26
Sawai Madhopur,70,PM10,02-Jul-26
Shillong,24,SO2,02-Jul-26
Shivamogga,52,PM10,02-Jul-26
Sikar,103,PM10,02-Jul-26
Silchar,47,PM10,02-Jul-26
Siliguri,151,NO2,02-Jul-26
Singrauli,68,PM10,02-Jul-26
Sirohi,67,PM10,02-Jul-26
Sirsa,96,PM2.5,02-Jul-26
Sivasagar,58,O3,02-Jul-26
Solapur,31,PM10,02-Jul-26
Sonipat,344,O3,02-Jul-26
Sri Ganganagar,89,PM10,02-Jul-26
Srinagar,49,PM10,02-Jul-26
Suakati,180,O3,02-Jul-26
Surat,55,"PM10, CO",02-Jul-26
Talcher,106,CO,02-Jul-26
Tensa,43,PM10,02-Jul-26
Thane,30,"PM10, NO2",02-Jul-26
Thiruvananthapuram,37,PM10,02-Jul-26
Thoothukudi,50,PM10,02-Jul-26
Thrissur,50,PM10,02-Jul-26
Tirumala,52,NO2,02-Jul-26
Tirupati,66,PM10,02-Jul-26
Tonk,62,PM10,02-Jul-26
Tumidih,38,PM10,02-Jul-26
Udaipur,82,PM10,02-Jul-26
Ujjain,54,O3,02-Jul-26
Ulhasnagar,43,PM10,02-Jul-26
Vadodara,95,CO,02-Jul-26
Varanasi,39,"PM2.5, NO2, PM10",02-Jul-26
Vatva,108,PM10,02-Jul-26
Vijayapura,36,PM10,02-Jul-26
Vijayawada,68,"PM2.5, PM10",02-Jul-26
Virar,40,PM10,02-Jul-26
Visakhapatnam,65,PM10,02-Jul-26
Vrindavan,43,PM10,02-Jul-26
Yadgir,29,PM10,02-Jul-26
Yamuna Nagar,101,PM2.5,02-Jul-26
Agartala,69,PM10,01-Jul-26
Agra,106,"PM2.5, PM10",01-Jul-26
Ahmedabad,73,PM10,01-Jul-26
Ahmednagar,26,O3,01-Jul-26
Aizawl,15,SO2,01-Jul-26
Ajmer,103,PM10,01-Jul-26
Akola,66,PM10,01-Jul-26
Alwar,81,PM10,01-Jul-26
Amaravati,52,PM10,01-Jul-26
Ambala,124,PM10,01-Jul-26
Ambernath,22,PM2.5,01-Jul-26
Amravati,33,PM10,01-Jul-26
Amritsar,97,PM10,01-Jul-26
Anantapur,62,PM10,01-Jul-26
Angul,65,PM10,01-Jul-26
Araria,71,PM10,01-Jul-26
Arrah,60,PM10,01-Jul-26
Asansol,51,"SO2, PM10",01-Jul-26
Aurangabad (Maharashtra),41,"PM2.5, PM10",01-Jul-26
Baddi,108,PM10,01-Jul-26
Badlapur,45,PM10,01-Jul-26
Bagalkot,50,PM10,01-Jul-26
Baghpat,89,PM10,01-Jul-26
Bahadurgarh,197,PM2.5,01-Jul-26
Balasore,54,PM10,01-Jul-26
Ballabgarh,143,PM10,01-Jul-26
Banswara,91,PM10,01-Jul-26
Baran,61,O3,01-Jul-26
Barbil,56,PM10,01-Jul-26
Bareilly,34,"CO, PM10",01-Jul-26
Baripada,55,PM10,01-Jul-26
Barmer,133,PM10,01-Jul-26
Barrackpore,45,PM10,01-Jul-26
Beed,33,PM10,01-Jul-26
Begusarai,76,PM10,01-Jul-26
Belapur,23,NO2,01-Jul-26
Bengaluru,55,"PM10, CO",01-Jul-26
Bhagalpur,49,PM10,01-Jul-26
Bharatpur,64,PM10,01-Jul-26
Bhavnagar,123,PM10,01-Jul-26
Bhilai,25,"PM10, O3, CO",01-Jul-26
Bhilwara,90,PM10,01-Jul-26
Bhiwadi,188,"PM2.5, PM10",01-Jul-26
Bhiwandi,46,PM10,01-Jul-26
Bhiwani,153,PM2.5,01-Jul-26
Bhopal,32,"CO, O3",01-Jul-26
Bhubaneswar,58,CO,01-Jul-26
Bihar Sharif,55,CO,01-Jul-26
Bikaner,144,PM10,01-Jul-26
Bilaspur,32,PM10,01-Jul-26
Bileipada,64,PM10,01-Jul-26
Boisar,39,PM10,01-Jul-26
Brajrajnagar,46,O3,01-Jul-26
Bulandshahr,57,PM10,01-Jul-26
Bundi,51,PM10,01-Jul-26
Buxar,197,PM2.5,01-Jul-26
Byasanagar,71,O3,01-Jul-26
Byrnihat (Assam),96,PM2.5,01-Jul-26
Chamarajanagar,46,PM10,01-Jul-26
Chandigarh,53,CO,01-Jul-26
Chandrapur,44,"PM10, PM2.5",01-Jul-26
Charkhi Dadri,239,PM2.5,01-Jul-26
Chennai,58,PM10,01-Jul-26
Chhal,36,PM10,01-Jul-26
Chikkaballapur,39,PM10,01-Jul-26
Chikkamagaluru,32,PM10,01-Jul-26
Chittoor,63,PM2.5,01-Jul-26
Chittorgarh,59,PM10,01-Jul-26
Churu,152,PM10,01-Jul-26
Cuddalore,53,PM10,01-Jul-26
Damoh,50,SO2,01-Jul-26
Dausa,100,PM10,01-Jul-26
Dehradun,28,PM2.5,01-Jul-26
Delhi,132,"PM2.5, PM10",01-Jul-26
Dhanbad,260,PM10,01-Jul-26
Dharuhera,147,PM2.5,01-Jul-26
Dharwad,67,PM10,01-Jul-26
Dhule,46,PM10,01-Jul-26
Dombivli,18,CO,01-Jul-26
Dungarpur,56,PM10,01-Jul-26
Durgapur,67,"NO2, PM10",01-Jul-26
Eluru,63,PM10,01-Jul-26
Faridabad,135,PM2.5,01-Jul-26
Firozabad,53,PM10,01-Jul-26
Gadag,29,PM2.5,01-Jul-26
Gandhinagar,81,PM10,01-Jul-26
Gaya,82,"PM2.5, PM10",01-Jul-26
Ghaziabad,116,"PM10, PM2.5",01-Jul-26
Gorakhpur,53,PM10,01-Jul-26
Greater Noida,151,PM10,01-Jul-26
Gummidipoondi,91,PM10,01-Jul-26
Guntur,62,PM10,01-Jul-26
Gurugram,199,"PM2.5, PM10",01-Jul-26
Guwahati,88,"PM2.5, O3",01-Jul-26
Gwalior,56,"PM10, O3",01-Jul-26
Hajipur,92,PM10,01-Jul-26
Haldia,37,PM10,01-Jul-26
Hanumangarh,114,PM10,01-Jul-26
Hapur,58,PM10,01-Jul-26
Hingoli,22,O3,01-Jul-26
Hisar,163,PM2.5,01-Jul-26
Howrah,59,"NO2, PM10, O3",01-Jul-26
Hubballi,48,PM10,01-Jul-26
Hyderabad,51,PM10,01-Jul-26
Indore,54,"CO, NO2",01-Jul-26
Jabalpur,46,"O3, CO, PM10",01-Jul-26
Jaipur,92,"PM10, O3",01-Jul-26
Jaisalmer,136,PM10,01-Jul-26
Jalandhar,115,PM2.5,01-Jul-26
Jalgaon,37,PM10,01-Jul-26
Jalna,69,CO,01-Jul-26
Jalore,87,PM10,01-Jul-26
Jhalawar,53,PM10,01-Jul-26
Jhansi,23,PM10,01-Jul-26
Jhunjhunu,109,PM10,01-Jul-26
Jind,219,PM2.5,01-Jul-26
Jodhpur,82,PM10,01-Jul-26
Jorapokhar,90,PM10,01-Jul-26
Kadapa,56,PM2.5,01-Jul-26
Kalaburagi,37,PM10,01-Jul-26
Kalyan,72,CO,01-Jul-26
Kannur,51,PM10,01-Jul-26
Kanpur,53,"PM10, CO",01-Jul-26
Karauli,53,PM10,01-Jul-26
Karnal,211,PM2.5,01-Jul-26
Kashipur,44,PM10,01-Jul-26
Katihar,77,CO,01-Jul-26
Katni,75,PM10,01-Jul-26
Keonjhar,36,CO,01-Jul-26
Khairthal,114,PM2.5,01-Jul-26
Khanna,75,PM10,01-Jul-26
Khora,203,PM2.5,01-Jul-26
Khurja,69,PM10,01-Jul-26
Kishanganj,84,PM2.5,01-Jul-26
Kohima,45,SO2,01-Jul-26
Kolhapur,28,"O3, PM10",01-Jul-26
Kolkata,50,"PM10, NO2",01-Jul-26
Kollam,42,PM10,01-Jul-26
Korba,18,PM10,01-Jul-26
Kota,66,"PM10, PM2.5",01-Jul-26
Kunjemura,44,PM10,01-Jul-26
Kurukshetra,114,PM10,01-Jul-26
Latur,21,O3,01-Jul-26
Lucknow,56,PM10,01-Jul-26
Ludhiana,95,PM10,01-Jul-26
Machilipatnam,86,PM2.5,01-Jul-26
Madikeri,13,CO,01-Jul-26
Mahad,47,PM2.5,01-Jul-26
Maihar,55,NO2,01-Jul-26
Malegaon,62,PM10,01-Jul-26
Mandideep,33,NO2,01-Jul-26
Mandi Gobindgarh,94,PM10,01-Jul-26
Mandikhera,106,PM2.5,01-Jul-26
Manesar,149,PM10,01-Jul-26
Mangalore,37,O3,01-Jul-26
Meerut,90,"PM2.5, PM10",01-Jul-26
Mehsana,67,CO,01-Jul-26
Milupara,82,O3,01-Jul-26
Modinagar,90,PM2.5,01-Jul-26
Moradabad,45,"SO2, PM2.5",01-Jul-26
Mumbai,36,"CO, PM10",01-Jul-26
Munger,47,CO,01-Jul-26
Muzaffarnagar,57,PM10,01-Jul-26
Muzaffarpur,55,"PM2.5, CO, O3",01-Jul-26
Mysuru,51,O3,01-Jul-26
Nagaon,55,PM2.5,01-Jul-26
Nagaur,88,PM10,01-Jul-26
Nagpur,36,"CO, PM10, PM2.5",01-Jul-26
Naharlagun,35,PM10,01-Jul-26
Nanded,23,CO,01-Jul-26
Nandesari,66,PM10,01-Jul-26
Narnaul,158,PM2.5,01-Jul-26
Nashik,25,"CO, PM10, O3",01-Jul-26
Navi Mumbai,36,"PM10, NO2, CO",01-Jul-26
Nellore,73,PM10,01-Jul-26
Noida,114,PM10,01-Jul-26
Pali,104,PM10,01-Jul-26
Palwal,59,CO,01-Jul-26
Pampore,83,PM10,01-Jul-26
Panipat,232,PM10,01-Jul-26
Parbhani,39,NO2,01-Jul-26
Patiala,103,PM10,01-Jul-26
Patna,59,"PM2.5, PM10",01-Jul-26
Pimpri-Chinchwad,36,PM10,01-Jul-26
Pithampur,51,CO,01-Jul-26
Pratapgarh,79,PM10,01-Jul-26
Prayagraj,42,"SO2, PM10, O3",01-Jul-26
Puducherry,41,O3,01-Jul-26
Pune,47,"CO, PM10",01-Jul-26
Purnia,66,PM2.5,01-Jul-26
Raipur,31,"PM2.5, PM10",01-Jul-26
Rairangpur,54,PM10,01-Jul-26
Rajamahendravaram,29,PM10,01-Jul-26
Rajgir,59,PM2.5,01-Jul-26
Rajkot,84,CO,01-Jul-26
Rajsamand,65,PM10,01-Jul-26
Ramanagara,28,PM10,01-Jul-26
Ratlam,37,NO2,01-Jul-26
Rishikesh,45,O3,01-Jul-26
Rohtak,102,PM10,01-Jul-26
Rourkela,66,"CO, PM10",01-Jul-26
Rupnagar,59,PM2.5,01-Jul-26
Sagar,50,O3,01-Jul-26
Samastipur,82,PM2.5,01-Jul-26
Sangli,28,O3,01-Jul-26
Satara,42,O3,01-Jul-26
Satna,70,PM10,01-Jul-26
Sawai Madhopur,57,PM10,01-Jul-26
Shivamogga,53,O3,01-Jul-26
Sikar,93,PM10,01-Jul-26
Silchar,46,PM10,01-Jul-26
Siliguri,152,NO2,01-Jul-26
Singrauli,64,PM10,01-Jul-26
Sirohi,82,PM10,01-Jul-26
Sirsa,165,PM2.5,01-Jul-26
Sivasagar,34,O3,01-Jul-26
Siwan,112,CO,01-Jul-26
Solapur,30,PM10,01-Jul-26
Sonipat,276,PM2.5,01-Jul-26
Sri Ganganagar,129,PM10,01-Jul-26
Srinagar,76,PM10,01-Jul-26
Suakati,121,O3,01-Jul-26
Surat,55,"PM10, CO",01-Jul-26
Talcher,108,CO,01-Jul-26
Thane,32,NO2,01-Jul-26
Thiruvananthapuram,33,"PM2.5, PM10",01-Jul-26
Thoothukudi,55,PM10,01-Jul-26
Thrissur,58,PM10,01-Jul-26
Tirumala,37,NO2,01-Jul-26
Tirupati,57,PM10,01-Jul-26
Tonk,93,PM10,01-Jul-26
Tumidih,50,NO2,01-Jul-26
Udaipur,86,PM10,01-Jul-26
Ujjain,47,O3,01-Jul-26
Ulhasnagar,40,PM10,01-Jul-26
Vadodara,96,CO,01-Jul-26
Varanasi,52,"PM10, PM2.5",01-Jul-26
Vatva,104,PM10,01-Jul-26
Vijayapura,38,PM10,01-Jul-26
Vijayawada,65,PM10,01-Jul-26
Visakhapatnam,91,PM10,01-Jul-26
Vrindavan,72,PM10,01-Jul-26
Yadgir,21,PM10,01-Jul-26
Yamuna Nagar,101,PM2.5,01-Jul-26
Agartala,85,PM10,30-Jun-26
Agra,115,"PM2.5, PM10",30-Jun-26
Ahmedabad,77,PM10,30-Jun-26
Ahmednagar,25,PM10,30-Jun-26
Aizawl,15,SO2,30-Jun-26
Ajmer,98,PM10,30-Jun-26
Akola,69,PM10,30-Jun-26
Alwar,92,PM10,30-Jun-26
Amaravati,55,PM10,30-Jun-26
Ambala,134,PM10,30-Jun-26
Amravati,39,PM10,30-Jun-26
Amritsar,103,PM10,30-Jun-26
Anantapur,93,PM2.5,30-Jun-26
Angul,72,PM10,30-Jun-26
Araria,56,PM10,30-Jun-26
Asansol,47,"SO2, O3, PM10",30-Jun-26
Aurangabad (Maharashtra),48,"PM2.5, PM10",30-Jun-26
Baddi,132,PM10,30-Jun-26
Badlapur,57,PM10,30-Jun-26
Bagalkot,51,PM10,30-Jun-26
Baghpat,219,PM10,30-Jun-26
Bahadurgarh,245,PM2.5,30-Jun-26
Balasore,38,CO,30-Jun-26
Ballabgarh,139,PM10,30-Jun-26
Banswara,104,PM10,30-Jun-26
Baran,129,O3,30-Jun-26
Barbil,48,PM10,30-Jun-26
Bareilly,33,PM10,30-Jun-26
Baripada,47,O3,30-Jun-26
Barmer,146,PM10,30-Jun-26
Barrackpore,44,PM10,30-Jun-26
Beed,57,PM10,30-Jun-26
Begusarai,36,PM10,30-Jun-26
Belapur,32,PM10,30-Jun-26
Bengaluru,54,"PM10, CO",30-Jun-26
Bhagalpur,66,PM10,30-Jun-26
Bharatpur,76,PM10,30-Jun-26
Bhavnagar,88,PM10,30-Jun-26
Bhilai,30,"PM10, O3, CO",30-Jun-26
Bhilwara,101,PM10,30-Jun-26
Bhiwadi,150,"PM2.5, PM10",30-Jun-26
Bhiwandi,62,PM10,30-Jun-26
Bhiwani,165,PM2.5,30-Jun-26
Bhopal,45,PM10,30-Jun-26
Bhubaneswar,50,"CO, PM10",30-Jun-26
Bihar Sharif,57,CO,30-Jun-26
Bikaner,183,PM10,30-Jun-26
Bileipada,62,PM10,30-Jun-26
Boisar,39,PM10,30-Jun-26
Brajrajnagar,44,O3,30-Jun-26
Bulandshahr,124,PM10,30-Jun-26
Bundi,58,PM10,30-Jun-26
Buxar,136,PM2.5,30-Jun-26
Byasanagar,47,CO,30-Jun-26
Byrnihat (Assam),91,PM2.5,30-Jun-26
Byrnihat (Meghalaya),132,PM2.5,30-Jun-26
Chamarajanagar,44,PM10,30-Jun-26
Chandigarh,58,CO,30-Jun-26
Chandrapur,79,PM10,30-Jun-26
Charkhi Dadri,67,PM2.5,30-Jun-26
Chennai,50,"PM10, CO",30-Jun-26
Chikkaballapur,36,O3,30-Jun-26
Chittoor,53,PM2.5,30-Jun-26
Churu,146,PM10,30-Jun-26
Cuddalore,49,PM10,30-Jun-26
Damoh,52,SO2,30-Jun-26
Dausa,123,PM10,30-Jun-26
Dehradun,83,PM2.5,30-Jun-26
Delhi,177,"PM10, PM2.5",30-Jun-26
Dhanbad,184,PM10,30-Jun-26
Dharuhera,108,PM2.5,30-Jun-26
Dharwad,63,PM10,30-Jun-26
Dholpur,78,PM10,30-Jun-26
Dhule,58,PM10,30-Jun-26
Dombivli,18,NO2,30-Jun-26
Dungarpur,72,PM10,30-Jun-26
Durgapur,54,PM10,30-Jun-26
Eluru,54,PM2.5,30-Jun-26
Faridabad,199,"PM2.5, PM10",30-Jun-26
Fatehabad,183,PM10,30-Jun-26
Firozabad,55,PM10,30-Jun-26
Gadag,32,PM2.5,30-Jun-26
Gandhinagar,81,"NO2, PM10",30-Jun-26
Gaya,96,"PM2.5, PM10",30-Jun-26
Ghaziabad,213,"PM2.5, PM10",30-Jun-26
Gorakhpur,61,PM10,30-Jun-26
Greater Noida,167,PM10,30-Jun-26
Gummidipoondi,99,PM10,30-Jun-26
Guntur,73,PM10,30-Jun-26
Gurugram,249,PM2.5,30-Jun-26
Guwahati,48,"PM2.5, SO2",30-Jun-26
Gwalior,95,"PM10, O3",30-Jun-26
Hajipur,85,PM10,30-Jun-26
Haldia,45,PM10,30-Jun-26
Hanumangarh,143,PM10,30-Jun-26
Hapur,150,PM10,30-Jun-26
Hingoli,33,O3,30-Jun-26
Hisar,196,PM10,30-Jun-26
Howrah,60,"O3, PM10",30-Jun-26
Hubballi,45,PM10,30-Jun-26
Hyderabad,51,PM10,30-Jun-26
Indore,58,"CO, NO2, PM10",30-Jun-26
Jabalpur,44,"O3, CO, PM10",30-Jun-26
Jaipur,108,PM10,30-Jun-26
Jaisalmer,182,PM10,30-Jun-26
Jalandhar,77,PM10,30-Jun-26
Jalgaon,31,O3,30-Jun-26
Jalna,68,CO,30-Jun-26
Jalore,75,PM10,30-Jun-26
Jhalawar,50,PM10,30-Jun-26
Jhansi,44,PM10,30-Jun-26
Jhunjhunu,108,PM10,30-Jun-26
Jind,207,PM2.5,30-Jun-26
Jodhpur,79,PM10,30-Jun-26
Jorapokhar,70,PM10,30-Jun-26
Kaithal,156,PM2.5,30-Jun-26
Kalaburagi,33,CO,30-Jun-26
Kalyan,64,CO,30-Jun-26
Kannur,52,PM10,30-Jun-26
Kanpur,50,"PM10, CO",30-Jun-26
Karnal,306,PM2.5,30-Jun-26
Kashipur,46,PM2.5,30-Jun-26
Katihar,71,CO,30-Jun-26
Katni,43,O3,30-Jun-26
Keonjhar,35,CO,30-Jun-26
Khairthal,102,PM10,30-Jun-26
Khanna,86,PM10,30-Jun-26
Khora,128,PM2.5,30-Jun-26
Khurja,101,PM10,30-Jun-26
Kishanganj,75,PM2.5,30-Jun-26
Kohima,46,SO2,30-Jun-26
Kolhapur,30,"PM10, O3",30-Jun-26
Kolkata,52,"PM2.5, NO2, PM10",30-Jun-26
Kollam,44,PM10,30-Jun-26
Koppal,43,CO,30-Jun-26
Korba,56,CO,30-Jun-26
Kota,69,"PM10, PM2.5",30-Jun-26
Kunjemura,36,PM10,30-Jun-26
Kurukshetra,150,PM10,30-Jun-26
Latur,21,O3,30-Jun-26
Lucknow,60,PM10,30-Jun-26
Ludhiana,103,PM10,30-Jun-26
Machilipatnam,100,PM2.5,30-Jun-26
Madikeri,14,PM2.5,30-Jun-26
Mahad,40,CO,30-Jun-26
Maihar,54,NO2,30-Jun-26
Malegaon,68,PM10,30-Jun-26
Mandideep,64,PM10,30-Jun-26
Mandi Gobindgarh,90,PM10,30-Jun-26
Mangalore,49,PM10,30-Jun-26
Mathura,133,PM10,30-Jun-26
Meerut,189,"PM2.5, PM10",30-Jun-26
Mehsana,67,CO,30-Jun-26
Mira-Bhayandar,17,PM10,30-Jun-26
Modinagar,190,PM2.5,30-Jun-26
Moradabad,70,PM10,30-Jun-26
Motihari,56,O3,30-Jun-26
Mumbai,47,"CO, PM10",30-Jun-26
Munger,49,CO,30-Jun-26
Muzaffarnagar,129,PM10,30-Jun-26
Muzaffarpur,47,"PM10, PM2.5",30-Jun-26
Mysuru,38,O3,30-Jun-26
Nagaon,52,PM2.5,30-Jun-26
Nagaur,92,PM10,30-Jun-26
Nagpur,35,PM10,30-Jun-26
Naharlagun,31,PM10,30-Jun-26
Nanded,25,PM10,30-Jun-26
Nandesari,59,PM10,30-Jun-26
Narnaul,126,PM2.5,30-Jun-26
Nashik,31,"PM10, CO",30-Jun-26
Navi Mumbai,36,"PM10, NO2, CO",30-Jun-26
Noida,151,PM10,30-Jun-26
Palwal,99,PM10,30-Jun-26
Pampore,73,PM10,30-Jun-26
Panchgaon,86,PM2.5,30-Jun-26
Panchkula,83,PM2.5,30-Jun-26
Panipat,317,PM2.5,30-Jun-26
Parbhani,43,PM10,30-Jun-26
Patiala,113,PM10,30-Jun-26
Patna,66,"PM10, O3, PM2.5",30-Jun-26
Pimpri-Chinchwad,46,"PM10, CO",30-Jun-26
Pithampur,44,PM10,30-Jun-26
Pratapgarh,78,PM10,30-Jun-26
Prayagraj,50,"PM10, O3, SO2",30-Jun-26
Puducherry,46,O3,30-Jun-26
Pune,48,CO,30-Jun-26
Purnia,62,PM2.5,30-Jun-26
Raipur,30,"PM2.5, CO, PM10",30-Jun-26
Rairangpur,59,PM10,30-Jun-26
Rajamahendravaram,33,PM10,30-Jun-26
Rajgir,98,PM2.5,30-Jun-26
Rajkot,82,CO,30-Jun-26
Rajsamand,59,O3,30-Jun-26
Ramanagara,34,O3,30-Jun-26
Ratlam,48,PM2.5,30-Jun-26
Rishikesh,45,O3,30-Jun-26
Rohtak,146,PM10,30-Jun-26
Rourkela,71,"PM2.5, PM10",30-Jun-26
Rupnagar,106,PM2.5,30-Jun-26
Sagar,42,PM10,30-Jun-26
Sangli,37,PM2.5,30-Jun-26
Satara,40,O3,30-Jun-26
Satna,70,PM10,30-Jun-26
Sawai Madhopur,87,PM10,30-Jun-26
Shivamogga,49,O3,30-Jun-26
Sikar,99,PM10,30-Jun-26
Silchar,45,PM10,30-Jun-26
Siliguri,180,NO2,30-Jun-26
Singrauli,61,NO2,30-Jun-26
Sirohi,77,PM10,30-Jun-26
Sirsa,180,PM2.5,30-Jun-26
Sivasagar,52,O3,30-Jun-26
Solapur,23,PM10,30-Jun-26
Sonipat,215,PM2.5,30-Jun-26
Sri Ganganagar,133,PM10,30-Jun-26
Srinagar,64,PM10,30-Jun-26
Suakati,97,O3,30-Jun-26
Surat,54,"PM10, CO",30-Jun-26
Talcher,105,CO,30-Jun-26
Thane,62,"O3, PM10",30-Jun-26
Thiruvananthapuram,37,PM10,30-Jun-26
Thoothukudi,73,PM10,30-Jun-26
Tirumala,40,NO2,30-Jun-26
Tirupati,70,PM10,30-Jun-26
Tonk,100,PM10,30-Jun-26
Tumidih,49,NO2,30-Jun-26
Udaipur,97,PM10,30-Jun-26
Ujjain,53,O3,30-Jun-26
Ulhasnagar,30,O3,30-Jun-26
Vadodara,94,CO,30-Jun-26
Varanasi,56,PM10,30-Jun-26
Vatva,109,PM2.5,30-Jun-26
Vijayapura,39,PM10,30-Jun-26
Vijayawada,64,PM10,30-Jun-26
Virar,53,CO,30-Jun-26
Visakhapatnam,115,PM10,30-Jun-26
Vrindavan,84,PM10,30-Jun-26
Yadgir,20,PM10,30-Jun-26
Yamuna Nagar,61,NO2,30-Jun-26
Agartala,80,PM10,29-Jun-26
Agra,87,PM10,29-Jun-26
Ahmedabad,87,PM10,29-Jun-26
Ahmednagar,33,PM10,29-Jun-26
Aizawl,20,PM10,29-Jun-26
Ajmer,99,PM10,29-Jun-26
Akola,47,PM10,29-Jun-26
Alwar,78,PM10,29-Jun-26
Ambala,145,PM10,29-Jun-26
Amravati,40,PM10,29-Jun-26
Amritsar,83,PM10,29-Jun-26
Anantapur,85,PM2.5,29-Jun-26
Angul,107,PM10,29-Jun-26
Ankleshwar,70,PM10,29-Jun-26
Araria,66,CO,29-Jun-26
Arrah,55,CO,29-Jun-26
Asansol,57,"SO2, PM2.5, PM10",29-Jun-26
Aurangabad (Maharashtra),56,"CO, PM2.5, PM10",29-Jun-26
Baddi,99,PM10,29-Jun-26
Badlapur,56,PM10,29-Jun-26
Bagalkot,51,PM10,29-Jun-26
Baghpat,224,PM10,29-Jun-26
Bahadurgarh,251,PM2.5,29-Jun-26
Balasore,52,PM10,29-Jun-26
Ballabgarh,142,PM10,29-Jun-26
Banswara,83,PM10,29-Jun-26
Baran,85,O3,29-Jun-26
Barbil,69,PM10,29-Jun-26
Bareilly,47,PM10,29-Jun-26
Baripada,69,O3,29-Jun-26
Barmer,121,PM10,29-Jun-26
Barrackpore,52,PM10,29-Jun-26
Beed,81,PM10,29-Jun-26
Begusarai,91,PM10,29-Jun-26
Belapur,29,O3,29-Jun-26
Bengaluru,58,PM10,29-Jun-26
Bhagalpur,91,PM10,29-Jun-26
Bharatpur,61,PM10,29-Jun-26
Bhavnagar,78,PM10,29-Jun-26
Bhilai,25,"O3, PM10, CO",29-Jun-26
Bhilwara,63,PM10,29-Jun-26
Bhiwadi,124,PM10,29-Jun-26
Bhiwandi,58,PM10,29-Jun-26
Bhiwani,168,PM2.5,29-Jun-26
Bhopal,48,PM10,29-Jun-26
Bhubaneswar,64,"CO, PM10",29-Jun-26
Bihar Sharif,68,PM2.5,29-Jun-26
Bikaner,141,PM10,29-Jun-26
Bileipada,95,PM10,29-Jun-26
Boisar,46,PM10,29-Jun-26
Brajrajnagar,48,O3,29-Jun-26
Bulandshahr,170,PM10,29-Jun-26
Bundi,47,PM10,29-Jun-26
Byasanagar,67,O3,29-Jun-26
Byrnihat (Assam),80,PM2.5,29-Jun-26
Byrnihat (Meghalaya),114,PM2.5,29-Jun-26
Chamarajanagar,40,PM10,29-Jun-26
Chandigarh,53,CO,29-Jun-26
Chandrapur,62,"PM10, O3",29-Jun-26
Charkhi Dadri,154,PM2.5,29-Jun-26
Chennai,58,"PM10, O3",29-Jun-26
Chhal,31,O3,29-Jun-26
Chhapra,116,PM10,29-Jun-26
Chikkaballapur,33,O3,29-Jun-26
Chikkamagaluru,38,O3,29-Jun-26
Chittoor,61,PM10,29-Jun-26
Chittorgarh,71,O3,29-Jun-26
Churu,116,PM10,29-Jun-26
Coimbatore,23,PM2.5,29-Jun-26
Cuddalore,42,PM10,29-Jun-26
Cuttack,83,PM10,29-Jun-26
Damoh,51,SO2,29-Jun-26
Dausa,92,PM10,29-Jun-26
Dehradun,95,PM2.5,29-Jun-26
Delhi,151,"PM2.5, PM10",29-Jun-26
Dewas,94,NO2,29-Jun-26
Dhanbad,118,PM10,29-Jun-26
Dharuhera,94,PM2.5,29-Jun-26
Dharwad,70,PM10,29-Jun-26
Dholpur,63,PM10,29-Jun-26
Dhule,69,PM10,29-Jun-26
Dombivli,26,O3,29-Jun-26
Dungarpur,60,PM10,29-Jun-26
Durgapur,80,"PM10, NO2",29-Jun-26
Eluru,46,PM10,29-Jun-26
Faridabad,170,"PM2.5, PM10",29-Jun-26
Fatehabad,115,PM10,29-Jun-26
Firozabad,33,PM10,29-Jun-26
Gadag,29,PM2.5,29-Jun-26
Gandhinagar,112,"NO2, PM10",29-Jun-26
Gangtok,36,PM2.5,29-Jun-26
Gaya,61,"PM10, O3",29-Jun-26
Ghaziabad,189,"PM2.5, PM10",29-Jun-26
Gorakhpur,76,PM10,29-Jun-26
Greater Noida,240,PM10,29-Jun-26
Gummidipoondi,81,PM2.5,29-Jun-26
Guntur,67,PM2.5,29-Jun-26
Gurugram,213,"PM2.5, PM10",29-Jun-26
Guwahati,74,PM2.5,29-Jun-26
Gwalior,70,"PM10, O3",29-Jun-26
Hajipur,97,PM2.5,29-Jun-26
Haldia,61,PM10,29-Jun-26
Hanumangarh,108,PM10,29-Jun-26
Hapur,175,PM10,29-Jun-26
Hingoli,41,O3,29-Jun-26
Hisar,119,PM10,29-Jun-26
Howrah,76,"O3, PM10",29-Jun-26
Hubballi,51,PM10,29-Jun-26
Hyderabad,53,PM10,29-Jun-26
Indore,66,"CO, PM10, PM2.5",29-Jun-26
Jabalpur,58,"O3, PM10",29-Jun-26
Jaipur,89,PM10,29-Jun-26
Jaisalmer,179,PM10,29-Jun-26
Jalandhar,83,PM10,29-Jun-26
Jalgaon,36,O3,29-Jun-26
Jalore,74,PM10,29-Jun-26
Jhalawar,66,PM10,29-Jun-26
Jhansi,33,PM10,29-Jun-26
Jhunjhunu,111,PM10,29-Jun-26
Jind,169,PM2.5,29-Jun-26
Jodhpur,78,PM10,29-Jun-26
Jorapokhar,64,PM10,29-Jun-26
Kadapa,54,PM10,29-Jun-26
Kaithal,123,PM2.5,29-Jun-26
Kalaburagi,44,CO,29-Jun-26
Kalyan,73,PM10,29-Jun-26
Kannur,51,PM2.5,29-Jun-26
Kanpur,60,"PM10, CO",29-Jun-26
Karauli,63,PM10,29-Jun-26
Karnal,240,PM2.5,29-Jun-26
Katihar,69,CO,29-Jun-26
Katni,64,PM10,29-Jun-26
Keonjhar,34,CO,29-Jun-26
Khairthal,82,PM10,29-Jun-26
Khanna,67,PM10,29-Jun-26
Khora,124,PM2.5,29-Jun-26
Khurja,92,PM10,29-Jun-26
Kishanganj,70,PM2.5,29-Jun-26
Kohima,48,SO2,29-Jun-26
Kolhapur,27,PM10,29-Jun-26
Kolkata,49,"PM10, NO2",29-Jun-26
Koppal,45,CO,29-Jun-26
Korba,59,PM10,29-Jun-26
Kota,71,PM10,29-Jun-26
Kunjemura,56,PM10,29-Jun-26
Kurukshetra,166,PM10,29-Jun-26
Latur,27,O3,29-Jun-26
Lucknow,99,"O3, PM2.5, PM10",29-Jun-26
Ludhiana,99,PM10,29-Jun-26
Machilipatnam,79,PM2.5,29-Jun-26
Madikeri,15,CO,29-Jun-26
Maihar,66,NO2,29-Jun-26
Malegaon,81,PM10,29-Jun-26
Mandideep,90,PM10,29-Jun-26
Mandi Gobindgarh,90,CO,29-Jun-26
Manesar,116,PM2.5,29-Jun-26
Mathura,106,PM10,29-Jun-26
Meerut,205,"PM2.5, PM10",29-Jun-26
Mehsana,67,CO,29-Jun-26
Mira-Bhayandar,18,PM10,29-Jun-26
Modinagar,258,PM2.5,29-Jun-26
Moradabad,93,"PM10, SO2",29-Jun-26
Mumbai,41,"CO, PM10",29-Jun-26
Munger,69,CO,29-Jun-26
Muzaffarnagar,131,PM10,29-Jun-26
Muzaffarpur,60,"PM10, PM2.5",29-Jun-26
Mysuru,57,O3,29-Jun-26
Nagaon,61,PM2.5,29-Jun-26
Nagaur,89,PM10,29-Jun-26
Nagpur,44,"PM10, PM2.5",29-Jun-26
Naharlagun,22,PM10,29-Jun-26
Nanded,31,O3,29-Jun-26
Nandesari,59,PM10,29-Jun-26
Narnaul,122,PM2.5,29-Jun-26
Nashik,39,PM10,29-Jun-26
Navi Mumbai,37,"PM10, NO2",29-Jun-26
Nellore,68,PM10,29-Jun-26
Noida,167,PM10,29-Jun-26
Pali,100,PM2.5,29-Jun-26
Pampore,65,PM10,29-Jun-26
Panchgaon,59,PM2.5,29-Jun-26
Panipat,188,PM10,29-Jun-26
Parbhani,47,PM10,29-Jun-26
Patiala,115,PM10,29-Jun-26
Patna,84,PM10,29-Jun-26
Pimpri-Chinchwad,46,PM10,29-Jun-26
Pithampur,53,PM10,29-Jun-26
Pratapgarh,46,PM10,29-Jun-26
Prayagraj,48,"PM10, O3, SO2",29-Jun-26
Puducherry,47,O3,29-Jun-26
Pune,48,CO,29-Jun-26
Raipur,33,"PM2.5, O3, PM10",29-Jun-26
Rairangpur,67,PM10,29-Jun-26
Rajamahendravaram,25,PM10,29-Jun-26
Rajgir,62,PM2.5,29-Jun-26
Rajkot,82,CO,29-Jun-26
Rajsamand,60,PM10,29-Jun-26
Ratlam,81,PM2.5,29-Jun-26
Rishikesh,45,O3,29-Jun-26
Rohtak,226,PM10,29-Jun-26
Rourkela,76,PM2.5,29-Jun-26
Rupnagar,57,CO,29-Jun-26
Sagar,46,O3,29-Jun-26
Satara,37,O3,29-Jun-26
Satna,70,PM10,29-Jun-26
Sawai Madhopur,87,PM10,29-Jun-26
Shivamogga,52,O3,29-Jun-26
Sikar,67,PM2.5,29-Jun-26
Silchar,52,PM10,29-Jun-26
Siliguri,182,NO2,29-Jun-26
Singrauli,62,PM10,29-Jun-26
Sirohi,73,PM10,29-Jun-26
Sivasagar,50,O3,29-Jun-26
Solapur,21,PM10,29-Jun-26
Sonipat,343,PM2.5,29-Jun-26
Sri Ganganagar,105,PM10,29-Jun-26
Srinagar,58,PM10,29-Jun-26
Suakati,123,O3,29-Jun-26
Surat,63,PM10,29-Jun-26
Talcher,109,CO,29-Jun-26
Tensa,54,PM10,29-Jun-26
Thane,51,"O3, PM10",29-Jun-26
Thiruvananthapuram,20,CO,29-Jun-26
Thoothukudi,70,PM10,29-Jun-26
Thrissur,62,PM10,29-Jun-26
Tirumala,41,NO2,29-Jun-26
Tirupati,68,PM10,29-Jun-26
Tonk,93,PM10,29-Jun-26
Tumidih,33,NO2,29-Jun-26
Udaipur,96,PM10,29-Jun-26
Ujjain,58,PM10,29-Jun-26
Ulhasnagar,21,O3,29-Jun-26
Vadodara,91,CO,29-Jun-26
Vapi,81,PM10,29-Jun-26
Varanasi,47,PM10,29-Jun-26
Vatva,140,PM2.5,29-Jun-26
Vijayapura,39,PM10,29-Jun-26
Vijayawada,62,"PM10, PM2.5",29-Jun-26
Visakhapatnam,101,PM10,29-Jun-26
Vrindavan,68,PM10,29-Jun-26
Yamuna Nagar,64,PM10,29-Jun-26
Agartala,85,PM10,28-Jun-26
Agra,89,"PM2.5, PM10",28-Jun-26
Ahmedabad,90,PM10,28-Jun-26
Ahmednagar,87,PM10,28-Jun-26
Aizawl,20,PM10,28-Jun-26
Ajmer,92,PM10,28-Jun-26
Akola,38,PM10,28-Jun-26
Alwar,81,PM10,28-Jun-26
Amaravati,67,PM10,28-Jun-26
Ambala,181,PM10,28-Jun-26
Ambernath,23,NO2,28-Jun-26
Amravati,34,PM10,28-Jun-26
Amritsar,87,PM10,28-Jun-26
Anantapur,71,PM10,28-Jun-26
Angul,115,PM10,28-Jun-26
Ankleshwar,68,PM10,28-Jun-26
Araria,77,PM10,28-Jun-26
Arrah,65,PM2.5,28-Jun-26
Asansol,53,"SO2, O3, PM10",28-Jun-26
Aurangabad (Maharashtra),53,"PM10, PM2.5",28-Jun-26
Baddi,135,PM10,28-Jun-26
Badlapur,93,PM10,28-Jun-26
Bagalkot,51,PM10,28-Jun-26
Baghpat,237,PM10,28-Jun-26
Bahadurgarh,138,PM2.5,28-Jun-26
Balasore,56,PM10,28-Jun-26
Ballabgarh,209,PM2.5,28-Jun-26
Banswara,100,PM10,28-Jun-26
Baran,116,O3,28-Jun-26
Barbil,64,PM10,28-Jun-26
Bareilly,51,PM10,28-Jun-26
Baripada,67,PM10,28-Jun-26
Barmer,84,PM10,28-Jun-26
Barrackpore,35,PM10,28-Jun-26
Beed,78,PM10,28-Jun-26
Begusarai,56,PM10,28-Jun-26
Belapur,53,PM10,28-Jun-26
Bengaluru,59,PM10,28-Jun-26
Bhagalpur,81,PM10,28-Jun-26
Bharatpur,59,PM10,28-Jun-26
Bhavnagar,95,PM10,28-Jun-26
Bhilai,34,"PM10, O3",28-Jun-26
Bhilwara,81,PM10,28-Jun-26
Bhiwadi,117,PM10,28-Jun-26
Bhiwandi,67,PM10,28-Jun-26
Bhiwani,170,PM2.5,28-Jun-26
Bhopal,44,O3,28-Jun-26
Bhubaneswar,69,"CO, O3",28-Jun-26
Bihar Sharif,52,PM2.5,28-Jun-26
Bikaner,101,PM10,28-Jun-26
Bilaspur,47,PM2.5,28-Jun-26
Bileipada,89,PM10,28-Jun-26
Boisar,61,PM10,28-Jun-26
Brajrajnagar,50,O3,28-Jun-26
Bulandshahr,129,PM10,28-Jun-26
Bundi,47,O3,28-Jun-26
Buxar,165,PM2.5,28-Jun-26
Byasanagar,77,O3,28-Jun-26
Byrnihat (Assam),91,PM2.5,28-Jun-26
Byrnihat (Meghalaya),116,PM2.5,28-Jun-26
Chamarajanagar,45,PM10,28-Jun-26
Chandigarh,56,"PM10, O3",28-Jun-26
Chandrapur,72,"NO2, PM10",28-Jun-26
Charkhi Dadri,133,PM2.5,28-Jun-26
Chennai,61,"PM10, O3",28-Jun-26
Chhal,42,PM10,28-Jun-26
Chhapra,118,PM10,28-Jun-26
Chikkaballapur,41,PM10,28-Jun-26
Chikkamagaluru,28,PM10,28-Jun-26
Chittoor,68,PM2.5,28-Jun-26
Chittorgarh,66,O3,28-Jun-26
Churu,112,PM10,28-Jun-26
Coimbatore,29,PM2.5,28-Jun-26
Cuttack,115,O3,28-Jun-26
Damoh,49,SO2,28-Jun-26
Dausa,93,PM10,28-Jun-26
Dehradun,102,PM10,28-Jun-26
Delhi,152,"PM10, O3, PM2.5",28-Jun-26
Dewas,91,NO2,28-Jun-26
Dhanbad,193,PM10,28-Jun-26
Dharuhera,88,PM2.5,28-Jun-26
Dharwad,76,PM10,28-Jun-26
Dholpur,50,O3,28-Jun-26
Dhule,73,PM10,28-Jun-26
Dombivli,31,O3,28-Jun-26
Durgapur,59,"PM10, NO2",28-Jun-26
Eluru,51,PM10,28-Jun-26
Faridabad,173,"PM2.5, PM10",28-Jun-26
Fatehabad,120,PM10,28-Jun-26
Firozabad,43,PM10,28-Jun-26
Gadag,27,PM2.5,28-Jun-26
Gandhinagar,117,"NO2, PM10",28-Jun-26
Gangtok,36,PM2.5,28-Jun-26
Gaya,71,PM10,28-Jun-26
Ghaziabad,193,"PM10, PM2.5",28-Jun-26
Gorakhpur,67,PM10,28-Jun-26
Greater Noida,169,PM10,28-Jun-26
Gummidipoondi,76,PM2.5,28-Jun-26
Guntur,74,PM10,28-Jun-26
Gurugram,213,"PM2.5, PM10",28-Jun-26
Guwahati,80,"PM2.5, PM10",28-Jun-26
Gwalior,69,"NO2, PM10, O3",28-Jun-26
Hajipur,101,PM2.5,28-Jun-26
Haldia,42,PM10,28-Jun-26
Hanumangarh,85,PM10,28-Jun-26
Howrah,61,"PM10, O3",28-Jun-26
Hubballi,53,PM10,28-Jun-26
Hyderabad,58,PM10,28-Jun-26
Indore,68,"CO, NO2",28-Jun-26
Jabalpur,54,"O3, PM10",28-Jun-26
Jaipur,100,PM10,28-Jun-26
Jaisalmer,74,PM10,28-Jun-26
Jalandhar,96,PM10,28-Jun-26
Jalgaon,41,O3,28-Jun-26
Jalna,58,PM10,28-Jun-26
Jalore,74,PM10,28-Jun-26
Jhalawar,66,O3,28-Jun-26
Jhansi,33,PM10,28-Jun-26
Jhunjhunu,94,PM10,28-Jun-26
Jind,161,PM2.5,28-Jun-26
Jodhpur,71,PM10,28-Jun-26
Jorapokhar,79,PM10,28-Jun-26
Kadapa,56,PM10,28-Jun-26
Kaithal,134,PM10,28-Jun-26
Kalaburagi,43,CO,28-Jun-26
Kalyan,75,PM10,28-Jun-26
Kanpur,58,"PM10, CO",28-Jun-26
Karauli,61,PM10,28-Jun-26
Karnal,233,PM2.5,28-Jun-26
Katihar,86,CO,28-Jun-26
Katni,63,O3,28-Jun-26
Keonjhar,34,CO,28-Jun-26
Khairthal,83,PM10,28-Jun-26
Khanna,65,PM10,28-Jun-26
Khora,168,PM2.5,28-Jun-26
Khurja,85,PM10,28-Jun-26
Kohima,47,SO2,28-Jun-26
Kolhapur,26,PM10,28-Jun-26
Kolkata,46,"PM10, CO",28-Jun-26
Korba,74,PM10,28-Jun-26
Kota,58,PM10,28-Jun-26
Kunjemura,55,PM10,28-Jun-26
Kurukshetra,154,PM10,28-Jun-26
Latur,33,PM10,28-Jun-26
Lucknow,78,"PM2.5, PM10",28-Jun-26
Ludhiana,96,PM10,28-Jun-26
Machilipatnam,90,PM2.5,28-Jun-26
Madikeri,21,PM2.5,28-Jun-26
Mahad,48,O3,28-Jun-26
Maihar,57,NO2,28-Jun-26
Malegaon,83,PM10,28-Jun-26
Mandideep,67,PM10,28-Jun-26
Mandi Gobindgarh,50,PM10,28-Jun-26
Mandikhera,91,CO,28-Jun-26
Manesar,133,PM2.5,28-Jun-26
Mangalore,55,PM10,28-Jun-26
Mathura,96,PM10,28-Jun-26
Meerut,213,"PM2.5, PM10",28-Jun-26
Mehsana,67,CO,28-Jun-26
Mira-Bhayandar,33,PM10,28-Jun-26
Modinagar,285,PM2.5,28-Jun-26
Moradabad,121,"PM10, SO2",28-Jun-26
Mumbai,51,"PM2.5, PM10, CO",28-Jun-26
Munger,31,PM2.5,28-Jun-26
Muzaffarnagar,173,PM10,28-Jun-26
Muzaffarpur,69,"PM10, PM2.5",28-Jun-26
Mysuru,49,O3,28-Jun-26
Nagaon,66,PM2.5,28-Jun-26
Nagaur,65,PM10,28-Jun-26
Nagpur,47,PM10,28-Jun-26
Naharlagun,17,PM2.5,28-Jun-26
Nanded,48,O3,28-Jun-26
Nandesari,66,PM10,28-Jun-26
Narnaul,93,PM10,28-Jun-26
Nashik,51,"PM10, PM2.5",28-Jun-26
Navi Mumbai,64,"NO2, O3, PM10",28-Jun-26
Nellore,74,PM10,28-Jun-26
Noida,182,"PM10, O3",28-Jun-26
Pali,81,PM10,28-Jun-26
Palwal,100,PM10,28-Jun-26
Pampore,69,PM10,28-Jun-26
Panchgaon,58,PM2.5,28-Jun-26
Panipat,366,PM2.5,28-Jun-26
Parbhani,56,PM10,28-Jun-26
Patiala,113,PM10,28-Jun-26
Patna,83,PM10,28-Jun-26
Pimpri-Chinchwad,55,PM10,28-Jun-26
Pithampur,51,O3,28-Jun-26
Pratapgarh,63,O3,28-Jun-26
Prayagraj,51,"PM10, O3, SO2",28-Jun-26
Puducherry,70,O3,28-Jun-26
Pune,53,CO,28-Jun-26
Purnia,68,PM2.5,28-Jun-26
Raipur,38,"PM10, CO",28-Jun-26
Rairangpur,69,PM10,28-Jun-26
Rajamahendravaram,61,PM10,28-Jun-26
Rajgir,90,PM2.5,28-Jun-26
Rajkot,82,CO,28-Jun-26
Rajsamand,58,PM10,28-Jun-26
Ramanagara,48,PM10,28-Jun-26
Rishikesh,45,O3,28-Jun-26
Rohtak,117,PM10,28-Jun-26
Rourkela,71,PM10,28-Jun-26
Rupnagar,56,CO,28-Jun-26
Sagar,43,O3,28-Jun-26
Saharsa,87,PM2.5,28-Jun-26
Sangli,33,O3,28-Jun-26
Satara,42,O3,28-Jun-26
Satna,70,PM10,28-Jun-26
Sawai Madhopur,74,PM10,28-Jun-26
Shivamogga,54,O3,28-Jun-26
Sikar,111,PM10,28-Jun-26
Silchar,54,PM10,28-Jun-26
Siliguri,177,NO2,28-Jun-26
Singrauli,98,PM10,28-Jun-26
Sirohi,58,PM10,28-Jun-26
Sivasagar,39,O3,28-Jun-26
Solapur,45,PM10,28-Jun-26
Sonipat,209,PM2.5,28-Jun-26
Sri Ganganagar,88,PM10,28-Jun-26
Srinagar,58,PM10,28-Jun-26
Suakati,99,O3,28-Jun-26
Surat,62,PM10,28-Jun-26
Talcher,108,CO,28-Jun-26
Tensa,43,PM10,28-Jun-26
Thane,52,PM10,28-Jun-26
Thiruvananthapuram,25,PM10,28-Jun-26
Thoothukudi,65,PM10,28-Jun-26
Thrissur,61,PM10,28-Jun-26
Tirumala,43,NO2,28-Jun-26
Tirupati,68,PM10,28-Jun-26
Tonk,88,PM10,28-Jun-26
Tumidih,53,PM10,28-Jun-26
Udaipur,99,PM10,28-Jun-26
Ujjain,53,O3,28-Jun-26
Ulhasnagar,24,PM10,28-Jun-26
Vadodara,90,CO,28-Jun-26
Vapi,92,PM10,28-Jun-26
Varanasi,60,PM10,28-Jun-26
Vatva,129,PM2.5,28-Jun-26
Vijayapura,39,PM10,28-Jun-26
Vijayawada,67,PM10,28-Jun-26
Visakhapatnam,120,PM10,28-Jun-26
Vrindavan,62,PM10,28-Jun-26
Yadgir,28,PM10,28-Jun-26
Yamuna Nagar,84,PM10,28-Jun-26
Agartala,100,PM10,27-Jun-26
Agra,95,"PM2.5, PM10",27-Jun-26
Ahmedabad,80,PM10,27-Jun-26
Ahmednagar,39,PM10,27-Jun-26
Aizawl,27,PM10,27-Jun-26
Ajmer,79,PM10,27-Jun-26
Akola,38,PM10,27-Jun-26
Alwar,84,PM10,27-Jun-26
Amaravati,75,PM10,27-Jun-26
Ambala,123,PM10,27-Jun-26
Ambernath,25,O3,27-Jun-26
Amravati,36,PM10,27-Jun-26
Amritsar,98,PM10,27-Jun-26
Anantapur,77,PM10,27-Jun-26
Angul,91,PM10,27-Jun-26
Ankleshwar,70,PM10,27-Jun-26
Araria,89,PM2.5,27-Jun-26
Arrah,64,PM10,27-Jun-26
Asansol,46,"SO2, O3, PM10",27-Jun-26
Aurangabad (Maharashtra),63,"PM10, CO",27-Jun-26
Baddi,94,PM10,27-Jun-26
Badlapur,86,PM10,27-Jun-26
Bagalkot,51,PM10,27-Jun-26
Baghpat,159,PM10,27-Jun-26
Bahadurgarh,162,PM2.5,27-Jun-26
Balasore,55,PM10,27-Jun-26
Ballabgarh,161,PM10,27-Jun-26
Banswara,89,PM10,27-Jun-26
Baran,100,O3,27-Jun-26
Barbil,87,PM10,27-Jun-26
Bareilly,67,PM10,27-Jun-26
Baripada,61,PM10,27-Jun-26
Barmer,82,PM10,27-Jun-26
Barrackpore,35,PM10,27-Jun-26
Bathinda,78,CO,27-Jun-26
Beed,102,PM10,27-Jun-26
Begusarai,73,PM10,27-Jun-26
Belapur,49,PM10,27-Jun-26
Bengaluru,68,PM10,27-Jun-26
Bhagalpur,95,PM10,27-Jun-26
Bharatpur,79,O3,27-Jun-26
Bhavnagar,78,CO,27-Jun-26
Bhilai,44,"PM10, O3",27-Jun-26
Bhilwara,98,PM10,27-Jun-26
Bhiwadi,115,PM10,27-Jun-26
Bhiwandi,63,PM10,27-Jun-26
Bhiwani,166,PM2.5,27-Jun-26
Bhopal,51,"O3, PM10",27-Jun-26
Bhubaneswar,61,"CO, PM10",27-Jun-26
Bihar Sharif,53,CO,27-Jun-26
Bikaner,99,PM10,27-Jun-26
Bilaspur,60,PM10,27-Jun-26
Bileipada,100,PM10,27-Jun-26
Boisar,52,PM10,27-Jun-26
Brajrajnagar,54,PM10,27-Jun-26
Bulandshahr,171,PM10,27-Jun-26
Bundi,52,PM10,27-Jun-26
Buxar,106,O3,27-Jun-26
Byasanagar,69,O3,27-Jun-26
Byrnihat (Assam),106,PM2.5,27-Jun-26
Byrnihat (Meghalaya),122,PM2.5,27-Jun-26
Chamarajanagar,45,PM10,27-Jun-26
Chandigarh,59,"CO, NO2",27-Jun-26
Chandrapur,52,"PM10, O3",27-Jun-26
Charkhi Dadri,121,PM2.5,27-Jun-26
Chennai,102,PM10,27-Jun-26
Chhapra,108,PM10,27-Jun-26
Chikkaballapur,51,PM10,27-Jun-26
Chittoor,63,PM10,27-Jun-26
Chittorgarh,68,PM10,27-Jun-26
Churu,86,PM10,27-Jun-26
Cuttack,83,O3,27-Jun-26
Damoh,55,PM10,27-Jun-26
Dausa,79,PM10,27-Jun-26
Dehradun,93,PM10,27-Jun-26
Delhi,130,"O3, PM10, PM2.5",27-Jun-26
Dewas,95,NO2,27-Jun-26
Dhanbad,192,PM10,27-Jun-26
Dharuhera,85,PM2.5,27-Jun-26
Dharwad,78,PM10,27-Jun-26
Dholpur,54,PM10,27-Jun-26
Dhule,71,PM10,27-Jun-26
Dombivli,54,O3,27-Jun-26
Dungarpur,58,PM10,27-Jun-26
Durgapur,94,"CO, PM10",27-Jun-26
Eluru,50,PM10,27-Jun-26
Faridabad,181,"PM2.5, PM10",27-Jun-26
Firozabad,46,PM10,27-Jun-26
Gadag,26,PM2.5,27-Jun-26
Gandhinagar,87,PM10,27-Jun-26
Gangtok,35,PM2.5,27-Jun-26
Gaya,74,"PM10, O3",27-Jun-26
Ghaziabad,153,PM10,27-Jun-26
Gorakhpur,79,PM10,27-Jun-26
Greater Noida,204,PM10,27-Jun-26
Gummidipoondi,83,PM10,27-Jun-26
Guntur,77,PM2.5,27-Jun-26
Gurugram,140,"PM2.5, PM10",27-Jun-26
Guwahati,80,PM2.5,27-Jun-26
Gwalior,84,"PM10, O3",27-Jun-26
Hajipur,121,PM2.5,27-Jun-26
Haldia,36,PM10,27-Jun-26
Hanumangarh,87,PM10,27-Jun-26
Hingoli,39,O3,27-Jun-26
Hisar,117,PM10,27-Jun-26
Howrah,50,"PM10, NO2, O3",27-Jun-26
Hubballi,53,PM10,27-Jun-26
Hyderabad,58,PM10,27-Jun-26
Indore,67,"CO, PM10, NO2",27-Jun-26
Jabalpur,59,"O3, PM10",27-Jun-26
Jaipur,101,"PM10, O3",27-Jun-26
Jaisalmer,62,PM10,27-Jun-26
Jalandhar,86,PM10,27-Jun-26
Jalgaon,43,PM10,27-Jun-26
Jalna,63,PM10,27-Jun-26
Jalore,78,PM10,27-Jun-26
Jhalawar,81,O3,27-Jun-26
Jhansi,41,PM10,27-Jun-26
Jhunjhunu,72,PM10,27-Jun-26
Jind,158,PM2.5,27-Jun-26
Jodhpur,67,PM10,27-Jun-26
Jorapokhar,72,PM10,27-Jun-26
Kaithal,112,PM10,27-Jun-26
Kalaburagi,37,CO,27-Jun-26
Kalyan,78,PM10,27-Jun-26
Kanpur,67,"PM10, CO",27-Jun-26
Karauli,80,O3,27-Jun-26
Karnal,163,PM2.5,27-Jun-26
Kashipur,105,PM2.5,27-Jun-26
Katihar,78,CO,27-Jun-26
Katni,71,O3,27-Jun-26
Keonjhar,34,CO,27-Jun-26
Khairthal,72,PM10,27-Jun-26
Khanna,75,PM10,27-Jun-26
Khora,163,O3,27-Jun-26
Khurja,89,PM10,27-Jun-26
Kohima,47,SO2,27-Jun-26
Kolhapur,33,PM10,27-Jun-26
Kolkata,44,"PM10, CO",27-Jun-26
Kollam,52,PM10,27-Jun-26
Korba,41,PM10,27-Jun-26
Kota,65,PM10,27-Jun-26
Kunjemura,48,CO,27-Jun-26
Kurukshetra,148,PM10,27-Jun-26
Latur,38,PM10,27-Jun-26
Lucknow,85,"PM2.5, PM10, O3",27-Jun-26
Ludhiana,96,PM10,27-Jun-26
Machilipatnam,78,PM10,27-Jun-26
Madikeri,26,PM2.5,27-Jun-26
Mahad,58,PM10,27-Jun-26
Maihar,61,NO2,27-Jun-26
Malegaon,83,PM10,27-Jun-26
Mandideep,83,PM10,27-Jun-26
Mandi Gobindgarh,63,PM10,27-Jun-26
Mandikhera,101,CO,27-Jun-26
Manesar,102,PM2.5,27-Jun-26
Mangalore,61,PM10,27-Jun-26
Mathura,106,PM10,27-Jun-26
Meerut,193,"PM2.5, PM10",27-Jun-26
Mehsana,67,CO,27-Jun-26
Mira-Bhayandar,32,PM10,27-Jun-26
Modinagar,261,PM2.5,27-Jun-26
Moradabad,116,PM10,27-Jun-26
Mumbai,51,PM10,27-Jun-26
Munger,51,PM2.5,27-Jun-26
Muzaffarnagar,130,PM10,27-Jun-26
Muzaffarpur,71,"PM10, PM2.5",27-Jun-26
Mysuru,77,O3,27-Jun-26
Nagaon,66,PM2.5,27-Jun-26
Nagaur,42,PM10,27-Jun-26
Nagpur,47,PM10,27-Jun-26
Naharlagun,53,PM10,27-Jun-26
Nanded,42,PM2.5,27-Jun-26
Narnaul,88,PM10,27-Jun-26
Nashik,52,PM10,27-Jun-26
Navi Mumbai,64,"NO2, PM10",27-Jun-26
Nellore,54,PM2.5,27-Jun-26
Noida,161,"O3, PM10",27-Jun-26
Pali,114,PM10,27-Jun-26
Palwal,80,PM10,27-Jun-26
Pampore,38,PM10,27-Jun-26
Panchgaon,55,CO,27-Jun-26
Panipat,207,PM10,27-Jun-26
Parbhani,62,PM10,27-Jun-26
Patna,85,PM10,27-Jun-26
Pimpri-Chinchwad,53,PM10,27-Jun-26
Pithampur,78,PM2.5,27-Jun-26
Pratapgarh,56,PM10,27-Jun-26
Prayagraj,51,"PM10, O3, SO2",27-Jun-26
Puducherry,54,O3,27-Jun-26
Pune,52,"CO, PM10",27-Jun-26
Purnia,67,PM2.5,27-Jun-26
Raipur,35,"PM2.5, PM10",27-Jun-26
Rairangpur,65,PM10,27-Jun-26
Rajamahendravaram,46,PM10,27-Jun-26
Rajgir,81,PM2.5,27-Jun-26
Rajkot,82,CO,27-Jun-26
Rajsamand,85,PM10,27-Jun-26
Ramanagara,40,PM10,27-Jun-26
Ratlam,69,PM10,27-Jun-26
Rishikesh,45,O3,27-Jun-26
Rourkela,72,PM2.5,27-Jun-26
Rupnagar,89,PM2.5,27-Jun-26
Sagar,114,PM2.5,27-Jun-26
Saharsa,169,PM10,27-Jun-26
Samastipur,81,PM2.5,27-Jun-26
Sangli,35,O3,27-Jun-26
Satara,48,O3,27-Jun-26
Satna,70,PM10,27-Jun-26
Sawai Madhopur,74,PM10,27-Jun-26
Shivamogga,51,O3,27-Jun-26
Sikar,89,PM10,27-Jun-26
Silchar,61,PM10,27-Jun-26
Siliguri,180,NO2,27-Jun-26
Singrauli,106,PM10,27-Jun-26
Sirohi,64,PM10,27-Jun-26
Sirsa,110,PM10,27-Jun-26
Sivasagar,56,O3,27-Jun-26
Solapur,61,"O3, PM10",27-Jun-26
Sonipat,100,PM2.5,27-Jun-26
Sri Ganganagar,82,PM10,27-Jun-26
Srinagar,46,PM10,27-Jun-26
Suakati,150,O3,27-Jun-26
Surat,61,PM10,27-Jun-26
Talcher,108,CO,27-Jun-26
Tensa,39,PM10,27-Jun-26
Thane,63,PM10,27-Jun-26
Thiruvananthapuram,39,PM10,27-Jun-26
Thoothukudi,60,PM10,27-Jun-26
Thrissur,59,PM10,27-Jun-26
Tirumala,55,NO2,27-Jun-26
Tirupati,67,PM10,27-Jun-26
Tonk,70,O3,27-Jun-26
Udaipur,92,PM10,27-Jun-26
Ujjain,62,O3,27-Jun-26
Ulhasnagar,47,"PM10, O3",27-Jun-26
Vadodara,90,CO,27-Jun-26
Vapi,88,PM10,27-Jun-26
Varanasi,63,"PM2.5, PM10",27-Jun-26
Vatva,123,PM2.5,27-Jun-26
Vijayapura,39,PM10,27-Jun-26
Vijayawada,69,"PM10, PM2.5",27-Jun-26
Virar,78,PM10,27-Jun-26
Vrindavan,71,PM10,27-Jun-26
Yadgir,41,PM10,27-Jun-26
Yamuna Nagar,87,PM2.5,27-Jun-26
Agartala,108,PM10,26-Jun-26
Agra,98,"PM2.5, PM10",26-Jun-26
Ahmedabad,85,"PM10, SO2",26-Jun-26
Ahmednagar,37,PM10,26-Jun-26
Aizawl,18,PM10,26-Jun-26
Ajmer,105,PM10,26-Jun-26
Akola,60,PM10,26-Jun-26
Alwar,84,NO2,26-Jun-26
Amaravati,103,PM10,26-Jun-26
Ambala,128,PM10,26-Jun-26
Ambernath,19,NO2,26-Jun-26
Amravati,42,PM10,26-Jun-26
Amritsar,82,PM10,26-Jun-26
Anantapur,91,PM2.5,26-Jun-26
Angul,143,PM10,26-Jun-26
Ankleshwar,75,PM10,26-Jun-26
Araria,87,PM10,26-Jun-26
Arrah,178,PM10,26-Jun-26
Asansol,47,"SO2, O3",26-Jun-26
Aurangabad (Bihar),102,CO,26-Jun-26
Aurangabad (Maharashtra),71,PM10,26-Jun-26
Baddi,137,PM10,26-Jun-26
Badlapur,61,PM10,26-Jun-26
Baghpat,156,PM10,26-Jun-26
Bahadurgarh,169,PM2.5,26-Jun-26
Balasore,35,CO,26-Jun-26
Ballabgarh,175,PM10,26-Jun-26
Banswara,96,PM10,26-Jun-26
Baran,109,O3,26-Jun-26
Barbil,69,PM10,26-Jun-26
Bareilly,57,PM10,26-Jun-26
Baripada,55,PM10,26-Jun-26
Barmer,90,PM10,26-Jun-26
Barrackpore,36,PM10,26-Jun-26
Bathinda,79,PM10,26-Jun-26
Beed,108,PM10,26-Jun-26
Begusarai,100,PM10,26-Jun-26
Bengaluru,63,PM10,26-Jun-26
Bhagalpur,73,PM10,26-Jun-26
Bharatpur,70,O3,26-Jun-26
Bhavnagar,99,PM10,26-Jun-26
Bhilai,34,"PM10, O3, CO",26-Jun-26
Bhilwara,86,PM10,26-Jun-26
Bhiwadi,110,PM10,26-Jun-26
Bhiwandi,61,PM10,26-Jun-26
Bhiwani,199,PM2.5,26-Jun-26
Bhopal,54,PM10,26-Jun-26
Bhubaneswar,88,"CO, O3",26-Jun-26
Bihar Sharif,56,CO,26-Jun-26
Bikaner,165,PM10,26-Jun-26
Bilaspur,43,PM10,26-Jun-26
Bileipada,87,PM10,26-Jun-26
Brajrajnagar,49,O3,26-Jun-26
Bulandshahr,160,PM10,26-Jun-26
Bundi,51,PM10,26-Jun-26
Buxar,114,O3,26-Jun-26
Byasanagar,70,O3,26-Jun-26
Byrnihat (Assam),123,PM2.5,26-Jun-26
Byrnihat (Meghalaya),120,PM2.5,26-Jun-26
Chamarajanagar,45,PM10,26-Jun-26
Chandigarh,64,"O3, PM10",26-Jun-26
Chandrapur,50,PM10,26-Jun-26
Chennai,62,"PM10, O3",26-Jun-26
Chhal,52,PM10,26-Jun-26
Chhapra,107,PM10,26-Jun-26
Chikkaballapur,53,PM10,26-Jun-26
Chikkamagaluru,33,PM10,26-Jun-26
Chittoor,71,PM2.5,26-Jun-26
Chittorgarh,64,O3,26-Jun-26
Churu,93,PM10,26-Jun-26
Coimbatore,32,PM2.5,26-Jun-26
Cuttack,111,O3,26-Jun-26
Damoh,50,SO2,26-Jun-26
Dausa,75,PM10,26-Jun-26
Dehradun,109,PM10,26-Jun-26
Delhi,127,"O3, PM10, PM2.5",26-Jun-26
Dewas,101,NO2,26-Jun-26
Dhanbad,148,PM10,26-Jun-26
Dharwad,75,PM10,26-Jun-26
Dholpur,55,PM10,26-Jun-26
Dhule,108,PM10,26-Jun-26
Dombivli,36,O3,26-Jun-26
Dungarpur,78,PM10,26-Jun-26
Durgapur,68,"CO, PM10, NO2",26-Jun-26
Eluru,50,PM10,26-Jun-26
Faridabad,178,"PM2.5, PM10",26-Jun-26
Firozabad,46,PM10,26-Jun-26
Gadag,31,PM2.5,26-Jun-26
Gandhinagar,88,PM10,26-Jun-26
Gangtok,32,PM2.5,26-Jun-26
Gaya,95,"PM2.5, O3, PM10",26-Jun-26
Ghaziabad,166,"PM10, PM2.5",26-Jun-26
Gorakhpur,65,PM10,26-Jun-26
Greater Noida,193,PM10,26-Jun-26
Gummidipoondi,82,PM10,26-Jun-26
Guntur,63,PM10,26-Jun-26
Gurugram,175,"PM2.5, PM10",26-Jun-26
Guwahati,77,"PM2.5, SO2",26-Jun-26
Gwalior,83,"CO, O3, PM10",26-Jun-26
Hajipur,112,O3,26-Jun-26
Haldia,40,PM10,26-Jun-26
Hanumangarh,74,PM10,26-Jun-26
Hingoli,35,O3,26-Jun-26
Hisar,94,CO,26-Jun-26
Howrah,52,"NO2, PM10, O3",26-Jun-26
Hubballi,51,PM10,26-Jun-26
Hyderabad,51,PM10,26-Jun-26
Indore,64,"CO, PM10, NO2",26-Jun-26
Jabalpur,51,"CO, O3, PM10",26-Jun-26
Jaipur,98,"PM10, O3",26-Jun-26
Jaisalmer,78,PM10,26-Jun-26
Jalandhar,66,PM10,26-Jun-26
Jalgaon,57,PM10,26-Jun-26
Jalna,109,PM10,26-Jun-26
Jalore,82,PM10,26-Jun-26
Jhalawar,63,O3,26-Jun-26
Jhansi,41,PM10,26-Jun-26
Jhunjhunu,65,PM10,26-Jun-26
Jind,125,PM2.5,26-Jun-26
Jodhpur,76,PM10,26-Jun-26
Jorapokhar,72,PM10,26-Jun-26
Kadapa,55,PM10,26-Jun-26
Kaithal,125,PM2.5,26-Jun-26
Kalaburagi,29,CO,26-Jun-26
Kalyan,80,PM10,26-Jun-26
Kannur,52,PM10,26-Jun-26
Kanpur,94,"PM10, PM2.5",26-Jun-26
Karnal,180,PM2.5,26-Jun-26
Kashipur,81,PM2.5,26-Jun-26
Katni,69,O3,26-Jun-26
Keonjhar,35,CO,26-Jun-26
Khairthal,63,PM10,26-Jun-26
Khanna,84,PM10,26-Jun-26
Khora,171,O3,26-Jun-26
Khurja,94,PM10,26-Jun-26
Kishanganj,107,PM2.5,26-Jun-26
Kohima,49,SO2,26-Jun-26
Kolhapur,25,O3,26-Jun-26
Kolkata,47,"PM10, CO",26-Jun-26
Kollam,44,PM10,26-Jun-26
Koppal,44,CO,26-Jun-26
Korba,40,PM10,26-Jun-26
Kota,65,PM10,26-Jun-26
Kunjemura,53,PM10,26-Jun-26
Latur,25,PM10,26-Jun-26
Lucknow,104,"PM2.5, O3, PM10",26-Jun-26
Ludhiana,99,PM10,26-Jun-26
Machilipatnam,60,PM2.5,26-Jun-26
Madikeri,29,PM2.5,26-Jun-26
Maihar,66,NO2,26-Jun-26
Malegaon,84,PM10,26-Jun-26
Mandideep,105,PM10,26-Jun-26
Mandikhera,97,CO,26-Jun-26
Manesar,96,PM2.5,26-Jun-26
Mangalore,67,PM10,26-Jun-26
Mathura,81,PM10,26-Jun-26
Meerut,195,"PM2.5, PM10",26-Jun-26
Mehsana,66,CO,26-Jun-26
Milupara,57,PM10,26-Jun-26
Mira-Bhayandar,36,PM10,26-Jun-26
Modinagar,259,PM2.5,26-Jun-26
Moradabad,116,PM10,26-Jun-26
Motihari,54,PM10,26-Jun-26
Mumbai,58,"O3, PM10",26-Jun-26
Munger,65,PM2.5,26-Jun-26
Muzaffarnagar,203,PM10,26-Jun-26
Muzaffarpur,71,"PM10, PM2.5",26-Jun-26
Mysuru,80,O3,26-Jun-26
Nagaur,66,PM10,26-Jun-26
Nagpur,39,"O3, PM10",26-Jun-26
Naharlagun,52,PM10,26-Jun-26
Nanded,28,PM2.5,26-Jun-26
Narnaul,124,PM2.5,26-Jun-26
Nashik,56,PM10,26-Jun-26
Navi Mumbai,62,PM10,26-Jun-26
Nellore,81,PM10,26-Jun-26
Noida,157,"O3, PM10",26-Jun-26
Pali,123,PM10,26-Jun-26
Palwal,104,PM2.5,26-Jun-26
Pampore,67,PM10,26-Jun-26
Panchgaon,80,O3,26-Jun-26
Panchkula,103,PM2.5,26-Jun-26
Panipat,233,PM10,26-Jun-26
Parbhani,45,PM10,26-Jun-26
Patiala,117,PM10,26-Jun-26
Patna,73,PM10,26-Jun-26
Pimpri-Chinchwad,59,PM10,26-Jun-26
Pithampur,51,PM10,26-Jun-26
Pratapgarh,71,PM10,26-Jun-26
Prayagraj,48,"PM10, O3, SO2",26-Jun-26
Puducherry,34,PM10,26-Jun-26
Pune,55,"CO, PM10",26-Jun-26
Raipur,42,PM10,26-Jun-26
Rajamahendravaram,52,PM10,26-Jun-26
Rajgir,62,PM2.5,26-Jun-26
Rajkot,81,CO,26-Jun-26
Rajsamand,54,O3,26-Jun-26
Ramanagara,46,PM10,26-Jun-26
Ratlam,73,PM10,26-Jun-26
Rishikesh,45,O3,26-Jun-26
Rohtak,102,PM10,26-Jun-26
Rourkela,78,"PM2.5, PM10",26-Jun-26
Rupnagar,67,PM2.5,26-Jun-26
Sagar,80,PM2.5,26-Jun-26
Saharsa,101,PM2.5,26-Jun-26
Samastipur,64,PM2.5,26-Jun-26
Sangli,35,O3,26-Jun-26
Satara,45,O3,26-Jun-26
Satna,70,PM10,26-Jun-26
Sawai Madhopur,96,O3,26-Jun-26
Shivamogga,50,O3,26-Jun-26
Sikar,83,PM10,26-Jun-26
Silchar,58,PM10,26-Jun-26
Siliguri,174,NO2,26-Jun-26
Singrauli,124,PM10,26-Jun-26
Sirohi,82,PM10,26-Jun-26
Sirsa,81,PM10,26-Jun-26
Sivasagar,67,O3,26-Jun-26
Solapur,45,PM10,26-Jun-26
Sri Ganganagar,82,PM10,26-Jun-26
Srinagar,57,PM10,26-Jun-26
Suakati,79,O3,26-Jun-26
Surat,62,PM10,26-Jun-26
Talcher,135,PM2.5,26-Jun-26
Tensa,55,SO2,26-Jun-26
Thane,65,PM10,26-Jun-26
Thiruvananthapuram,37,PM10,26-Jun-26
Thoothukudi,53,PM10,26-Jun-26
Thrissur,59,PM10,26-Jun-26
Tirumala,41,NO2,26-Jun-26
Tirupati,67,PM10,26-Jun-26
Tonk,59,O3,26-Jun-26
Tumidih,69,NO2,26-Jun-26
Udaipur,103,PM10,26-Jun-26
Ujjain,65,O3,26-Jun-26
Ulhasnagar,47,"PM10, O3",26-Jun-26
Vadodara,88,CO,26-Jun-26
Vapi,100,PM2.5,26-Jun-26
Varanasi,65,PM10,26-Jun-26
Vatva,113,PM10,26-Jun-26
Vijayapura,39,PM10,26-Jun-26
Vijayawada,60,PM10,26-Jun-26
Virar,79,PM10,26-Jun-26
Visakhapatnam,124,PM10,26-Jun-26
Vrindavan,59,PM10,26-Jun-26
Yadgir,29,PM10,26-Jun-26
Yamuna Nagar,154,PM2.5,26-Jun-26
Agartala,123,PM10,25-Jun-26
Agra,114,"PM10, PM2.5",25-Jun-26
Ahmedabad,84,PM10,25-Jun-26
Ahmednagar,28,O3,25-Jun-26
Aizawl,21,PM10,25-Jun-26
Ajmer,60,PM2.5,25-Jun-26
Akola,53,PM10,25-Jun-26
Alwar,94,O3,25-Jun-26
Amaravati,71,PM10,25-Jun-26
Ambala,114,PM10,25-Jun-26
Ambernath,26,NO2,25-Jun-26
Amravati,35,"CO, PM10",25-Jun-26
Amritsar,97,PM10,25-Jun-26
Angul,137,O3,25-Jun-26
Ankleshwar,77,PM10,25-Jun-26
Araria,74,PM10,25-Jun-26
Arrah,52,CO,25-Jun-26
Asansol,60,"SO2, PM2.5, PM10",25-Jun-26
Aurangabad (Bihar),102,CO,25-Jun-26
Aurangabad (Maharashtra),54,"PM10, PM2.5",25-Jun-26
Baddi,110,PM10,25-Jun-26
Badlapur,62,PM10,25-Jun-26
Bagalkot,51,PM10,25-Jun-26
Baghpat,180,PM10,25-Jun-26
Bahadurgarh,263,PM2.5,25-Jun-26
Balasore,65,PM10,25-Jun-26
Ballabgarh,159,PM10,25-Jun-26
Banswara,99,PM10,25-Jun-26
Baran,71,PM10,25-Jun-26
Barbil,67,O3,25-Jun-26
Bareilly,48,PM10,25-Jun-26
Baripada,85,O3,25-Jun-26
Barmer,134,PM10,25-Jun-26
Barrackpore,60,PM10,25-Jun-26
Bathinda,78,CO,25-Jun-26
Beed,59,PM10,25-Jun-26
Begusarai,72,PM2.5,25-Jun-26
Belapur,55,PM10,25-Jun-26
Bengaluru,58,PM10,25-Jun-26
Bhagalpur,75,PM10,25-Jun-26
Bharatpur,83,O3,25-Jun-26
Bhavnagar,101,PM10,25-Jun-26
Bhilai,32,"PM10, O3",25-Jun-26
Bhilwara,80,PM10,25-Jun-26
Bhiwadi,146,"PM10, PM2.5",25-Jun-26
Bhiwandi,55,O3,25-Jun-26
Bhiwani,202,PM2.5,25-Jun-26
Bhopal,45,"O3, PM10",25-Jun-26
Bhubaneswar,75,"CO, O3",25-Jun-26
Bihar Sharif,49,CO,25-Jun-26
Bikaner,108,PM10,25-Jun-26
Bilaspur,34,CO,25-Jun-26
Boisar,40,PM10,25-Jun-26
Brajrajnagar,52,PM10,25-Jun-26
Bulandshahr,142,PM10,25-Jun-26
Bundi,48,PM10,25-Jun-26
Buxar,82,O3,25-Jun-26
Byasanagar,84,O3,25-Jun-26
Byrnihat (Assam),132,PM2.5,25-Jun-26
Chamarajanagar,45,PM10,25-Jun-26
Chandigarh,57,"CO, NO2",25-Jun-26
Chandrapur,40,"PM10, CO",25-Jun-26
Chennai,69,"PM10, PM2.5",25-Jun-26
Chhal,37,PM10,25-Jun-26
Chhapra,113,PM10,25-Jun-26
Chikkaballapur,53,PM10,25-Jun-26
Chikkamagaluru,38,PM10,25-Jun-26
Chittorgarh,73,PM10,25-Jun-26
Churu,90,PM10,25-Jun-26
Coimbatore,37,PM2.5,25-Jun-26
Cuddalore,68,PM10,25-Jun-26
Cuttack,74,O3,25-Jun-26
Damoh,51,SO2,25-Jun-26
Dausa,113,PM10,25-Jun-26
Dehradun,90,PM10,25-Jun-26
Delhi,130,"O3, PM10",25-Jun-26
Dewas,89,NO2,25-Jun-26
Dhanbad,119,PM10,25-Jun-26
Dharuhera,129,PM2.5,25-Jun-26
Dharwad,72,PM10,25-Jun-26
Dholpur,64,PM10,25-Jun-26
Dhule,81,PM10,25-Jun-26
Dombivli,38,O3,25-Jun-26
Dungarpur,78,PM10,25-Jun-26
Durgapur,68,"CO, NO2, PM10",25-Jun-26
Eluru,48,PM10,25-Jun-26
Faridabad,170,"PM2.5, PM10",25-Jun-26
Firozabad,47,PM10,25-Jun-26
Gadag,33,PM2.5,25-Jun-26
Gandhinagar,86,PM10,25-Jun-26
Gangtok,33,PM2.5,25-Jun-26
Gaya,68,"PM10, PM2.5",25-Jun-26
Ghaziabad,177,PM10,25-Jun-26
Gorakhpur,96,PM2.5,25-Jun-26
Greater Noida,196,PM10,25-Jun-26
Gummidipoondi,82,PM10,25-Jun-26
Guntur,58,PM10,25-Jun-26
Gurugram,199,"PM2.5, PM10",25-Jun-26
Guwahati,54,"PM10, PM2.5, SO2",25-Jun-26
Gwalior,81,"O3, PM10",25-Jun-26
Hajipur,122,PM2.5,25-Jun-26
Haldia,68,PM10,25-Jun-26
Hanumangarh,50,O3,25-Jun-26
Hisar,54,PM10,25-Jun-26
Howrah,84,PM10,25-Jun-26
Hubballi,47,PM10,25-Jun-26
Hyderabad,53,PM10,25-Jun-26
Indore,75,"NO2, CO",25-Jun-26
Jabalpur,63,O3,25-Jun-26
Jaipur,96,PM10,25-Jun-26
Jaisalmer,101,PM10,25-Jun-26
Jalandhar,46,PM10,25-Jun-26
Jalore,88,PM10,25-Jun-26
Jhalawar,73,O3,25-Jun-26
Jhansi,43,PM10,25-Jun-26
Jhunjhunu,96,PM10,25-Jun-26
Jind,194,PM2.5,25-Jun-26
Jodhpur,94,PM10,25-Jun-26
Jorapokhar,77,PM10,25-Jun-26
Kaithal,134,PM2.5,25-Jun-26
Kalyan,79,PM10,25-Jun-26
Kanpur,66,"PM10, CO",25-Jun-26
Karnal,154,PM2.5,25-Jun-26
Kashipur,97,PM2.5,25-Jun-26
Katni,75,O3,25-Jun-26
Keonjhar,33,CO,25-Jun-26
Khairthal,78,PM10,25-Jun-26
Khanna,87,PM10,25-Jun-26
Khora,160,O3,25-Jun-26
Khurja,93,PM10,25-Jun-26
Kishanganj,96,PM2.5,25-Jun-26
Kohima,47,SO2,25-Jun-26
Kolhapur,39,PM10,25-Jun-26
Kolkata,69,"PM2.5, PM10",25-Jun-26
Kollam,41,PM10,25-Jun-26
Korba,22,NO2,25-Jun-26
Kota,69,PM10,25-Jun-26
Kunjemura,54,PM10,25-Jun-26
Latur,29,PM10,25-Jun-26
Lucknow,91,"PM10, O3",25-Jun-26
Ludhiana,83,PM10,25-Jun-26
Machilipatnam,106,PM2.5,25-Jun-26
Madikeri,23,PM2.5,25-Jun-26
Mahad,53,PM10,25-Jun-26
Maihar,57,NO2,25-Jun-26
Malegaon,79,PM10,25-Jun-26
Mandideep,88,PM10,25-Jun-26
Mandi Gobindgarh,72,PM10,25-Jun-26
Mandikhera,98,CO,25-Jun-26
Manesar,135,PM2.5,25-Jun-26
Mangalore,59,PM10,25-Jun-26
Mathura,94,PM10,25-Jun-26
Meerut,184,"PM2.5, PM10",25-Jun-26
Mehsana,67,CO,25-Jun-26
Milupara,53,PM10,25-Jun-26
Modinagar,247,PM2.5,25-Jun-26
Moradabad,124,PM10,25-Jun-26
Mumbai,47,"O3, CO, PM10",25-Jun-26
Munger,69,PM2.5,25-Jun-26
Muzaffarnagar,230,PM10,25-Jun-26
Muzaffarpur,96,"PM10, PM2.5, O3",25-Jun-26
Mysuru,43,PM10,25-Jun-26
Nagaon,176,NO2,25-Jun-26
Nagaur,59,PM10,25-Jun-26
Nagpur,30,"PM10, PM2.5",25-Jun-26
Naharlagun,42,PM10,25-Jun-26
Nalbari,57,PM2.5,25-Jun-26
Nanded,36,O3,25-Jun-26
Nandesari,75,PM10,25-Jun-26
Narnaul,150,PM2.5,25-Jun-26
Nashik,48,PM10,25-Jun-26
Navi Mumbai,66,"PM10, O3",25-Jun-26
Nellore,81,PM10,25-Jun-26
Noida,152,"O3, PM10",25-Jun-26
Pali,125,PM10,25-Jun-26
Palwal,79,PM10,25-Jun-26
Pampore,49,PM10,25-Jun-26
Panchgaon,67,CO,25-Jun-26
Panchkula,75,PM2.5,25-Jun-26
Panipat,141,PM2.5,25-Jun-26
Parbhani,59,PM10,25-Jun-26
Patiala,81,PM10,25-Jun-26
Patna,88,PM10,25-Jun-26
Pimpri-Chinchwad,63,PM10,25-Jun-26
Pithampur,59,O3,25-Jun-26
Pratapgarh,71,PM10,25-Jun-26
Prayagraj,48,"PM10, SO2",25-Jun-26
Puducherry,44,O3,25-Jun-26
Pune,57,"CO, PM10",25-Jun-26
Purnia,68,PM2.5,25-Jun-26
Raebareli,74,O3,25-Jun-26
Raipur,27,"PM10, CO",25-Jun-26
Rairangpur,72,PM10,25-Jun-26
Rajamahendravaram,35,PM10,25-Jun-26
Rajgir,51,PM2.5,25-Jun-26
Rajkot,81,CO,25-Jun-26
Rajsamand,73,PM10,25-Jun-26
Ramanagara,33,PM10,25-Jun-26
Ratlam,68,PM10,25-Jun-26
Rishikesh,45,O3,25-Jun-26
Rohtak,76,PM10,25-Jun-26
Rourkela,65,PM10,25-Jun-26
Rupnagar,56,CO,25-Jun-26
Sagar,57,O3,25-Jun-26
Saharsa,78,PM10,25-Jun-26
Samastipur,178,PM2.5,25-Jun-26
Sangli,34,O3,25-Jun-26
Satara,45,O3,25-Jun-26
Satna,70,PM10,25-Jun-26
Sawai Madhopur,88,PM10,25-Jun-26
Shivamogga,45,PM10,25-Jun-26
Sikar,104,PM10,25-Jun-26
Silchar,59,PM10,25-Jun-26
Siliguri,170,NO2,25-Jun-26
Sirohi,80,PM10,25-Jun-26
Sirsa,83,CO,25-Jun-26
Sivasagar,61,O3,25-Jun-26
Solapur,65,PM10,25-Jun-26
Sri Ganganagar,60,O3,25-Jun-26
Srinagar,49,PM10,25-Jun-26
Suakati,57,O3,25-Jun-26
Surat,61,PM10,25-Jun-26
Talcher,173,PM2.5,25-Jun-26
Tensa,60,SO2,25-Jun-26
Thane,64,PM10,25-Jun-26
Thiruvananthapuram,38,PM10,25-Jun-26
Thoothukudi,39,PM10,25-Jun-26
Thrissur,54,PM10,25-Jun-26
Tirumala,48,NO2,25-Jun-26
Tirupati,68,PM10,25-Jun-26
Tonk,109,PM10,25-Jun-26
Tumidih,53,NO2,25-Jun-26
Udaipur,102,PM10,25-Jun-26
Ujjain,55,O3,25-Jun-26
Ulhasnagar,52,PM10,25-Jun-26
Vadodara,88,CO,25-Jun-26
Vapi,89,PM10,25-Jun-26
Varanasi,57,PM10,25-Jun-26
Vatva,112,PM10,25-Jun-26
Vijayapura,39,PM10,25-Jun-26
Vijayawada,59,PM10,25-Jun-26
Virar,62,PM10,25-Jun-26
Visakhapatnam,145,PM10,25-Jun-26
Vrindavan,72,PM10,25-Jun-26
Yamuna Nagar,200,PM2.5,25-Jun-26
Agartala,102,PM10,24-Jun-26
Agra,88,"PM2.5, PM10",24-Jun-26
Ahmedabad,89,"SO2, PM10",24-Jun-26
Aizawl,14,SO2,24-Jun-26
Ajmer,100,PM2.5,24-Jun-26
Akola,45,PM10,24-Jun-26
Alwar,90,NO2,24-Jun-26
Amaravati,58,PM10,24-Jun-26
Ambala,120,PM10,24-Jun-26
Ambernath,24,NO2,24-Jun-26
Amravati,32,"CO, O3",24-Jun-26
Amritsar,90,PM10,24-Jun-26
Anantapur,73,PM10,24-Jun-26
Angul,83,PM10,24-Jun-26
Ankleshwar,73,PM10,24-Jun-26
Asansol,47,"SO2, O3",24-Jun-26
Aurangabad (Bihar),102,CO,24-Jun-26
Aurangabad (Maharashtra),67,"PM10, PM2.5, O3",24-Jun-26
Baddi,114,O3,24-Jun-26
Badlapur,67,PM10,24-Jun-26
Bagalkot,51,PM10,24-Jun-26
Baghpat,167,PM10,24-Jun-26
Bahadurgarh,106,PM2.5,24-Jun-26
Balasore,65,PM10,24-Jun-26
Ballabgarh,180,PM10,24-Jun-26
Banswara,102,PM10,24-Jun-26
Baran,103,O3,24-Jun-26
Barbil,74,O3,24-Jun-26
Bareilly,58,PM10,24-Jun-26
Baripada,64,PM10,24-Jun-26
Barmer,125,PM10,24-Jun-26
Barrackpore,63,PM10,24-Jun-26
Bathinda,79,CO,24-Jun-26
Beed,29,PM10,24-Jun-26
Begusarai,145,PM10,24-Jun-26
Belapur,36,NO2,24-Jun-26
Bengaluru,60,PM10,24-Jun-26
Bhagalpur,49,"PM10, CO",24-Jun-26
Bharatpur,62,O3,24-Jun-26
Bhilai,27,"O3, PM10, CO",24-Jun-26
Bhilwara,99,PM10,24-Jun-26
Bhiwadi,142,"PM10, PM2.5",24-Jun-26
Bhiwandi,44,PM10,24-Jun-26
Bhiwani,230,PM2.5,24-Jun-26
Bhopal,52,"O3, PM10",24-Jun-26
Bhubaneswar,75,"CO, O3",24-Jun-26
Bihar Sharif,65,CO,24-Jun-26
Bikaner,171,PM10,24-Jun-26
Boisar,31,CO,24-Jun-26
Brajrajnagar,50,O3,24-Jun-26
Bulandshahr,153,PM10,24-Jun-26
Bundi,57,PM10,24-Jun-26
Buxar,121,O3,24-Jun-26
Byrnihat (Assam),111,PM2.5,24-Jun-26
Chamarajanagar,61,O3,24-Jun-26
Chandigarh,64,"O3, CO",24-Jun-26
Chandrapur,31,NO2,24-Jun-26
Chennai,61,"PM2.5, PM10, O3",24-Jun-26
Chhapra,116,PM10,24-Jun-26
Chikkaballapur,45,PM10,24-Jun-26
Chikkamagaluru,34,PM10,24-Jun-26
Chittoor,88,O3,24-Jun-26
Chittorgarh,89,PM10,24-Jun-26
Churu,114,PM10,24-Jun-26
Coimbatore,39,PM2.5,24-Jun-26
Cuddalore,48,PM10,24-Jun-26
Cuttack,73,PM10,24-Jun-26
Damoh,50,SO2,24-Jun-26
Dausa,83,PM10,24-Jun-26
Dehradun,68,PM10,24-Jun-26
Delhi,127,"PM10, O3",24-Jun-26
Dewas,97,NO2,24-Jun-26
Dhanbad,96,NO2,24-Jun-26
Dharuhera,89,PM2.5,24-Jun-26
Dholpur,61,PM10,24-Jun-26
Dhule,77,PM10,24-Jun-26
Dungarpur,82,PM10,24-Jun-26
Durgapur,70,"PM10, NO2",24-Jun-26
Eluru,59,PM2.5,24-Jun-26
Faridabad,165,"PM2.5, PM10",24-Jun-26
Fatehpur Sikri,143,PM2.5,24-Jun-26
Firozabad,46,PM10,24-Jun-26
Gadag,34,PM2.5,24-Jun-26
Gandhinagar,89,PM10,24-Jun-26
Gangtok,31,PM2.5,24-Jun-26
Gaya,75,"PM2.5, PM10",24-Jun-26
Ghaziabad,140,"PM10, PM2.5",24-Jun-26
Gorakhpur,77,PM10,24-Jun-26
Greater Noida,180,PM10,24-Jun-26
Gummidipoondi,83,PM10,24-Jun-26
Guntur,71,PM2.5,24-Jun-26
Gurugram,247,"PM2.5, PM10",24-Jun-26
Guwahati,55,"PM10, PM2.5, SO2",24-Jun-26
Gwalior,87,"PM10, O3",24-Jun-26
Hajipur,117,O3,24-Jun-26
Haldia,70,PM10,24-Jun-26
Hanumangarh,62,PM10,24-Jun-26
Hingoli,41,O3,24-Jun-26
Hisar,192,PM2.5,24-Jun-26
Howrah,84,PM10,24-Jun-26
Hubballi,50,PM10,24-Jun-26
Hyderabad,49,PM10,24-Jun-26
Indore,76,"NO2, CO",24-Jun-26
Jabalpur,59,"CO, NO2, O3",24-Jun-26
Jaipur,99,"O3, PM10",24-Jun-26
Jaisalmer,104,PM10,24-Jun-26
Jalandhar,71,PM10,24-Jun-26
Jalna,32,PM2.5,24-Jun-26
Jalore,89,PM10,24-Jun-26
Jhalawar,76,O3,24-Jun-26
Jhansi,35,PM10,24-Jun-26
Jhunjhunu,102,PM10,24-Jun-26
Jind,170,PM2.5,24-Jun-26
Jodhpur,102,PM10,24-Jun-26
Jorapokhar,64,PM10,24-Jun-26
Kadapa,55,PM10,24-Jun-26
Kaithal,253,PM10,24-Jun-26
Kalaburagi,27,"CO, PM10",24-Jun-26
Kanpur,68,"PM10, CO",24-Jun-26
Karauli,82,O3,24-Jun-26
Karnal,151,PM2.5,24-Jun-26
Kashipur,134,PM2.5,24-Jun-26
Katihar,88,CO,24-Jun-26
Katni,59,O3,24-Jun-26
Keonjhar,41,PM10,24-Jun-26
Khairthal,57,PM2.5,24-Jun-26
Khanna,89,PM10,24-Jun-26
Khora,287,PM2.5,24-Jun-26
Khurja,101,PM10,24-Jun-26
Kishanganj,72,PM2.5,24-Jun-26
Kohima,49,SO2,24-Jun-26
Kolhapur,38,"O3, PM10",24-Jun-26
Kolkata,64,"NO2, PM10",24-Jun-26
Kollam,41,PM10,24-Jun-26
Korba,21,NO2,24-Jun-26
Kota,75,PM10,24-Jun-26
Kunjemura,26,PM10,24-Jun-26
Latur,22,PM10,24-Jun-26
Lucknow,100,PM10,24-Jun-26
Ludhiana,84,PM10,24-Jun-26
Machilipatnam,82,PM2.5,24-Jun-26
Madikeri,19,PM2.5,24-Jun-26
Mahad,45,PM10,24-Jun-26
Maihar,69,NO2,24-Jun-26
Malegaon,56,PM10,24-Jun-26
Mandideep,70,PM10,24-Jun-26
Mandi Gobindgarh,94,PM10,24-Jun-26
Mandikhera,102,CO,24-Jun-26
Manesar,104,PM2.5,24-Jun-26
Mangalore,48,PM10,24-Jun-26
Mathura,76,PM10,24-Jun-26
Meerut,216,"PM2.5, PM10",24-Jun-26
Mehsana,67,CO,24-Jun-26
Mira-Bhayandar,26,CO,24-Jun-26
Modinagar,254,PM2.5,24-Jun-26
Moradabad,107,PM10,24-Jun-26
Motihari,79,PM10,24-Jun-26
Mumbai,47,"O3, PM10, NO2",24-Jun-26
Munger,49,PM2.5,24-Jun-26
Muzaffarnagar,176,PM10,24-Jun-26
Muzaffarpur,87,"PM10, PM2.5, O3",24-Jun-26
Mysuru,67,O3,24-Jun-26
Nagaon,79,NO2,24-Jun-26
Nagaur,102,PM10,24-Jun-26
Nagpur,29,"O3, PM2.5, PM10",24-Jun-26
Naharlagun,39,PM10,24-Jun-26
Nalbari,58,PM2.5,24-Jun-26
Nanded,35,O3,24-Jun-26
Nandesari,68,PM10,24-Jun-26
Narnaul,94,PM2.5,24-Jun-26
Nashik,32,PM10,24-Jun-26
Navi Mumbai,32,"CO, PM10, SO2",24-Jun-26
Nayagarh,124,PM10,24-Jun-26
Nellore,75,CO,24-Jun-26
Noida,156,PM10,24-Jun-26
Pali,132,PM10,24-Jun-26
Palwal,104,PM2.5,24-Jun-26
Pampore,57,PM10,24-Jun-26
Panchgaon,76,CO,24-Jun-26
Panipat,234,PM10,24-Jun-26
Parbhani,44,PM10,24-Jun-26
Patiala,88,PM10,24-Jun-26
Patna,88,PM10,24-Jun-26
Pimpri-Chinchwad,38,"PM10, CO, O3",24-Jun-26
Pithampur,43,PM2.5,24-Jun-26
Prayagraj,50,"O3, PM10, SO2",24-Jun-26
Puducherry,39,O3,24-Jun-26
Pune,47,CO,24-Jun-26
Purnia,66,PM2.5,24-Jun-26
Raipur,32,"PM10, CO",24-Jun-26
Rairangpur,74,PM10,24-Jun-26
Rajamahendravaram,41,PM10,24-Jun-26
Rajgir,43,CO,24-Jun-26
Rajkot,80,CO,24-Jun-26
Rajsamand,80,PM10,24-Jun-26
Ramanagara,35,PM10,24-Jun-26
Ratlam,74,PM10,24-Jun-26
Rishikesh,59,O3,24-Jun-26
Rohtak,55,PM10,24-Jun-26
Rourkela,68,PM10,24-Jun-26
Rupnagar,80,PM2.5,24-Jun-26
Sagar,101,PM2.5,24-Jun-26
Saharsa,61,PM10,24-Jun-26
Samastipur,153,PM2.5,24-Jun-26
Sangli,32,O3,24-Jun-26
Satara,47,O3,24-Jun-26
Satna,70,PM10,24-Jun-26
Sawai Madhopur,94,O3,24-Jun-26
Shivamogga,56,PM10,24-Jun-26
Sikar,136,PM10,24-Jun-26
Silchar,66,CO,24-Jun-26
Siliguri,141,NO2,24-Jun-26
Singrauli,125,PM10,24-Jun-26
Sirohi,87,PM10,24-Jun-26
Sirsa,78,PM10,24-Jun-26
Sivasagar,57,O3,24-Jun-26
Solapur,52,PM10,24-Jun-26
Sonipat,295,PM2.5,24-Jun-26
Sri Ganganagar,73,PM10,24-Jun-26
Srinagar,37,PM10,24-Jun-26
Suakati,56,O3,24-Jun-26
Surat,66,PM10,24-Jun-26
Talcher,110,CO,24-Jun-26
Tensa,60,SO2,24-Jun-26
Thane,41,"PM10, NO2",24-Jun-26
Thiruvananthapuram,35,"PM10, SO2",24-Jun-26
Thoothukudi,45,PM10,24-Jun-26
Thrissur,53,PM10,24-Jun-26
Tirumala,64,PM10,24-Jun-26
Tirupati,68,PM10,24-Jun-26
Tonk,90,PM10,24-Jun-26
Udaipur,115,PM10,24-Jun-26
Ujjain,52,PM2.5,24-Jun-26
Ulhasnagar,52,PM10,24-Jun-26
Vadodara,88,CO,24-Jun-26
Vapi,68,PM2.5,24-Jun-26
Varanasi,68,PM10,24-Jun-26
Vatva,104,PM10,24-Jun-26
Vijayapura,39,PM10,24-Jun-26
Vijayawada,68,PM10,24-Jun-26
Virar,47,CO,24-Jun-26
Visakhapatnam,142,PM10,24-Jun-26
Vrindavan,52,PM10,24-Jun-26
Yadgir,25,NO2,24-Jun-26
Yamuna Nagar,167,PM2.5,24-Jun-26
Agartala,105,PM10,23-Jun-26
Agra,118,", PM
PM10         2.5",23-Jun-26
Ahmedabad,81,"SO  , PM
2         10",23-Jun-26
Ahmednagar,30,CO,23-Jun-26
Aizawl,15,SO2,23-Jun-26
Ajmer,88,PM10,23-Jun-26
Akola,71,PM10,23-Jun-26
Alwar,85,"NO
2",23-Jun-26
Amaravati,35,PM10,23-Jun-26
Ambernath,21,NO2,23-Jun-26
Amravati,37,"PM   , O
10      3",23-Jun-26
Amritsar,92,"PM
10",23-Jun-26
Anantapur,58,"PM
10",23-Jun-26
Angul,67,"PM
10",23-Jun-26
Ankleshwar,70,"PM
10",23-Jun-26
Araria,83,"PM
10",23-Jun-26
Arrah,52,CO,23-Jun-26
Asansol,44,"PM
10",23-Jun-26
Aurangabad (Bihar),102,CO,23-Jun-26
Aurangabad (Maharashtra),47,"PM   , O
10      3",23-Jun-26
Baddi,112,"PM
10",23-Jun-26
Badlapur,68,"PM
10",23-Jun-26
Bagalkot,51,"PM
10",23-Jun-26
Baghpat,152,"PM
10",23-Jun-26
Bahadurgarh,235,"PM
2.5",23-Jun-26
Balasore,68,"PM
10",23-Jun-26
Ballabgarh,243,"PM
10",23-Jun-26
Banswara,85,"PM
10",23-Jun-26
Baran,99,O3,23-Jun-26
Barbil,63,"PM
10",23-Jun-26
Bareilly,60,"PM
10",23-Jun-26
Baripada,89,"PM
10",23-Jun-26
Barmer,105,"PM
10",23-Jun-26
Barrackpore,65,"PM
10",23-Jun-26
Bathinda,84,"SO
2",23-Jun-26
Begusarai,63,"PM
10",23-Jun-26
Belapur,36,"PM
10",23-Jun-26
Bengaluru,57,"PM   , PM
10         2.5",23-Jun-26
Bhagalpur,80,"PM
10",23-Jun-26
Bharatpur,96,"PM
10",23-Jun-26
Bhavnagar,77,CO,23-Jun-26
Bhilai,28,", O
CO, PM10      3",23-Jun-26
Bhilwara,104,"PM
10",23-Jun-26
Bhiwadi,145,"PM   , PM
10         2.5",23-Jun-26
Bhiwandi,57,"PM
10",23-Jun-26
Bhiwani,171,"PM
2.5",23-Jun-26
Bhopal,40,"PM   , O
10      3",23-Jun-26
Bhubaneswar,86,"CO, PM10",23-Jun-26
Bihar Sharif,58,CO,23-Jun-26
Bikaner,152,"PM
10",23-Jun-26
Bilaspur,41,"PM
10",23-Jun-26
Bileipada,38,"PM
10",23-Jun-26
Boisar,43,"PM
10",23-Jun-26
Brajrajnagar,49,O3,23-Jun-26
Bulandshahr,145,"PM
10",23-Jun-26
Bundi,69,"PM
10",23-Jun-26
Buxar,55,O3,23-Jun-26
Byasanagar,92,CO,23-Jun-26
Byrnihat (Assam),86,"PM
2.5",23-Jun-26
Chamarajanagar,42,"PM
10",23-Jun-26
Chandigarh,54,"CO, O
3",23-Jun-26
Chandrapur,36,NO2,23-Jun-26
Charkhi Dadri,147,"PM
2.5",23-Jun-26
Chennai,56,"PM   , O
10      3",23-Jun-26
Chhal,38,"PM
10",23-Jun-26
Chhapra,124,"PM
10",23-Jun-26
Chikkaballapur,34,"PM
10",23-Jun-26
Chikkamagaluru,32,O3,23-Jun-26
Chittoor,98,O3,23-Jun-26
Chittorgarh,78,"PM
10",23-Jun-26
Churu,137,"PM
10",23-Jun-26
Coimbatore,29,"PM
10",23-Jun-26
Cuttack,81,"PM
10",23-Jun-26
Damoh,50,"SO
2",23-Jun-26
Dausa,130,"PM
10",23-Jun-26
Dehradun,81,"PM
10",23-Jun-26
Delhi,142,"PM
10",23-Jun-26
Dewas,88,NO2,23-Jun-26
Dhanbad,113,"PM
10",23-Jun-26
Dharuhera,124,"PM
2.5",23-Jun-26
Dharwad,72,"PM
10",23-Jun-26
Dholpur,88,"PM
10",23-Jun-26
Dhule,80,"PM
10",23-Jun-26
Dungarpur,67,"PM
10",23-Jun-26
Durgapur,70,", NO
PM10         2",23-Jun-26
Eluru,44,"PM
10",23-Jun-26
Faridabad,119,"PM   , PM
10         2.5",23-Jun-26
Fatehabad,94,"PM
10",23-Jun-26
Firozabad,46,"PM
10",23-Jun-26
Gadag,34,"PM
2.5",23-Jun-26
Gandhinagar,75,"PM
10",23-Jun-26
Gangtok,32,"PM
10",23-Jun-26
Gaya,78,"PM
10",23-Jun-26
Ghaziabad,187,"PM   , PM
10         2.5",23-Jun-26
Gorakhpur,60,"PM
10",23-Jun-26
Greater Noida,238,"PM
10",23-Jun-26
Gummidipoondi,83,"PM
10",23-Jun-26
Guntur,56,"PM
2.5",23-Jun-26
Gurugram,213,"PM   , PM
10         2.5",23-Jun-26
Guwahati,53,"SO  , PM
2         2.5",23-Jun-26
Gwalior,103,", O
PM10      3",23-Jun-26
Hajipur,98,O3,23-Jun-26
Haldia,65,PM10,23-Jun-26
Hanumangarh,60,PM10,23-Jun-26
Hapur,123,PM10,23-Jun-26
Hisar,156,"PM
2.5",23-Jun-26
Howrah,87,PM10,23-Jun-26
Hubballi,50,PM10,23-Jun-26
Hyderabad,53,PM10,23-Jun-26
Indore,71,"CO, NO2",23-Jun-26
Jabalpur,64,"PM   , O  , NO
10      3         2",23-Jun-26
Jaipur,129,PM10,23-Jun-26
Jaisalmer,97,PM10,23-Jun-26
Jalandhar,64,PM10,23-Jun-26
Jalgaon,45,CO,23-Jun-26
Jalna,32,O3,23-Jun-26
Jalore,89,PM10,23-Jun-26
Jhalawar,63,O3,23-Jun-26
Jhansi,45,PM10,23-Jun-26
Jhunjhunu,118,PM10,23-Jun-26
Jind,81,"PM
2.5",23-Jun-26
Jodhpur,94,PM10,23-Jun-26
Jorapokhar,78,PM10,23-Jun-26
Kadapa,66,"PM
2.5",23-Jun-26
Kaithal,87,"SO
2",23-Jun-26
Kalyan,51,PM10,23-Jun-26
Kanpur,92,", PM
PM10         2.5",23-Jun-26
Karauli,122,PM10,23-Jun-26
Karnal,102,PM10,23-Jun-26
Kashipur,90,"PM
2.5",23-Jun-26
Katihar,86,CO,23-Jun-26
Katni,85,PM10,23-Jun-26
Keonjhar,50,PM10,23-Jun-26
Khanna,102,PM10,23-Jun-26
Khurja,104,PM10,23-Jun-26
Kishanganj,89,"PM
2.5",23-Jun-26
Kohima,44,"SO
2",23-Jun-26
Kolhapur,34,", O
PM10      3",23-Jun-26
Kolkata,65,"PM   , NO
10         2",23-Jun-26
Koppal,34,CO,23-Jun-26
Korba,58,"PM   , NO
10         2",23-Jun-26
Kota,92,PM10,23-Jun-26
Kunjemura,55,PM10,23-Jun-26
Latur,23,PM10,23-Jun-26
Lucknow,116,", PM
PM10         2.5",23-Jun-26
Ludhiana,89,PM10,23-Jun-26
Machilipatnam,66,"PM
2.5",23-Jun-26
Madikeri,13,CO,23-Jun-26
Mahad,36,CO,23-Jun-26
Maihar,65,NO2,23-Jun-26
Malegaon,58,PM10,23-Jun-26
Mandi Gobindgarh,76,PM10,23-Jun-26
Mandideep,47,O3,23-Jun-26
Mandikhera,102,CO,23-Jun-26
Manesar,129,"PM
2.5",23-Jun-26
Mangalore,37,O3,23-Jun-26
Manguraha,35,"PM
2.5",23-Jun-26
Mathura,137,PM10,23-Jun-26
Meerut,172,", O
PM10      3",23-Jun-26
Mehsana,67,CO,23-Jun-26
Moradabad,96,PM10,23-Jun-26
Motihari,69,PM10,23-Jun-26
Mumbai,45,", NO
CO, PM10         2",23-Jun-26
Munger,44,"SO
2",23-Jun-26
Muzaffarnagar,111,O3,23-Jun-26
Muzaffarpur,77,", PM
PM10         2.5",23-Jun-26
Mysuru,33,O3,23-Jun-26
Nagaur,92,PM10,23-Jun-26
Nagpur,40,", PM
PM10         2.5",23-Jun-26
Naharlagun,23,PM10,23-Jun-26
Nalbari,53,"PM
2.5",23-Jun-26
Nanded,24,O3,23-Jun-26
Nandesari,59,PM10,23-Jun-26
Narnaul,125,"PM
2.5",23-Jun-26
Nashik,34,", PM
PM10         2.5",23-Jun-26
Navi Mumbai,38,", NO
CO, PM10         2",23-Jun-26
Nellore,60,PM10,23-Jun-26
Noida,170,", O
PM10      3",23-Jun-26
Pali,133,PM10,23-Jun-26
Palwal,78,PM10,23-Jun-26
Pampore,59,PM10,23-Jun-26
Panchgaon,90,"PM
2.5",23-Jun-26
Panchkula,95,CO,23-Jun-26
Panipat,129,PM10,23-Jun-26
Parbhani,19,PM10,23-Jun-26
Patiala,84,PM10,23-Jun-26
Patna,91,PM10,23-Jun-26
Perundurai,63,PM10,23-Jun-26
Pimpri-Chinchwad,35,"CO, PM   , O
10      3",23-Jun-26
Pithampur,69,O3,23-Jun-26
Pratapgarh,76,PM10,23-Jun-26
Prayagraj,51,PM10,23-Jun-26
Puducherry,36,O3,23-Jun-26
Pune,48,CO,23-Jun-26
Purnia,69,"PM
2.5",23-Jun-26
Raipur,32,"CO, PM
10",23-Jun-26
Rairangpur,60,PM10,23-Jun-26
Rajamahendravaram,57,PM10,23-Jun-26
Rajgir,48,"PM
2.5",23-Jun-26
Rajkot,80,CO,23-Jun-26
Rajsamand,53,PM10,23-Jun-26
Ramanagara,30,PM10,23-Jun-26
Ratlam,65,PM10,23-Jun-26
Rohtak,83,PM10,23-Jun-26
Rourkela,65,"CO, PM   , PM
10         2.5",23-Jun-26
Rupnagar,68,"PM
2.5",23-Jun-26
Sagar,55,"PM
2.5",23-Jun-26
Saharsa,55,PM10,23-Jun-26
Samastipur,96,"PM
2.5",23-Jun-26
Satna,70,PM10,23-Jun-26
Sawai Madhopur,122,PM10,23-Jun-26
Shivamogga,49,O3,23-Jun-26
Sikar,131,PM10,23-Jun-26
Silchar,57,PM10,23-Jun-26
Siliguri,156,NO2,23-Jun-26
Singrauli,124,PM10,23-Jun-26
Sirohi,85,PM10,23-Jun-26
Sirsa,83,CO,23-Jun-26
Sivasagar,52,O3,23-Jun-26
Solapur,28,", O
PM10      3",23-Jun-26
Sonipat,269,"PM
2.5",23-Jun-26
Sri Ganganagar,114,PM10,23-Jun-26
Srinagar,32,"PM   , NO
10         2",23-Jun-26
Suakati,51,O3,23-Jun-26
Surat,56,"CO, PM
10",23-Jun-26
Talcher,116,"PM
2.5",23-Jun-26
Tensa,63,"SO
2",23-Jun-26
Thane,45,", PM
PM10         2.5",23-Jun-26
Thiruvananthapuram,32,"SO  , PM
2         10",23-Jun-26
Thoothukudi,53,PM10,23-Jun-26
Thrissur,53,PM10,23-Jun-26
Tirumala,82,PM10,23-Jun-26
Tonk,112,PM10,23-Jun-26
Tumakuru,54,CO,23-Jun-26
Tumidih,54,NO2,23-Jun-26
Udaipur,103,PM10,23-Jun-26
Ujjain,50,PM10,23-Jun-26
Ulhasnagar,36,", O
PM10      3",23-Jun-26
Vadodara,89,CO,23-Jun-26
Vapi,78,PM10,23-Jun-26
Varanasi,87,PM10,23-Jun-26
Vatva,118,PM10,23-Jun-26
Vijayapura,39,PM10,23-Jun-26
Vijayawada,60,PM10,23-Jun-26
Virar,61,PM10,23-Jun-26
Visakhapatnam,148,PM10,23-Jun-26
Vrindavan,80,PM10,23-Jun-26
Yadgir,28,NO2,23-Jun-26
Yamuna Nagar,65,NO2,23-Jun-26
Agartala,68,PM10,22-Jun-26
Agra,96,", PM
PM10         2.5",22-Jun-26
Ahmedabad,72,"SO  , PM
2         10",22-Jun-26
Ahmednagar,45,CO,22-Jun-26
Aizawl,15,PM10,22-Jun-26
Ajmer,100,PM10,22-Jun-26
Akola,93,PM10,22-Jun-26
Alwar,81,"NO
2",22-Jun-26
Amaravati,64,PM10,22-Jun-26
Ambala,109,"PM
10",22-Jun-26
Ambernath,21,NO2,22-Jun-26
Amravati,53,O3,22-Jun-26
Amritsar,73,"PM
10",22-Jun-26
Anantapur,68,"PM
10",22-Jun-26
Angul,132,"PM
10",22-Jun-26
Ankleshwar,48,"PM
10",22-Jun-26
Araria,57,"PM
10",22-Jun-26
Arrah,55,CO,22-Jun-26
Asansol,47,"SO2, CO",22-Jun-26
Aurangabad (Maharashtra),68,"CO, O  , PM
3         2.5",22-Jun-26
Baddi,116,"PM
10",22-Jun-26
Badlapur,64,"PM
10",22-Jun-26
Bagalkot,51,"PM
10",22-Jun-26
Baghpat,262,"PM
10",22-Jun-26
Bahadurgarh,169,"PM
2.5",22-Jun-26
Balasore,57,"PM
10",22-Jun-26
Ballabgarh,222,"PM
10",22-Jun-26
Banswara,82,"PM
10",22-Jun-26
Baran,101,O3,22-Jun-26
Barbil,82,"PM
10",22-Jun-26
Bareilly,74,"PM
10",22-Jun-26
Baripada,88,"PM
10",22-Jun-26
Barmer,113,"PM
10",22-Jun-26
Barrackpore,40,CO,22-Jun-26
Bathinda,82,"SO
2",22-Jun-26
Begusarai,81,"PM
10",22-Jun-26
Bengaluru,59,"PM   , PM
10         2.5",22-Jun-26
Bhagalpur,117,"PM
10",22-Jun-26
Bharatpur,91,O3,22-Jun-26
Bhavnagar,76,CO,22-Jun-26
Bhilai,32,"O  , PM
3         10",22-Jun-26
Bhilwara,100,"PM
10",22-Jun-26
Bhiwadi,134,"PM
10",22-Jun-26
Bhiwandi,51,O3,22-Jun-26
Bhiwani,180,"PM
2.5",22-Jun-26
Bhopal,62,"PM
10",22-Jun-26
Bhubaneswar,52,"PM
10",22-Jun-26
Bihar Sharif,63,CO,22-Jun-26
Bikaner,207,"PM
10",22-Jun-26
Bilaspur,42,"PM
10",22-Jun-26
Bileipada,53,"PM
10",22-Jun-26
Boisar,46,"PM
10",22-Jun-26
Brajrajnagar,53,O3,22-Jun-26
Bulandshahr,258,"PM
10",22-Jun-26
Bundi,69,"PM
10",22-Jun-26
Byasanagar,66,CO,22-Jun-26
Byrnihat (Assam),106,"PM
2.5",22-Jun-26
Chamarajanagar,44,"PM
10",22-Jun-26
Chandigarh,59,"CO, O  , PM
3         10",22-Jun-26
Chandrapur,92,"O3, PM2.5",22-Jun-26
Charkhi Dadri,207,"PM
2.5",22-Jun-26
Chennai,61,"O  , PM
3         10",22-Jun-26
Chhal,53,"PM
10",22-Jun-26
Chhapra,109,"PM
10",22-Jun-26
Chikkaballapur,38,CO,22-Jun-26
Chikkamagaluru,44,O3,22-Jun-26
Chittoor,90,O3,22-Jun-26
Churu,72,O3,22-Jun-26
Coimbatore,22,"SO  , PM
2         2.5",22-Jun-26
Cuttack,60,"PM
10",22-Jun-26
Damoh,51,"PM
10",22-Jun-26
Dausa,91,"PM
10",22-Jun-26
Delhi,228,"PM
10",22-Jun-26
Dewas,137,NO2,22-Jun-26
Dhanbad,170,"PM
10",22-Jun-26
Dharuhera,88,"PM
2.5",22-Jun-26
Dharwad,70,"PM
10",22-Jun-26
Dholpur,86,"PM
10",22-Jun-26
Dhule,43,O3,22-Jun-26
Dungarpur,65,"PM
10",22-Jun-26
Durgapur,58,"CO, PM   , NO
10         2",22-Jun-26
Eluru,47,"PM
2.5",22-Jun-26
Faridabad,130,"PM   , PM
10         2.5",22-Jun-26
Fatehabad,106,"PM
10",22-Jun-26
Firozabad,44,"PM
10",22-Jun-26
Gadag,37,"PM
2.5",22-Jun-26
Gandhinagar,76,"PM
10",22-Jun-26
Gangtok,27,"PM
2.5",22-Jun-26
Gaya,62,"PM   , PM
10         2.5",22-Jun-26
Ghaziabad,269,"PM   , PM
10         2.5",22-Jun-26
Gorakhpur,97,"PM
10",22-Jun-26
Greater Noida,286,"PM
10",22-Jun-26
Gummidipoondi,82,"PM
10",22-Jun-26
Guntur,57,"PM
2.5",22-Jun-26
Gurugram,240,"PM   , PM
10         2.5",22-Jun-26
Guwahati,162,"SO  , PM
2         2.5",22-Jun-26
Gwalior,108,"PM
10",22-Jun-26
Hajipur,101,"PM
2.5",22-Jun-26
Haldia,50,"PM
10",22-Jun-26
Hanumangarh,67,O3,22-Jun-26
Hapur,251,PM10,22-Jun-26
Hisar,167,PM10,22-Jun-26
Howrah,59,PM10,22-Jun-26
Hyderabad,58,PM10,22-Jun-26
Indore,81,"PM   , NO
10         2",22-Jun-26
Jabalpur,66,", NO
CO, PM10         2",22-Jun-26
Jaipur,90,PM10,22-Jun-26
Jaisalmer,105,PM10,22-Jun-26
Jalandhar,60,CO,22-Jun-26
Jalgaon,48,PM10,22-Jun-26
Jalore,93,PM10,22-Jun-26
Jhalawar,70,O3,22-Jun-26
Jhansi,49,PM10,22-Jun-26
Jhunjhunu,75,PM10,22-Jun-26
Jind,206,"PM
2.5",22-Jun-26
Jodhpur,97,PM10,22-Jun-26
Jorapokhar,57,PM10,22-Jun-26
Kadapa,56,PM10,22-Jun-26
Kaithal,104,"PM
2.5",22-Jun-26
Kalaburagi,44,"O3, PM10",22-Jun-26
Kanpur,94,PM10,22-Jun-26
Karauli,95,PM10,22-Jun-26
Karnal,130,"PM
2.5",22-Jun-26
Kashipur,92,"PM
2.5",22-Jun-26
Katihar,82,CO,22-Jun-26
Keonjhar,46,PM10,22-Jun-26
Khanna,75,PM10,22-Jun-26
Khurja,127,PM10,22-Jun-26
Kohima,43,"SO
2",22-Jun-26
Kolhapur,38,O3,22-Jun-26
Kolkata,52,"CO, PM
10",22-Jun-26
Kollam,33,O3,22-Jun-26
Koppal,48,CO,22-Jun-26
Korba,70,PM10,22-Jun-26
Kota,87,PM10,22-Jun-26
Kunjemura,46,PM10,22-Jun-26
Latur,40,PM10,22-Jun-26
Lucknow,99,PM10,22-Jun-26
Ludhiana,71,PM10,22-Jun-26
Machilipatnam,70,O3,22-Jun-26
Madikeri,14,"PM
2.5",22-Jun-26
Maihar,67,NO2,22-Jun-26
Malegaon,51,PM10,22-Jun-26
Mandi Gobindgarh,74,PM10,22-Jun-26
Mandideep,73,PM10,22-Jun-26
Mandikhera,98,CO,22-Jun-26
Manesar,216,"PM
2.5",22-Jun-26
Mangalore,37,O3,22-Jun-26
Mathura,103,PM10,22-Jun-26
Meerut,290,", PM
PM10         2.5",22-Jun-26
Mehsana,66,CO,22-Jun-26
Milupara,65,PM10,22-Jun-26
Moradabad,162,PM10,22-Jun-26
Mumbai,50,"O3, NO2, PM10",22-Jun-26
Muzaffarnagar,228,PM10,22-Jun-26
Muzaffarpur,72,", PM
PM10         2.5",22-Jun-26
Mysuru,44,O3,22-Jun-26
Nagaur,86,PM10,22-Jun-26
Nagpur,63,PM10,22-Jun-26
Nalbari,52,"PM
2.5",22-Jun-26
Nanded,58,O3,22-Jun-26
Nandesari,60,PM10,22-Jun-26
Narnaul,89,"PM
2.5",22-Jun-26
Nashik,45,", PM
PM10         2.5",22-Jun-26
Navi Mumbai,40,"PM   , NO
10         2",22-Jun-26
Nellore,71,PM10,22-Jun-26
Noida,255,PM10,22-Jun-26
Pali,133,PM10,22-Jun-26
Palwal,95,PM10,22-Jun-26
Pampore,42,PM10,22-Jun-26
Panchgaon,206,"PM
2.5",22-Jun-26
Panipat,218,PM10,22-Jun-26
Parbhani,30,PM10,22-Jun-26
Patiala,97,PM10,22-Jun-26
Patna,100,PM10,22-Jun-26
Perundurai,38,PM10,22-Jun-26
Pimpri-Chinchwad,33,"CO, O  , PM
3         10",22-Jun-26
Pithampur,90,PM10,22-Jun-26
Pratapgarh,79,PM10,22-Jun-26
Prayagraj,52,PM10,22-Jun-26
Puducherry,56,O3,22-Jun-26
Pune,68,"CO, PM
10",22-Jun-26
Purnia,66,"PM
2.5",22-Jun-26
Raipur,46,PM10,22-Jun-26
Rairangpur,60,PM10,22-Jun-26
Rajamahendravaram,58,PM10,22-Jun-26
Rajgir,50,"PM
2.5",22-Jun-26
Rajkot,79,CO,22-Jun-26
Rajsamand,63,PM10,22-Jun-26
Ramanagara,45,PM10,22-Jun-26
Ratlam,67,PM10,22-Jun-26
Rohtak,243,"PM
2.5",22-Jun-26
Rourkela,67,PM10,22-Jun-26
Rupnagar,61,"PM
2.5",22-Jun-26
Sagar,62,"PM
2.5",22-Jun-26
Sangli,28,O3,22-Jun-26
Satna,70,PM10,22-Jun-26
Shivamogga,51,O3,22-Jun-26
Sikar,97,PM10,22-Jun-26
Silchar,50,PM10,22-Jun-26
Siliguri,148,NO2,22-Jun-26
Sirohi,89,PM10,22-Jun-26
Sirsa,87,PM10,22-Jun-26
Sivasagar,45,O3,22-Jun-26
Siwan,79,CO,22-Jun-26
Solapur,42,PM10,22-Jun-26
Sonipat,297,"PM
2.5",22-Jun-26
Sri Ganganagar,86,O3,22-Jun-26
Srinagar,37,"O3, PM10",22-Jun-26
Suakati,63,O3,22-Jun-26
Surat,49,"CO, PM
10",22-Jun-26
Talcher,109,CO,22-Jun-26
Tensa,69,"SO
2",22-Jun-26
Thane,48,PM10,22-Jun-26
Thiruvananthapuram,36,"SO  , PM
2         10",22-Jun-26
Thoothukudi,46,PM10,22-Jun-26
Thrissur,55,PM10,22-Jun-26
Tirumala,45,NO2,22-Jun-26
Tirupati,71,PM10,22-Jun-26
Tonk,98,PM10,22-Jun-26
Tumakuru,53,CO,22-Jun-26
Tumidih,74,PM10,22-Jun-26
Udaipur,102,PM10,22-Jun-26
Ujjain,71,PM10,22-Jun-26
Ulhasnagar,65,PM10,22-Jun-26
Vadodara,86,CO,22-Jun-26
Vapi,145,"PM
2.5",22-Jun-26
Varanasi,74,PM10,22-Jun-26
Vatva,109,PM10,22-Jun-26
Vijayapura,39,PM10,22-Jun-26
Vijayawada,63,PM10,22-Jun-26
Virar,50,PM10,22-Jun-26
Visakhapatnam,114,PM10,22-Jun-26
Vrindavan,60,PM10,22-Jun-26
Yadgir,34,PM10,22-Jun-26
Yamuna Nagar,65,"PM
2.5",22-Jun-26
Agartala,103,PM10,21-Jun-26
Agra,130,", PM
PM10         2.5",21-Jun-26
Ahmedabad,68,"SO  , PM
2         10",21-Jun-26
Ahmednagar,41,O3,21-Jun-26
Ajmer,65,PM10,21-Jun-26
Akola,75,PM10,21-Jun-26
Amaravati,87,PM10,21-Jun-26
Ambala,115,PM10,21-Jun-26
Ambernath,26,PM10,21-Jun-26
Amravati,52,"PM
10",21-Jun-26
Amritsar,70,"PM
10",21-Jun-26
Anantapur,79,"PM
10",21-Jun-26
Angul,118,"PM
10",21-Jun-26
Ankleshwar,48,"PM
10",21-Jun-26
Araria,82,"PM
2.5",21-Jun-26
Arrah,54,CO,21-Jun-26
Asansol,47,"SO  , PM   , PM
2         10         2.5",21-Jun-26
Aurangabad (Maharashtra),59,"O3, PM2.5",21-Jun-26
Baddi,147,"PM
10",21-Jun-26
Badlapur,54,O3,21-Jun-26
Bagalkot,51,"PM
10",21-Jun-26
Baghpat,167,"PM
10",21-Jun-26
Bahadurgarh,117,"PM
2.5",21-Jun-26
Balasore,78,"PM
10",21-Jun-26
Ballabgarh,180,"PM
10",21-Jun-26
Banswara,85,"PM
10",21-Jun-26
Baran,77,O3,21-Jun-26
Barbil,102,"PM
10",21-Jun-26
Bareilly,60,"PM
10",21-Jun-26
Baripada,82,"PM
10",21-Jun-26
Barmer,112,"PM
10",21-Jun-26
Barrackpore,75,NO2,21-Jun-26
Bathinda,78,CO,21-Jun-26
Begusarai,71,"PM
10",21-Jun-26
Bengaluru,62,"PM   , PM    , O
10         2.5      3",21-Jun-26
Bettiah,42,"PM
2.5",21-Jun-26
Bhagalpur,97,"PM
10",21-Jun-26
Bharatpur,68,O3,21-Jun-26
Bhavnagar,76,CO,21-Jun-26
Bhilai,45,"PM   , O
10      3",21-Jun-26
Bhilwara,85,"PM
10",21-Jun-26
Bhiwadi,116,"PM
10",21-Jun-26
Bhiwandi,49,O3,21-Jun-26
Bhiwani,170,"PM
2.5",21-Jun-26
Bhopal,52,"O  , PM
3         10",21-Jun-26
Bhubaneswar,69,O3,21-Jun-26
Bihar Sharif,56,CO,21-Jun-26
Bikaner,115,"PM
10",21-Jun-26
Bilaspur,70,"PM
10",21-Jun-26
Bileipada,86,"PM
10",21-Jun-26
Boisar,68,"PM
10",21-Jun-26
Brajrajnagar,62,O3,21-Jun-26
Bulandshahr,160,"PM
10",21-Jun-26
Bundi,47,"PM
10",21-Jun-26
Byasanagar,65,CO,21-Jun-26
Byrnihat (Assam),71,"PM
2.5",21-Jun-26
Chamarajanagar,45,"PM
10",21-Jun-26
Chandigarh,81,"O  , PM
3         10",21-Jun-26
Chandrapur,71,"PM   , O
10      3",21-Jun-26
Charkhi Dadri,115,"PM
2.5",21-Jun-26
Chennai,72,"PM   , O
10      3",21-Jun-26
Chhal,55,"PM
10",21-Jun-26
Chhapra,109,"PM
10",21-Jun-26
Chikkaballapur,55,"PM
10",21-Jun-26
Chikkamagaluru,41,"PM
10",21-Jun-26
Chittoor,77,"PM
2.5",21-Jun-26
Chittorgarh,77,"PM
10",21-Jun-26
Churu,98,"PM
10",21-Jun-26
Coimbatore,25,"PM
2.5",21-Jun-26
Cuddalore,60,"PM
10",21-Jun-26
Cuttack,78,O3,21-Jun-26
Damoh,52,"PM
10",21-Jun-26
Dausa,76,"PM
10",21-Jun-26
Dehradun,90,"PM
10",21-Jun-26
Delhi,127,"PM
10",21-Jun-26
Dewas,92,NO2,21-Jun-26
Dhanbad,106,"PM
10",21-Jun-26
Dharuhera,69,"PM
2.5",21-Jun-26
Dharwad,79,"PM
10",21-Jun-26
Dholpur,64,"PM
10",21-Jun-26
Dhule,49,"PM
10",21-Jun-26
Dungarpur,66,"PM
10",21-Jun-26
Durgapur,55,"CO, PM   , NO
10         2",21-Jun-26
Eluru,46,"PM
2.5",21-Jun-26
Faridabad,141,"PM   , PM
10         2.5",21-Jun-26
Fatehabad,109,"PM
10",21-Jun-26
Firozabad,43,"PM
10",21-Jun-26
Gadag,34,"PM
2.5",21-Jun-26
Gandhinagar,71,"PM
10",21-Jun-26
Gaya,126,"O3, PM2.5",21-Jun-26
Ghaziabad,161,"PM   , PM
10         2.5",21-Jun-26
Gorakhpur,87,"PM
10",21-Jun-26
Greater Noida,172,"PM
10",21-Jun-26
Gummidipoondi,98,"PM
2.5",21-Jun-26
Guntur,52,"PM
10",21-Jun-26
Gurugram,172,"PM
2.5",21-Jun-26
Guwahati,76,"PM   , PM
10         2.5",21-Jun-26
Gwalior,84,"PM
10",21-Jun-26
Haldia,58,"PM
10",21-Jun-26
Hanumangarh,65,PM10,21-Jun-26
Hapur,154,PM10,21-Jun-26
Hisar,96,PM10,21-Jun-26
Howrah,76,PM10,21-Jun-26
Hubballi,56,PM10,21-Jun-26
Hyderabad,59,PM10,21-Jun-26
Indore,69,"PM   , NO
10         2",21-Jun-26
Jabalpur,64,", NO
O3, PM10         2",21-Jun-26
Jaipur,74,", PM
O3, PM2.5         10",21-Jun-26
Jaisalmer,101,PM10,21-Jun-26
Jalandhar,70,PM10,21-Jun-26
Jalgaon,41,PM10,21-Jun-26
Jalore,86,PM10,21-Jun-26
Jhalawar,51,O3,21-Jun-26
Jhansi,37,PM10,21-Jun-26
Jhunjhunu,80,PM10,21-Jun-26
Jind,111,"PM
2.5",21-Jun-26
Jodhpur,92,PM10,21-Jun-26
Jorapokhar,63,PM10,21-Jun-26
Kadapa,63,"PM
2.5",21-Jun-26
Kaithal,106,PM10,21-Jun-26
Kalaburagi,46,PM10,21-Jun-26
Kalyan,50,CO,21-Jun-26
Kannur,65,"PM
2.5",21-Jun-26
Kanpur,94,PM10,21-Jun-26
Karnal,106,PM10,21-Jun-26
Kashipur,109,"PM
2.5",21-Jun-26
Katihar,80,CO,21-Jun-26
Katni,69,PM10,21-Jun-26
Keonjhar,58,PM10,21-Jun-26
Khanna,76,PM10,21-Jun-26
Khurja,92,PM10,21-Jun-26
Kishanganj,98,"PM
2.5",21-Jun-26
Kohima,43,"SO
2",21-Jun-26
Kolhapur,28,", O
PM10      3",21-Jun-26
Kolkata,64,"O3, PM10",21-Jun-26
Kollam,43,PM10,21-Jun-26
Koppal,46,CO,21-Jun-26
Korba,56,PM10,21-Jun-26
Kota,69,PM10,21-Jun-26
Kunjemura,99,PM10,21-Jun-26
Latur,56,PM10,21-Jun-26
Lucknow,112,"O3, PM10",21-Jun-26
Ludhiana,77,PM10,21-Jun-26
Machilipatnam,54,"PM
2.5",21-Jun-26
Madikeri,18,"PM
2.5",21-Jun-26
Madurai,57,"SO
2",21-Jun-26
Mahad,62,O3,21-Jun-26
Maihar,62,NO2,21-Jun-26
Malegaon,61,PM10,21-Jun-26
Mandi Gobindgarh,76,PM10,21-Jun-26
Mandideep,54,PM10,21-Jun-26
Mandikhera,102,CO,21-Jun-26
Manesar,113,"PM
2.5",21-Jun-26
Mangalore,37,O3,21-Jun-26
Mathura,94,PM10,21-Jun-26
Meerut,194,", PM
PM10         2.5",21-Jun-26
Mehsana,66,CO,21-Jun-26
Milupara,80,O3,21-Jun-26
Mira-Bhayandar,27,PM10,21-Jun-26
Moradabad,118,", PM
PM10         2.5",21-Jun-26
Mumbai,53,", NO
O3, PM10         2",21-Jun-26
Munger,59,"PM
2.5",21-Jun-26
Muzaffarnagar,138,PM10,21-Jun-26
Muzaffarpur,95,", PM
PM10         2.5",21-Jun-26
Mysuru,40,PM10,21-Jun-26
Nagaur,71,PM10,21-Jun-26
Nagpur,54,PM10,21-Jun-26
Nalbari,59,"PM
2.5",21-Jun-26
Nanded,60,O3,21-Jun-26
Nandesari,69,PM10,21-Jun-26
Narnaul,133,"PM
2.5",21-Jun-26
Nashik,29,", PM
PM10         2.5",21-Jun-26
Navi Mumbai,45,"PM   , O  , NO
10      3         2",21-Jun-26
Nellore,87,PM10,21-Jun-26
Noida,138,PM10,21-Jun-26
Pali,122,PM10,21-Jun-26
Palwal,88,PM10,21-Jun-26
Pampore,48,PM10,21-Jun-26
Panchgaon,164,"PM
2.5",21-Jun-26
Panchkula,60,"PM
2.5",21-Jun-26
Panipat,165,"PM
2.5",21-Jun-26
Parbhani,36,PM10,21-Jun-26
Patiala,97,PM10,21-Jun-26
Patna,96,PM10,21-Jun-26
Perundurai,38,PM10,21-Jun-26
Pimpri-Chinchwad,47,PM10,21-Jun-26
Pithampur,88,PM10,21-Jun-26
Pratapgarh,82,PM10,21-Jun-26
Prayagraj,62,PM10,21-Jun-26
Puducherry,56,O3,21-Jun-26
Pune,59,CO,21-Jun-26
Purnia,71,"PM
2.5",21-Jun-26
Raipur,48,PM10,21-Jun-26
Rairangpur,66,"PM
2.5",21-Jun-26
Rajamahendravaram,47,PM10,21-Jun-26
Rajgir,51,"PM
2.5",21-Jun-26
Rajkot,83,CO,21-Jun-26
Rajsamand,80,PM10,21-Jun-26
Ramanagara,56,PM10,21-Jun-26
Ratlam,64,PM10,21-Jun-26
Rohtak,86,"PM
2.5",21-Jun-26
Rourkela,69,", PM
PM10         2.5",21-Jun-26
Rupnagar,48,CO,21-Jun-26
Sagar,60,"PM
2.5",21-Jun-26
Saharsa,103,"PM
2.5",21-Jun-26
Samastipur,61,"PM
2.5",21-Jun-26
Sangli,35,O3,21-Jun-26
Satna,70,PM10,21-Jun-26
Sawai Madhopur,73,O3,21-Jun-26
Shivamogga,52,O3,21-Jun-26
Sikar,83,PM10,21-Jun-26
Silchar,82,CO,21-Jun-26
Singrauli,106,PM10,21-Jun-26
Sirohi,83,PM10,21-Jun-26
Sirsa,83,CO,21-Jun-26
Sivasagar,41,O3,21-Jun-26
Siwan,79,"PM
2.5",21-Jun-26
Solapur,56,PM10,21-Jun-26
Sonipat,208,"PM
2.5",21-Jun-26
Sri Ganganagar,114,O3,21-Jun-26
Srinagar,41,PM10,21-Jun-26
Suakati,68,PM10,21-Jun-26
Surat,45,"CO, PM
10",21-Jun-26
Talcher,123,"PM
2.5",21-Jun-26
Tensa,52,PM10,21-Jun-26
Thane,54,PM10,21-Jun-26
Thiruvananthapuram,40,PM10,21-Jun-26
Thoothukudi,80,PM10,21-Jun-26
Tirumala,52,NO2,21-Jun-26
Tirupati,72,PM10,21-Jun-26
Tonk,70,O3,21-Jun-26
Tumakuru,53,CO,21-Jun-26
Tumidih,74,PM10,21-Jun-26
Udaipur,104,PM10,21-Jun-26
Ujjain,66,PM10,21-Jun-26
Ulhasnagar,79,PM10,21-Jun-26
Vadodara,86,CO,21-Jun-26
Vapi,122,"PM
2.5",21-Jun-26
Varanasi,93,PM10,21-Jun-26
Vatva,101,PM10,21-Jun-26
Vijayapura,39,PM10,21-Jun-26
Vijayawada,68,PM10,21-Jun-26
Virar,50,PM10,21-Jun-26
Visakhapatnam,91,PM10,21-Jun-26
Vrindavan,63,PM10,21-Jun-26
Yadgir,45,PM10,21-Jun-26
Yamuna Nagar,59,O3,21-Jun-26
Agra,90,", PM
PM2.5         10",20-Jun-26
Ahmedabad,67,"SO  , PM
2         10",20-Jun-26
Ahmednagar,36,O3,20-Jun-26
Aizawl,25,PM10,20-Jun-26
Ajmer,76,PM2.5,20-Jun-26
Akola,77,PM10,20-Jun-26
Amaravati,56,PM10,20-Jun-26
Ambala,133,PM10,20-Jun-26
Ambernath,22,O3,20-Jun-26
Amravati,55,O3,20-Jun-26
Amritsar,93,NO2,20-Jun-26
Anantapur,76,"PM
10",20-Jun-26
Angul,134,"PM
10",20-Jun-26
Ankleshwar,46,"PM
10",20-Jun-26
Araria,68,"PM
10",20-Jun-26
Arrah,53,CO,20-Jun-26
Asansol,47,"SO  , PM   , O
2         10      3",20-Jun-26
Aurangabad (Maharashtra),64,"O3, CO",20-Jun-26
Baddi,147,"PM
10",20-Jun-26
Badlapur,61,"PM
10",20-Jun-26
Bagalkot,51,"PM
10",20-Jun-26
Baghpat,154,"PM
10",20-Jun-26
Bahadurgarh,173,"PM
2.5",20-Jun-26
Balasore,82,O3,20-Jun-26
Ballabgarh,202,"PM
10",20-Jun-26
Banswara,81,"PM
10",20-Jun-26
Baran,62,"PM
10",20-Jun-26
Barbil,80,CO,20-Jun-26
Bareilly,62,"PM
10",20-Jun-26
Baripada,61,"PM
10",20-Jun-26
Barmer,118,O3,20-Jun-26
Barrackpore,42,"PM
10",20-Jun-26
Bathinda,86,"SO
2",20-Jun-26
Begusarai,88,"PM
10",20-Jun-26
Bengaluru,80,"PM
10",20-Jun-26
Bettiah,45,"PM
2.5",20-Jun-26
Bhagalpur,100,"PM
10",20-Jun-26
Bharatpur,75,O3,20-Jun-26
Bhavnagar,76,CO,20-Jun-26
Bhilai,38,"O  , PM
3         10",20-Jun-26
Bhilwara,64,"PM
10",20-Jun-26
Bhiwadi,118,"PM
10",20-Jun-26
Bhiwandi,57,"PM
10",20-Jun-26
Bhiwani,147,"PM
2.5",20-Jun-26
Bhopal,52,"O  , PM
3         10",20-Jun-26
Bhubaneswar,69,"O3, CO",20-Jun-26
Bihar Sharif,55,CO,20-Jun-26
Bikaner,125,"PM
10",20-Jun-26
Bilaspur,40,"PM
10",20-Jun-26
Bileipada,41,"PM
10",20-Jun-26
Brajrajnagar,61,"PM
10",20-Jun-26
Bulandshahr,199,"PM
10",20-Jun-26
Bundi,45,"PM
10",20-Jun-26
Buxar,110,O3,20-Jun-26
Byrnihat (Assam),89,"PM
2.5",20-Jun-26
Chamarajanagar,38,"PM
10",20-Jun-26
Chandigarh,76,"O  , PM
3         10",20-Jun-26
Chandrapur,72,"PM
10",20-Jun-26
Charkhi Dadri,111,"PM
2.5",20-Jun-26
Chennai,66,"PM
10",20-Jun-26
Chhal,37,"PM
10",20-Jun-26
Chhapra,109,"PM
10",20-Jun-26
Chikkaballapur,77,"PM
10",20-Jun-26
Chikkamagaluru,33,"PM
10",20-Jun-26
Chittoor,66,"PM
2.5",20-Jun-26
Chittorgarh,70,"PM
10",20-Jun-26
Churu,121,"PM
10",20-Jun-26
Coimbatore,42,"PM    , PM
2.5         10",20-Jun-26
Cuddalore,52,"PM
10",20-Jun-26
Damoh,55,"PM
10",20-Jun-26
Dausa,101,"PM
10",20-Jun-26
Dehradun,98,"PM
10",20-Jun-26
Delhi,132,"PM
10",20-Jun-26
Dewas,79,NO2,20-Jun-26
Dhanbad,143,"PM
10",20-Jun-26
Dharuhera,63,"PM
2.5",20-Jun-26
Dharwad,85,"PM
10",20-Jun-26
Dholpur,62,"PM
10",20-Jun-26
Dhule,61,"PM
10",20-Jun-26
Dungarpur,54,"PM
10",20-Jun-26
Durgapur,63,", NO
O3, PM10         2",20-Jun-26
Eluru,41,"PM
2.5",20-Jun-26
Faridabad,107,"PM
10",20-Jun-26
Fatehabad,120,O3,20-Jun-26
Firozabad,65,"PM
10",20-Jun-26
Gadag,31,"PM
2.5",20-Jun-26
Gandhinagar,64,"PM
10",20-Jun-26
Gangtok,33,"PM
10",20-Jun-26
Gaya,66,"O  , PM
3         10",20-Jun-26
Ghaziabad,165,"PM    , PM
2.5         10",20-Jun-26
Greater Noida,170,"PM
10",20-Jun-26
Gummidipoondi,105,"PM
2.5",20-Jun-26
Guntur,53,"PM
2.5",20-Jun-26
Gurugram,171,"PM    , PM
2.5         10",20-Jun-26
Guwahati,74,"PM
2.5",20-Jun-26
Gwalior,74,"CO, PM10",20-Jun-26
Haldia,40,"PM
10",20-Jun-26
Hanumangarh,62,"PM
10",20-Jun-26
Hapur,147,"PM
10",20-Jun-26
Hisar,93,PM10,20-Jun-26
Howrah,68,"O3, PM10",20-Jun-26
Hubballi,58,PM10,20-Jun-26
Hyderabad,62,PM10,20-Jun-26
Indore,72,"CO, NO2",20-Jun-26
Jabalpur,68,", NO
O3, PM10         2",20-Jun-26
Jaipur,88,PM10,20-Jun-26
Jaisalmer,102,PM10,20-Jun-26
Jalandhar,57,CO,20-Jun-26
Jalgaon,45,PM10,20-Jun-26
Jalna,59,O3,20-Jun-26
Jalore,81,PM10,20-Jun-26
Jhalawar,59,O3,20-Jun-26
Jhansi,33,PM10,20-Jun-26
Jhunjhunu,92,PM10,20-Jun-26
Jind,105,"PM
2.5",20-Jun-26
Jodhpur,81,PM10,20-Jun-26
Jorapokhar,89,PM10,20-Jun-26
Kadapa,51,O3,20-Jun-26
Kaithal,98,PM10,20-Jun-26
Kalaburagi,43,PM10,20-Jun-26
Kalyan,50,CO,20-Jun-26
Kannur,65,"PM
2.5",20-Jun-26
Kanpur,77,"CO, PM
10",20-Jun-26
Karauli,78,PM10,20-Jun-26
Karnal,151,"PM
2.5",20-Jun-26
Kashipur,130,"PM
2.5",20-Jun-26
Katihar,90,CO,20-Jun-26
Katni,70,O3,20-Jun-26
Keonjhar,54,O3,20-Jun-26
Khanna,90,PM10,20-Jun-26
Khurja,104,PM10,20-Jun-26
Kishanganj,106,"PM
2.5",20-Jun-26
Kohima,44,"SO
2",20-Jun-26
Kolhapur,38,"O3, PM10",20-Jun-26
Kolkata,61,"O3, PM10",20-Jun-26
Kollam,63,"PM
2.5",20-Jun-26
Korba,27,PM10,20-Jun-26
Kota,64,PM10,20-Jun-26
Kunjemura,78,PM10,20-Jun-26
Kurukshetra,122,PM10,20-Jun-26
Latur,54,PM10,20-Jun-26
Lucknow,105,", PM
PM2.5         10",20-Jun-26
Ludhiana,84,PM10,20-Jun-26
Machilipatnam,74,"PM
2.5",20-Jun-26
Madurai,57,"SO
2",20-Jun-26
Mahad,52,O3,20-Jun-26
Maihar,67,NO2,20-Jun-26
Malegaon,57,PM10,20-Jun-26
Mandi Gobindgarh,76,PM10,20-Jun-26
Mandideep,58,O3,20-Jun-26
Mandikhera,64,O3,20-Jun-26
Manesar,113,"PM
2.5",20-Jun-26
Mangalore,37,O3,20-Jun-26
Mathura,96,PM10,20-Jun-26
Meerut,184,"O3, PM10",20-Jun-26
Mehsana,65,CO,20-Jun-26
Milupara,73,O3,20-Jun-26
Moradabad,106,PM10,20-Jun-26
Motihari,70,PM10,20-Jun-26
Mumbai,49,"PM    , PM   , NO
2.5         10         2",20-Jun-26
Munger,49,"PM
2.5",20-Jun-26
Muzaffarnagar,165,PM10,20-Jun-26
Muzaffarpur,74,", PM
PM2.5         10",20-Jun-26
Mysuru,59,PM10,20-Jun-26
Nagaon,63,"PM
2.5",20-Jun-26
Nagaur,70,PM10,20-Jun-26
Nagpur,53,"O3, PM10",20-Jun-26
Naharlagun,48,PM10,20-Jun-26
Nalbari,40,"PM
2.5",20-Jun-26
Nanded,63,O3,20-Jun-26
Nandesari,64,PM10,20-Jun-26
Narnaul,91,PM10,20-Jun-26
Nashik,40,PM10,20-Jun-26
Navi Mumbai,53,"PM   , NO
10         2",20-Jun-26
Nellore,86,PM10,20-Jun-26
Noida,139,PM10,20-Jun-26
Pali,119,PM10,20-Jun-26
Palwal,126,PM10,20-Jun-26
Pampore,42,PM10,20-Jun-26
Panchgaon,167,"PM
2.5",20-Jun-26
Panchkula,114,"PM
2.5",20-Jun-26
Panipat,140,PM10,20-Jun-26
Parbhani,39,PM10,20-Jun-26
Patiala,98,PM10,20-Jun-26
Patna,88,PM10,20-Jun-26
Perundurai,40,CO,20-Jun-26
Pimpri-Chinchwad,48,"O3, PM10",20-Jun-26
Pithampur,75,PM10,20-Jun-26
Pratapgarh,72,PM10,20-Jun-26
Prayagraj,52,PM10,20-Jun-26
Puducherry,74,O3,20-Jun-26
Pune,55,CO,20-Jun-26
Purnia,66,"PM
2.5",20-Jun-26
Raipur,59,", PM
PM2.5         10",20-Jun-26
Rairangpur,60,PM10,20-Jun-26
Rajamahendravaram,48,PM10,20-Jun-26
Rajgir,61,"PM
2.5",20-Jun-26
Rajkot,79,CO,20-Jun-26
Rajsamand,61,PM10,20-Jun-26
Ramanagara,55,PM10,20-Jun-26
Ratlam,60,PM10,20-Jun-26
Rohtak,78,PM10,20-Jun-26
Rourkela,67,PM10,20-Jun-26
Rupnagar,265,"PM
2.5",20-Jun-26
Sagar,52,"PM
2.5",20-Jun-26
Saharsa,62,PM10,20-Jun-26
Sangli,33,O3,20-Jun-26
Satna,70,PM10,20-Jun-26
Sawai Madhopur,65,PM10,20-Jun-26
Shivamogga,49,PM10,20-Jun-26
Sikar,118,PM10,20-Jun-26
Silchar,50,PM10,20-Jun-26
Singrauli,66,"PM
2.5",20-Jun-26
Sirohi,75,PM10,20-Jun-26
Sirsa,81,CO,20-Jun-26
Sivasagar,60,O3,20-Jun-26
Siwan,102,CO,20-Jun-26
Solapur,79,PM10,20-Jun-26
Sonipat,221,"PM
2.5",20-Jun-26
Sri Ganganagar,87,O3,20-Jun-26
Srinagar,42,PM10,20-Jun-26
Suakati,85,O3,20-Jun-26
Surat,41,PM10,20-Jun-26
Talcher,101,CO,20-Jun-26
Tensa,70,"SO
2",20-Jun-26
Thane,61,PM10,20-Jun-26
Thiruvananthapuram,61,", PM
PM2.5         10",20-Jun-26
Thoothukudi,61,PM10,20-Jun-26
Thrissur,68,PM10,20-Jun-26
Tirumala,84,PM10,20-Jun-26
Tirupati,65,PM10,20-Jun-26
Tonk,90,PM10,20-Jun-26
Tumakuru,54,CO,20-Jun-26
Tumidih,58,NO2,20-Jun-26
Udaipur,102,PM10,20-Jun-26
Ujjain,52,PM10,20-Jun-26
Ulhasnagar,50,PM10,20-Jun-26
Vadodara,90,CO,20-Jun-26
Vapi,94,PM10,20-Jun-26
Varanasi,62,PM10,20-Jun-26
Vatva,119,PM10,20-Jun-26
Vijayapura,39,PM10,20-Jun-26
Vijayawada,67,PM10,20-Jun-26
Virar,61,PM10,20-Jun-26
Visakhapatnam,116,PM10,20-Jun-26
Vrindavan,68,PM10,20-Jun-26
Yadgir,56,PM10,20-Jun-26
Yamuna Nagar,157,"PM
2.5",20-Jun-26
Agra,93,PM10,19-Jun-26
Ahmedabad,66,", SO
PM10         2",19-Jun-26
Ahmednagar,45,PM2.5,19-Jun-26
Aizawl,33,PM10,19-Jun-26
Ajmer,58,PM10,19-Jun-26
Akola,83,PM10,19-Jun-26
Amaravati,62,PM10,19-Jun-26
Ambala,102,PM10,19-Jun-26
Ambernath,20,"NO
2",19-Jun-26
Amravati,59,"PM
10",19-Jun-26
Amritsar,93,NO2,19-Jun-26
Anantapur,83,"PM
10",19-Jun-26
Angul,128,"PM
10",19-Jun-26
Ankleshwar,56,"PM
10",19-Jun-26
Araria,68,"PM
10",19-Jun-26
Arrah,50,CO,19-Jun-26
Asansol,51,", SO
CO, PM2.5         2",19-Jun-26
Aurangabad (Maharashtra),55,"O3, PM10",19-Jun-26
Baddi,189,"PM
2.5",19-Jun-26
Badlapur,76,"PM
10",19-Jun-26
Bagalkot,51,"PM
10",19-Jun-26
Baghpat,136,"PM
10",19-Jun-26
Bahadurgarh,115,"PM
2.5",19-Jun-26
Balasore,68,O3,19-Jun-26
Ballabgarh,172,"PM
10",19-Jun-26
Baran,108,O3,19-Jun-26
Barbil,104,"PM
10",19-Jun-26
Bareilly,48,"PM
10",19-Jun-26
Baripada,75,"PM
10",19-Jun-26
Barmer,96,"PM
10",19-Jun-26
Barrackpore,33,O3,19-Jun-26
Bathinda,83,"PM
10",19-Jun-26
Begusarai,78,"PM
10",19-Jun-26
Bengaluru,72,"PM
10",19-Jun-26
Bhagalpur,66,"PM
10",19-Jun-26
Bharatpur,97,O3,19-Jun-26
Bhavnagar,78,CO,19-Jun-26
Bhilai,34,"O  , PM
3         10",19-Jun-26
Bhilwara,79,"PM
10",19-Jun-26
Bhiwadi,130,"PM
10",19-Jun-26
Bhiwandi,68,"PM
10",19-Jun-26
Bhiwani,82,"PM
2.5",19-Jun-26
Bhopal,52,"PM
10",19-Jun-26
Bhubaneswar,76,"PM
10",19-Jun-26
Bihar Sharif,57,CO,19-Jun-26
Bikaner,131,"PM
10",19-Jun-26
Bilaspur,52,"PM
10",19-Jun-26
Brajrajnagar,54,"PM
10",19-Jun-26
Bulandshahr,168,"PM
10",19-Jun-26
Bundi,53,O3,19-Jun-26
Buxar,112,O3,19-Jun-26
Byasanagar,70,O3,19-Jun-26
Byrnihat (Assam),112,"PM
2.5",19-Jun-26
Chamarajanagar,42,"PM
10",19-Jun-26
Chandigarh,74,"CO, PM10",19-Jun-26
Chandrapur,76,"PM
10",19-Jun-26
Charkhi Dadri,82,"PM
2.5",19-Jun-26
Chennai,74,"O  , PM
3         10",19-Jun-26
Chhal,46,"PM
10",19-Jun-26
Chhapra,124,"PM
10",19-Jun-26
Chikkaballapur,77,"PM
10",19-Jun-26
Chikkamagaluru,32,"PM
10",19-Jun-26
Chittoor,65,"PM
10",19-Jun-26
Chittorgarh,71,"PM
10",19-Jun-26
Churu,74,O3,19-Jun-26
Coimbatore,37,"PM
2.5",19-Jun-26
Cuddalore,60,"PM
10",19-Jun-26
Cuttack,80,"PM
10",19-Jun-26
Damoh,53,"PM
10",19-Jun-26
Dausa,82,"PM
10",19-Jun-26
Dehradun,95,"PM
10",19-Jun-26
Delhi,142,"PM
10",19-Jun-26
Dewas,81,NO2,19-Jun-26
Dhanbad,156,"PM
10",19-Jun-26
Dharuhera,72,"PM
2.5",19-Jun-26
Dharwad,84,"PM
10",19-Jun-26
Dholpur,61,"PM
10",19-Jun-26
Dhule,87,O3,19-Jun-26
Dungarpur,51,"PM
10",19-Jun-26
Durgapur,64,"CO, NO  , PM
2         10",19-Jun-26
Eluru,41,"PM
10",19-Jun-26
Faridabad,113,"PM
10",19-Jun-26
Fatehabad,82,O3,19-Jun-26
Firozabad,51,"PM
10",19-Jun-26
Gandhinagar,59,"PM
10",19-Jun-26
Gangtok,25,O3,19-Jun-26
Gaya,80,"PM    , O  , PM
2.5      3         10",19-Jun-26
Ghaziabad,159,"PM   , PM
10         2.5",19-Jun-26
Gorakhpur,105,"PM
10",19-Jun-26
Greater Noida,166,"PM
10",19-Jun-26
Gummidipoondi,125,"PM
2.5",19-Jun-26
Guntur,59,"PM
2.5",19-Jun-26
Gurugram,185,"PM   , PM
10         2.5",19-Jun-26
Guwahati,56,"SO  , PM
2         2.5",19-Jun-26
Gwalior,77,"O  , PM
3         10",19-Jun-26
Hajipur,126,"PM
2.5",19-Jun-26
Haldia,45,"PM
10",19-Jun-26
Hanumangarh,77,"PM
10",19-Jun-26
Hapur,124,"PM
10",19-Jun-26
Hisar,118,PM10,19-Jun-26
Howrah,64,"O3, PM10",19-Jun-26
Hubballi,58,PM10,19-Jun-26
Hyderabad,64,PM10,19-Jun-26
Indore,67,"CO, NO2",19-Jun-26
Jabalpur,72,"O3, NO2, PM10",19-Jun-26
Jaipur,79,"O3, PM10",19-Jun-26
Jaisalmer,123,PM10,19-Jun-26
Jalandhar,63,PM10,19-Jun-26
Jalna,39,O3,19-Jun-26
Jalore,71,PM10,19-Jun-26
Jhalawar,55,O3,19-Jun-26
Jhansi,37,PM10,19-Jun-26
Jhunjhunu,75,O3,19-Jun-26
Jind,154,"PM
2.5",19-Jun-26
Jodhpur,99,PM10,19-Jun-26
Jorapokhar,87,PM10,19-Jun-26
,,,
,,,
,,,
,,,
,,,
,,,
,,,
,,,
,,,
,,,
,,,
,,,
,,,
,,,
,,,
,,,
,,,
,,,
,,,
,,,
,,,
,,,
,,,
,,,
,,,
,,,
,,,
,,,
,,,
,,,
,,,
,,,
,,,
,,,
,,,
,,,
,,,
,,,
,,,
,,,
,,,
,,,
,,,
,,,
,,,
,,,
,,,
,,,
,,,
,,,
,,,
,,,
,,,
,,,
,,,
,,,
,,,
,,,
,,,
,,,
,,,
,,,
,,,
,,,
,,,
,,,
,,,
,,,
,,,
,,,
,,,
,,,
,,,
,,,
,,,
,,,
,,,
,,,
,,,
,,,
,,,
,,,
,,,
,,,
,,,
,,,
,,,
,,,
,,,
,,,
,,,
,,,
,,,
,,,
,,,
,,,
,,,
,,,
,,,
,,,
,,,
,,,
,,,
,,,
,,,
,,,
,,,
,,,
,,,
,,,
,,,
,,,
,,,
,,,
,,,
,,,
,,,
,,,
,,,
,,,
,,,
,,,
,,,
,,,
,,,
,,,
,,,
,,,
,,,
,,,
,,,
,,,
,,,
,,,
,,,
,,,
,,,
,,,
,,,
,,,
,,,
,,,
,,,
,,,
,,,
,,,
,,,
,,,
,,,
,,,
,,,
,,,
,,,
,,,
,,,
,,,
,,,
,,,
,,,
,,,
,,,
,,,
,,,
,,,
,,,
,,,
,,,
,,,
,,,
,,,
,,,
,,,
,,,
,,,
,,,
,,,
,,,
,,,
,,,
,,,
,,,
,,,
,,,
,,,
,,,
,,,
,,,
,,,
,,,
,,,
,,,
,,,
,,,
,,,
,,,
,,,
,,,
,,,
,,,
,,,
,,,
,,,
,,,
,,,
,,,
,,,
,,,
,,,
,,,
,,,
,,,
,,,
,,,
,,,
,,,
,,,
,,,
,,,
,,,
,,,
,,,
,,,
,,,
,,,
,,,
,,,
,,,
,,,
,,,
,,,
,,,
,,,
,,,
,,,
,,,
,,,
,,,
,,,
,,,
,,,
,,,
,,,
,,,
,,,
,,,
,,,
,,,
,,,
,,,
,,,
,,,
,,,
,,,
,,,
,,,
,,,
,,,
,,,
,,,
,,,
,,,
,,,
,,,
,,,
,,,
,,,
,,,
,,,
,,,
,,,
,,,
,,,
,,,
,,,
,,,
,,,
,,,
,,,
,,,
,,,
,,,
,,,
,,,
,,,
,,,
,,,
,,,
,,,
,,,
,,,
,,,
,,,
,,,
,,,
,,,
,,,
,,,
,,,
,,,
,,,
,,,
,,,
,,,
,,,
,,,
,,,
,,,
,,,
,,,
,,,
,,,
,,,
,,,
,,,
,,,
,,,
,,,
,,,
,,,
,,,
,,,
,,,
,,,
,,,
,,,
,,,
,,,
,,,
,,,
,,,
,,,
,,,
,,,
,,,
,,,
,,,
,,,
,,,
,,,
,,,
,,,
,,,
,,,
,,,
,,,
,,,
,,,
,,,
,,,
,,,
,,,
,,,
,,,
,,,
,,,
,,,
,,,
,,,
,,,
,,,
,,,
,,,
,,,
,,,
,,,
,,,
,,,
,,,
,,,
,,,
,,,
,,,
,,,
,,,
,,,
,,,
,,,
,,,
,,,
,,,
,,,
,,,
,,,
,,,
,,,
,,,
,,,
,,,
,,,
,,,
,,,
,,,
,,,
,,,
,,,
,,,
,,,
,,,
,,,
,,,
,,,
,,,
,,,
,,,
,,,
,,,
,,,
,,,
,,,
,,,
,,,
,,,
,,,
,,,
,,,
,,,
,,,
,,,
,,,
,,,
,,,
,,,
,,,
,,,
,,,
,,,
,,,
,,,
,,,
,,,
,,,
,,,
,,,
,,,
,,,
,,,
,,,
,,,
,,,
,,,
,,,
,,,
,,,
,,,
,,,
,,,
,,,
,,,
,,,
,,,
,,,
,,,
,,,
,,,
,,,
,,,
,,,
,,,
,,,
,,,
,,,
,,,
,,,
,,,
,,,
,,,
,,,
,,,
,,,
,,,
,,,
,,,
,,,
,,,
,,,
,,,
,,,
,,,
,,,
,,,
,,,
,,,
,,,
,,,
,,,
,,,
,,,
,,,
,,,
,,,
,,,
,,,
,,,
,,,
,,,
,,,
,,,
,,,
,,,
,,,
,,,
,,,
,,,
,,,
,,,
,,,
,,,
,,,
,,,
,,,
,,,
,,,
,,,
,,,
,,,
,,,
,,,
,,,
,,,
,,,
,,,
,,,
,,,
,,,
,,,
,,,
,,,
,,,
,,,
,,,
,,,
,,,
,,,
,,,
,,,
,,,
,,,
,,,
,,,
,,,
,,,
,,,
,,,
,,,
,,,
,,,
,,,
,,,
,,,
,,,
,,,
,,,
,,,
,,,
,,,
,,,
,,,
,,,
,,,
,,,
,,,
,,,
,,,
,,,
,,,
,,,
,,,
,,,
,,,
,,,
,,,
,,,
,,,
,,,
,,,
,,,
,,,
,,,
,,,
,,,
,,,
,,,
,,,
,,,
,,,
,,,
,,,
,,,
,,,
,,,
,,,
,,,
,,,
,,,
,,,
,,,
,,,
,,,
,,,
,,,
,,,
,,,
,,,
,,,
,,,
,,,
,,,
,,,
,,,
,,,
,,,
,,,
,,,
,,,
,,,
,,,
,,,
,,,
,,,
,,,
,,,
,,,
,,,
,,,
,,,
,,,
,,,
,,,
,,,
,,,
,,,
,,,
,,,
,,,
,,,
,,,
,,,
,,,
,,,
,,,
,,,
,,,
,,,
,,,
,,,
,,,
,,,
,,,
,,,
,,,
,,,
,,,
,,,
,,,
,,,
,,,
,,,
,,,
,,,
,,,
,,,
,,,
,,,
,,,
,,,
,,,
,,,
,,,
,,,
,,,
,,,
,,,
,,,
,,,
,,,
,,,
,,,
,,,
,,,
,,,
,,,
,,,
,,,
,,,
,,,
,,,
,,,
,,,
,,,
,,,
,,,
,,,
,,,
,,,
,,,
,,,
,,,
,,,
,,,
,,,
,,,
,,,
,,,
,,,
,,,
,,,
,,,
,,,
,,,
,,,
,,,
,,,
,,,
,,,
,,,
,,,
,,,
,,,
,,,
,,,
,,,
,,,
,,,
,,,
,,,
,,,
,,,
,,,
,,,
,,,
,,,
,,,
,,,
,,,
,,,
,,,
,,,
,,,
,,,
,,,
,,,
,,,
,,,
,,,
,,,
,,,
,,,
,,,
,,,
,,,
,,,
,,,
,,,
,,,
,,,
,,,
,,,
,,,
,,,
,,,
,,,
,,,
,,,
,,,
,,,
,,,
,,,
,,,
,,,
,,,
,,,
,,,
,,,
,,,
,,,
,,,
,,,
,,,
,,,
,,,
,,,
,,,
,,,
,,,
,,,
,,,
,,,
,,,
,,,
,,,
,,,
,,,
,,,
,,,
,,,
,,,
,,,
,,,
,,,
,,,
,,,
,,,
,,,
,,,
,,,
,,,
,,,
,,,
,,,
,,,
,,,
,,,
,,,
,,,
,,,
,,,
,,,
,,,
,,,
,,,
,,,
,,,
,,,
,,,
,,,
,,,
,,,
,,,
,,,
,,,
,,,
,,,
,,,
,,,
,,,
,,,
,,,
,,,
,,,
,,,
,,,
,,,
,,,
,,,
,,,
,,,
,,,
,,,
,,,
,,,
,,,
,,,
,,,
,,,
,,,
,,,
,,,
,,,
,,,
,,,
,,,
,,,
,,,
,,,
,,,
,,,
,,,
,,,
,,,
,,,
,,,
,,,
,,,
,,,
,,,
,,,
,,,
,,,
,,,
,,,
,,,
,,,
,,,
,,,
,,,
,,,
,,,
,,,
,,,
,,,
,,,
,,,
,,,
,,,
,,,
,,,
,,,
,,,
,,,
,,,
,,,
,,,
,,,
,,,
,,,
,,,
,,,
,,,
,,,
,,,
,,,
,,,
,,,
,,,
,,,
,,,
,,,
,,,
,,,
,,,
,,,
,,,
,,,
,,,
,,,
,,,
,,,
,,,
,,,
,,,
,,,
,,,
,,,
,,,
,,,
,,,
,,,
,,,
,,,
,,,
,,,
,,,
,,,
,,,
,,,
,,,
,,,
,,,
,,,
,,,
,,,
,,,
,,,
,,,
,,,
,,,
,,,
,,,
,,,
,,,
,,,
,,,
,,,
,,,
,,,
,,,
,,,
,,,
,,,
,,,
,,,
,,,
,,,
,,,
,,,
,,,
,,,
,,,
,,,
,,,
,,,
,,,
,,,
,,,
,,,
,,,
,,,
,,,
,,,
,,,
,,,
,,,
,,,
,,,
,,,
,,,
,,,
,,,
,,,
,,,
,,,
,,,
,,,
,,,
,,,
,,,
,,,
,,,
,,,
,,,
,,,
,,,
,,,
,,,
,,,
,,,
,,,
,,,
,,,
,,,
,,,
,,,
,,,
,,,
,,,
,,,
,,,
,,,
,,,
,,,
,,,
,,,
,,,
,,,
,,,
,,,
,,,
,,,
,,,
,,,
,,,
,,,
,,,
,,,
,,,
,,,
,,,
,,,
,,,
,,,
,,,
,,,
,,,
,,,
,,,
,,,
,,,
,,,
,,,
,,,
,,,
,,,
,,,
,,,
,,,
,,,
,,,
,,,
,,,
,,,
,,,
,,,
,,,
,,,
,,,
,,,
,,,
,,,
,,,
,,,
,,,
,,,
,,,
,,,
,,,
,,,
,,,
,,,
,,,
,,,
,,,
,,,
,,,
,,,
,,,
,,,
,,,
,,,
,,,
,,,
,,,
,,,
,,,
,,,
,,,
,,,
,,,
,,,
,,,
,,,
,,,
,,,
,,,
,,,
,,,
,,,
,,,
,,,
,,,
,,,
,,,
,,,
,,,
,,,
,,,
,,,
,,,
,,,
,,,
,,,
,,,
,,,
,,,
,,,
,,,
,,,
,,,
,,,
,,,
,,,
,,,
,,,
,,,
,,,
,,,
,,,
,,,
,,,
,,,
,,,
,,,
,,,
,,,
,,,
,,,
,,,
,,,
,,,
,,,
,,,
,,,
,,,
,,,
,,,
,,,
,,,
,,,
,,,
,,,
,,,
,,,
,,,
,,,
,,,
,,,
,,,
,,,
,,,
,,,
,,,
,,,
,,,
,,,
,,,
,,,
,,,
,,,
,,,
,,,
,,,
,,,
,,,
,,,
,,,
,,,
,,,
,,,
,,,
,,,
,,,
,,,
,,,
,,,
,,,
,,,
,,,
,,,
,,,
,,,
,,,
,,,
,,,
,,,
,,,
,,,
,,,
,,,
,,,
,,,
,,,
,,,
,,,
,,,
,,,
,,,
,,,
,,,
,,,
,,,
,,,
,,,
,,,
,,,
,,,
,,,
,,,
,,,
,,,
,,,
,,,
,,,
,,,
,,,
,,,
,,,
,,,
,,,
,,,
,,,
,,,
,,,
,,,
,,,
,,,
,,,
,,,
,,,
,,,
,,,
,,,
,,,
,,,
,,,
,,,
,,,
,,,
,,,
,,,
,,,
,,,
,,,
,,,
,,,
,,,
,,,
,,,
,,,
,,,
,,,
,,,
,,,
,,,
,,,
,,,
,,,
,,,
,,,
,,,
,,,
,,,
,,,
,,,
,,,
,,,
,,,
,,,
,,,
,,,
,,,
,,,
,,,
,,,
,,,
,,,
,,,
,,,
,,,
,,,
,,,
,,,
,,,
,,,
,,,
,,,
,,,
,,,
,,,
,,,
,,,
,,,
,,,
,,,
,,,
,,,
,,,
,,,
,,,
,,,
,,,
,,,
,,,
,,,
,,,
,,,
,,,
,,,
,,,
,,,
,,,
,,,
,,,
,,,
,,,
,,,
,,,
,,,
,,,
,,,
,,,
,,,
,,,
,,,
,,,
,,,
,,,
,,,
,,,
,,,
,,,
,,,
,,,
,,,
,,,
,,,
,,,
,,,
,,,
,,,
,,,
,,,
,,,
,,,
,,,
,,,
,,,
,,,
,,,
,,,
,,,
,,,
,,,
,,,
,,,
,,,
,,,
,,,
,,,
,,,
,,,
,,,
,,,
,,,
,,,
,,,
,,,
,,,
,,,
,,,
,,,
,,,
,,,
,,,
,,,
,,,
,,,
,,,
,,,
,,,
,,,
,,,
,,,
,,,
,,,
,,,
,,,
,,,
,,,
,,,
,,,
,,,
,,,
,,,
,,,
,,,
,,,
,,,
,,,
,,,
,,,
,,,
,,,
,,,
,,,
,,,
,,,
,,,
,,,
,,,
,,,
,,,
,,,
,,,
,,,
,,,
,,,
,,,
,,,
,,,
,,,
,,,
,,,
,,,
,,,
,,,
,,,
,,,
,,,
,,,
,,,
,,,
,,,
,,,
,,,
,,,
,,,
,,,
,,,
,,,
,,,
,,,
,,,
,,,
,,,
,,,
,,,
,,,
,,,
,,,
,,,
,,,
,,,
,,,
,,,
,,,
,,,
,,,
,,,
,,,
,,,
,,,
,,,
,,,
,,,
,,,
,,,
,,,
,,,
,,,
,,,
,,,
,,,
,,,
,,,
,,,
,,,
,,,
,,,
,,,
,,,
,,,
,,,
,,,
,,,
,,,
,,,
,,,
,,,
,,,
,,,
,,,
,,,
,,,
,,,
,,,
,,,
,,,
,,,
,,,
,,,
,,,
,,,
,,,
,,,
,,,
,,,
,,,
,,,
,,,
,,,
,,,
,,,
,,,
,,,
,,,
,,,
,,,
,,,
,,,
,,,
,,,
,,,
,,,
,,,
,,,
,,,
,,,
,,,
,,,
,,,
,,,
,,,
,,,
,,,
,,,
,,,
,,,
,,,
,,,
,,,
,,,
,,,
,,,
,,,
,,,
,,,
,,,
,,,
,,,
,,,
,,,
,,,
,,,
,,,
,,,
,,,
,,,
,,,
,,,
,,,
,,,
,,,
,,,
,,,
,,,
,,,
,,,
,,,
,,,
,,,
,,,
,,,
,,,
,,,
,,,
,,,
,,,
,,,
,,,
,,,
,,,
,,,
,,,
,,,
,,,
,,,
,,,
,,,
,,,
,,,
,,,
,,,
,,,
,,,
,,,
,,,
,,,
,,,
,,,
,,,
,,,
,,,
,,,
,,,
,,,
,,,
,,,
,,,
,,,
,,,
,,,
,,,
,,,
,,,
,,,
,,,
,,,
,,,
,,,
,,,
,,,
,,,
,,,
,,,
,,,
,,,
,,,
,,,
,,,
,,,
,,,
,,,
,,,
,,,
,,,
,,,
,,,
,,,
,,,
,,,
,,,
,,,
,,,
,,,
,,,
,,,
,,,
,,,
,,,
,,,
,,,
,,,
,,,
,,,
,,,
,,,
,,,
,,,
,,,
,,,
,,,
,,,
,,,
,,,
,,,
,,,
,,,
,,,
,,,
,,,
,,,
,,,
,,,
,,,
,,,
,,,
,,,
,,,
,,,
,,,
,,,
,,,
,,,
,,,
,,,
,,,
,,,
,,,
,,,
,,,
,,,
,,,
,,,
,,,
,,,
,,,
,,,
,,,
,,,
,,,
,,,
,,,
,,,
,,,
,,,
,,,
,,,
,,,
,,,
,,,
,,,
,,,
,,,
,,,
,,,
,,,
,,,
,,,
,,,
,,,
,,,
,,,
,,,
,,,
,,,
,,,
,,,
,,,
,,,
,,,
,,,
,,,
,,,
,,,
,,,
,,,
,,,
,,,
,,,
,,,
,,,
,,,
,,,
,,,
,,,
,,,
,,,
,,,
,,,
,,,
,,,
,,,
,,,
,,,
,,,
,,,
,,,
,,,
,,,
,,,
,,,
,,,
,,,
,,,
,,,
,,,
,,,
,,,
,,,
,,,
,,,
,,,
,,,
,,,
,,,
,,,
,,,
,,,
,,,
,,,
,,,
,,,
,,,
,,,
,,,
,,,
,,,
,,,
,,,
,,,
,,,
,,,
,,,
,,,
,,,
,,,
,,,
,,,
,,,
,,,
,,,
,,,
,,,
,,,
,,,
,,,
,,,
,,,
,,,
,,,
,,,
,,,
,,,
,,,
,,,
,,,
,,,
,,,
,,,
,,,
,,,
,,,
,,,
,,,
,,,
,,,
,,,
,,,
,,,
,,,
,,,
,,,
,,,
,,,
,,,
,,,
,,,
,,,
,,,
,,,
,,,
,,,
,,,
,,,
,,,
,,,
,,,
,,,
,,,
,,,
,,,
,,,
,,,
,,,
,,,
,,,
,,,
,,,
,,,
,,,
,,,
,,,
,,,
,,,
,,,
,,,
,,,
,,,
,,,
,,,
,,,
,,,
,,,
,,,
,,,
,,,
,,,
,,,
,,,
,,,
,,,
,,,
,,,
,,,
,,,
,,,
,,,
,,,
,,,
,,,
,,,
,,,
,,,
,,,
,,,
,,,
,,,
,,,
,,,
,,,
,,,
,,,
,,,
,,,
,,,
,,,
,,,
,,,
,,,
,,,
,,,
,,,
,,,
,,,
,,,
,,,
,,,
,,,
,,,
,,,
,,,
,,,
,,,
,,,
,,,
,,,
,,,
,,,
,,,
,,,
,,,
,,,
,,,
,,,
,,,
,,,
,,,
,,,
,,,
,,,
,,,
,,,
,,,
,,,
,,,
,,,
,,,
,,,
,,,
,,,
,,,
,,,
,,,
,,,
,,,
,,,
,,,
,,,
,,,
,,,
,,,
,,,
,,,
,,,
,,,
,,,
,,,
,,,
,,,
,,,
,,,
,,,
,,,
,,,
,,,
,,,
,,,
,,,
,,,
,,,
,,,
,,,
,,,
,,,
,,,
,,,
,,,
,,,
,,,
,,,
,,,
,,,
,,,
,,,
,,,
,,,
,,,
,,,
,,,
,,,
,,,
,,,
,,,
,,,
,,,
,,,
,,,
,,,
,,,
,,,
,,,
,,,
,,,
,,,
,,,
,,,
,,,
,,,
,,,
,,,
,,,
,,,
,,,
,,,
,,,
,,,
,,,
,,,
,,,
,,,
,,,
,,,
,,,
,,,
,,,
,,,
,,,
,,,
,,,
,,,
,,,
,,,
,,,
,,,
,,,
,,,
,,,
,,,
,,,
,,,
,,,
,,,
,,,
,,,
,,,
,,,
,,,
,,,
,,,
,,,
,,,
,,,
,,,
,,,
,,,
,,,
,,,
,,,
,,,
,,,
,,,
,,,
,,,
,,,
,,,
,,,
,,,
,,,
,,,
,,,
,,,
,,,
,,,
,,,
,,,
,,,
,,,
,,,
,,,
,,,
,,,
,,,
,,,
,,,
,,,
,,,
,,,
,,,
,,,
,,,
,,,
,,,
,,,
,,,
,,,
,,,
,,,
,,,
,,,
,,,
,,,
,,,
,,,
,,,
,,,
,,,
,,,
,,,
,,,
,,,
,,,
,,,
,,,
,,,
,,,
,,,
,,,
,,,
,,,
,,,
,,,
,,,
,,,
,,,
,,,
,,,
,,,
,,,
,,,
,,,
,,,
,,,
,,,
,,,
,,,
,,,
,,,
,,,
,,,
,,,
,,,
,,,
,,,
,,,
,,,
,,,
,,,
,,,
,,,
,,,
,,,
,,,
,,,
,,,
,,,
,,,
,,,
,,,
,,,
,,,
,,,
,,,
,,,
,,,
,,,
,,,
,,,
,,,
,,,
,,,
,,,
,,,
,,,
,,,
,,,
,,,
,,,
,,,
,,,
,,,
,,,
,,,
,,,
,,,
,,,
,,,
,,,
,,,
,,,
,,,
,,,
,,,
,,,
,,,
,,,
,,,
,,,
,,,
,,,
,,,
,,,
,,,
,,,
,,,
,,,
,,,
,,,
,,,
,,,
,,,
,,,
,,,
,,,
,,,
,,,
,,,
,,,
,,,
,,,
,,,
,,,
,,,
,,,
,,,
,,,
,,,
,,,
,,,
,,,
,,,
,,,
,,,
,,,
,,,
,,,
,,,
,,,
,,,
,,,
,,,
,,,
,,,
,,,
,,,
,,,
,,,
,,,
,,,
,,,
,,,
,,,
,,,
,,,
,,,
,,,
,,,
,,,
,,,
,,,
,,,
,,,
,,,
,,,
,,,
,,,
,,,
,,,
,,,
,,,
,,,
,,,
,,,
,,,
,,,
,,,
,,,
,,,
,,,
,,,
,,,
,,,
,,,
,,,
,,,
,,,
,,,
,,,
,,,
,,,
,,,
,,,
,,,
,,,
,,,
,,,
,,,
,,,
,,,
,,,
,,,
,,,
,,,
,,,
,,,
,,,
,,,
,,,
,,,
,,,
,,,
,,,
,,,
,,,
,,,
,,,
,,,
,,,
,,,
,,,
,,,
,,,
,,,
,,,
,,,
,,,
,,,
,,,
,,,
,,,
,,,
,,,
,,,
,,,
,,,
,,,
,,,
,,,
,,,
,,,
,,,
,,,
,,,
,,,
,,,
,,,
,,,
,,,
,,,
,,,
,,,
,,,
,,,
,,,
,,,
,,,
,,,
,,,
,,,
,,,
,,,
,,,
,,,
,,,
,,,
,,,
,,,
,,,
,,,
,,,
,,,
,,,
,,,
,,,
,,,
,,,
,,,
,,,
,,,
,,,
,,,
,,,
,,,
,,,
,,,
,,,
,,,
,,,
,,,
,,,
,,,
,,,
,,,
,,,
,,,
,,,
,,,
,,,
,,,
,,,
,,,
,,,
,,,
,,,
,,,
,,,
,,,
,,,
,,,
,,,
,,,
,,,
,,,
,,,
,,,
,,,
,,,
,,,
,,,
,,,
,,,
,,,
,,,
,,,
,,,
,,,
,,,
,,,
,,,
,,,
,,,
,,,
,,,
,,,
,,,
,,,
,,,
,,,
,,,
,,,
,,,
,,,
,,,
,,,
,,,
,,,
,,,
,,,
,,,
,,,
,,,
,,,
,,,
,,,
,,,
,,,
,,,
,,,
,,,
,,,
,,,
,,,
,,,
,,,
,,,
,,,
,,,
,,,
,,,
,,,
,,,
,,,
,,,
,,,
,,,
,,,
,,,
,,,
,,,
,,,
,,,
,,,
,,,
,,,
,,,
,,,
,,,
,,,
,,,
,,,
,,,
,,,
,,,
,,,
,,,
,,,
,,,
,,,
,,,
,,,
,,,
,,,
,,,
,,,
,,,
,,,
,,,
,,,
,,,
,,,
,,,
,,,
,,,
,,,
,,,
,,,
,,,
,,,
,,,
,,,
,,,
,,,
,,,
,,,
,,,
,,,
,,,
,,,
,,,
,,,
,,,
,,,
,,,
,,,
,,,
,,,
,,,
,,,
,,,
,,,
,,,
,,,
,,,
,,,
,,,
,,,
,,,
,,,
,,,
,,,
,,,
,,,
,,,
,,,
,,,
,,,
,,,
,,,
,,,
,,,
,,,
,,,
,,,
,,,
,,,
,,,
,,,
,,,
,,,
,,,
,,,
,,,
,,,
,,,
,,,
,,,
,,,
,,,
,,,
,,,
,,,
,,,
,,,
,,,
,,,
,,,
,,,
,,,
,,,
,,,
,,,
,,,
,,,
,,,
,,,
,,,
,,,
,,,
,,,
,,,
,,,
,,,
,,,
,,,
,,,
,,,
,,,
,,,
,,,
,,,
,,,
,,,
,,,
,,,
,,,
,,,
,,,
,,,
,,,
,,,
,,,
,,,
,,,
,,,
,,,
,,,
,,,
,,,
,,,
,,,
,,,
,,,
,,,
,,,
,,,
,,,
,,,
,,,
,,,
,,,
,,,
,,,
,,,
,,,
,,,
,,,
,,,
,,,
,,,
,,,
,,,
,,,
,,,
,,,
,,,
,,,
,,,
,,,
,,,
,,,
,,,
,,,
,,,
,,,
,,,
,,,
,,,
,,,
,,,
,,,
,,,
,,,
,,,
,,,
,,,
,,,
,,,
,,,
,,,
,,,
,,,
,,,
,,,
,,,
,,,
,,,
,,,
,,,
,,,
,,,
,,,
,,,
,,,
,,,
,,,
,,,
,,,
,,,
,,,
,,,
,,,
,,,
,,,
,,,
,,,
,,,
,,,
,,,
,,,
,,,
,,,
,,,
,,,
,,,
,,,
,,,
,,,
,,,
,,,
,,,
,,,
,,,
,,,
,,,
,,,
,,,
,,,
,,,
,,,
,,,
,,,
,,,
,,,
,,,
,,,
,,,
,,,
,,,
,,,
,,,
,,,
,,,
,,,
,,,
,,,
,,,
,,,
,,,
,,,
,,,
,,,
,,,
,,,
,,,
,,,
,,,
,,,
,,,
,,,
,,,
,,,
,,,
,,,
,,,
,,,
,,,
,,,
,,,
,,,
,,,
,,,
,,,
,,,
,,,
,,,
,,,
,,,
,,,
,,,
,,,
,,,
,,,
,,,
,,,
,,,
,,,
,,,
,,,
,,,
,,,
,,,
,,,
,,,
,,,
,,,
,,,
,,,
,,,
,,,
,,,
,,,
,,,
,,,
,,,
,,,
,,,
,,,
,,,
,,,
,,,
,,,
,,,
,,,
,,,
,,,
,,,
,,,
,,,
,,,
,,,
,,,
,,,
,,,
,,,
,,,
,,,
,,,
,,,
,,,
,,,
,,,
,,,
,,,
,,,
,,,
,,,
,,,
,,,
,,,
,,,
,,,
,,,
,,,
,,,
,,,
,,,
,,,
,,,
,,,
,,,
,,,
,,,
,,,
,,,
,,,
,,,
,,,
,,,
,,,
,,,
,,,
,,,
,,,
,,,
,,,
,,,
,,,
,,,
,,,
,,,
,,,
,,,
,,,
,,,
,,,
,,,
,,,
,,,
,,,
,,,
,,,
,,,
,,,
,,,
,,,
,,,
,,,
,,,
,,,
,,,
,,,
,,,
,,,
,,,
,,,
,,,
,,,
,,,
,,,
,,,
,,,
,,,
,,,
,,,
,,,
,,,
,,,
,,,
,,,
,,,
,,,
,,,
,,,
,,,
,,,
,,,
,,,
,,,
,,,
,,,
,,,
,,,
,,,
,,,
,,,
,,,
,,,
,,,
,,,
,,,
,,,
,,,
,,,
,,,
,,,
,,,
,,,
,,,
,,,
,,,
,,,
,,,
,,,
,,,
,,,
,,,
,,,
,,,
,,,
,,,
,,,
,,,
,,,
,,,
,,,
,,,
,,,
,,,
,,,
,,,
,,,
,,,
,,,
,,,
,,,
,,,
,,,
,,,
,,,
,,,
,,,
,,,
,,,
,,,
,,,
,,,
,,,
,,,
,,,
,,,
,,,
,,,
,,,
,,,
,,,
,,,
,,,
,,,
,,,
,,,
,,,
,,,
,,,
,,,
,,,
,,,
,,,
,,,
,,,
,,,
,,,
,,,
,,,
,,,
,,,
,,,
,,,
,,,
,,,
,,,
,,,
,,,
,,,
,,,
,,,
,,,
,,,
,,,
,,,
,,,
,,,
,,,
,,,
,,,
,,,
,,,
,,,
,,,
,,,
,,,
,,,
,,,
,,,
,,,
,,,
,,,
,,,
,,,
,,,
,,,
,,,
,,,
,,,
,,,
,,,
,,,
,,,
,,,
,,,
,,,
,,,
,,,
,,,
,,,
,,,
,,,
,,,
,,,
,,,
,,,
,,,
,,,
,,,
,,,
,,,
,,,
,,,
,,,
,,,
,,,
,,,
,,,
,,,
,,,
,,,
,,,
,,,
,,,
,,,
,,,
,,,
,,,
,,,
,,,
,,,
,,,
,,,
,,,
,,,
,,,
,,,
,,,
,,,
,,,
,,,
,,,
,,,
,,,
,,,
,,,
,,,
,,,
,,,
,,,
,,,
,,,
,,,
,,,
,,,
,,,
,,,
,,,
,,,
,,,
,,,
,,,
,,,
,,,
,,,
,,,
,,,
,,,
,,,
,,,
,,,
,,,
,,,
,,,
,,,
,,,
,,,
,,,
,,,
,,,
,,,
,,,
,,,
,,,
,,,
,,,
,,,
,,,
,,,
,,,
,,,
,,,
,,,
,,,
,,,
,,,
,,,
,,,
,,,
,,,
,,,
,,,
,,,
,,,
,,,
,,,
,,,
,,,
,,,
,,,
,,,
,,,
,,,
,,,
,,,
,,,
,,,
,,,
,,,
,,,
,,,
,,,
,,,
,,,
,,,
,,,
,,,
,,,
,,,
,,,
,,,
,,,
,,,
,,,
,,,
,,,
,,,
,,,
,,,
,,,
,,,
,,,
,,,
,,,
,,,
,,,
,,,
,,,
,,,
,,,
,,,
,,,
,,,
,,,
,,,
,,,
,,,
,,,
,,,
,,,
,,,
,,,
,,,
,,,
,,,
,,,
,,,
,,,
,,,
,,,
,,,
,,,
,,,
,,,
,,,
,,,
,,,
,,,
,,,
,,,
,,,
,,,
,,,
,,,
,,,
,,,
,,,
,,,
,,,
,,,
,,,
,,,
,,,
,,,
,,,
,,,
,,,
,,,
,,,
,,,
,,,
,,,
,,,
,,,
,,,
,,,
,,,
,,,
,,,
,,,
,,,
,,,
,,,
,,,
,,,
,,,
,,,
,,,
,,,
,,,
,,,
,,,
,,,
,,,
,,,
,,,
,,,
,,,
,,,
,,,
,,,
,,,
,,,
,,,
,,,
,,,
,,,
,,,
,,,
,,,
,,,
,,,
,,,
,,,
,,,
,,,
,,,
,,,
,,,
,,,
,,,
,,,
,,,
,,,
,,,
,,,
,,,
,,,
,,,
,,,
,,,
,,,
,,,
,,,
,,,
,,,
,,,
,,,
,,,
,,,
,,,
,,,
,,,
,,,
,,,
,,,
,,,
,,,
,,,
,,,
,,,
,,,
,,,
,,,
,,,
,,,
,,,
,,,
,,,
,,,
,,,
,,,
,,,
,,,
,,,
,,,
,,,
,,,
,,,
,,,
,,,
,,,
,,,
,,,
,,,
,,,
,,,
,,,
,,,
,,,
,,,
,,,
,,,
,,,
,,,
,,,
,,,
,,,
,,,
,,,
,,,
,,,
,,,
,,,
,,,
,,,
,,,
,,,
,,,
,,,
,,,
,,,
,,,
,,,
,,,
,,,
,,,
,,,
,,,
,,,
,,,
,,,
,,,
,,,
,,,
,,,
,,,
,,,
,,,
,,,
,,,
,,,
,,,
,,,
,,,
,,,
,,,
,,,
,,,
,,,
,,,
,,,
,,,
,,,
,,,
,,,
,,,
,,,
,,,
,,,
,,,
,,,
,,,
,,,
,,,
,,,
,,,
,,,
,,,
,,,
,,,
,,,
,,,
,,,
,,,
,,,
,,,
,,,
,,,
,,,
,,,
,,,
,,,
,,,
,,,
,,,
,,,
,,,
,,,
,,,
,,,
,,,
,,,
,,,
,,,
,,,
,,,
,,,
,,,
,,,
,,,
,,,
,,,
,,,
,,,
,,,
,,,
,,,
,,,
,,,
,,,
,,,
,,,
,,,
,,,
,,,
,,,
,,,
,,,
,,,
,,,
,,,
,,,
,,,
,,,
,,,
,,,
,,,
,,,
,,,
,,,
,,,
,,,
,,,
,,,
,,,
,,,
,,,
,,,
,,,
,,,
,,,
,,,
,,,
,,,
,,,
,,,
,,,
,,,
,,,
,,,
,,,
,,,
,,,
,,,
,,,
,,,
,,,
,,,
,,,
,,,
,,,
,,,
,,,
,,,
,,,
,,,
,,,
,,,
,,,
,,,
,,,
,,,
,,,
,,,
,,,
,,,
,,,
,,,
,,,
,,,
,,,
,,,
,,,
,,,
,,,
,,,
,,,
,,,
,,,
,,,
,,,
,,,
,,,
,,,
,,,
,,,
,,,
,,,
,,,
,,,
,,,
,,,
,,,
,,,
,,,
,,,
,,,
,,,
,,,
,,,
,,,
,,,
,,,
,,,
,,,
,,,
,,,
,,,
,,,
,,,
,,,
,,,
,,,
,,,
,,,
,,,
,,,
,,,
,,,
,,,
,,,
,,,
,,,
,,,
,,,
,,,
,,,
,,,
,,,
,,,
,,,
,,,
,,,
,,,
,,,
,,,
,,,
,,,
,,,
,,,
,,,
,,,
,,,
,,,
,,,
,,,
,,,
,,,
,,,
,,,
,,,
,,,
,,,
,,,
,,,
,,,
,,,
,,,
,,,
,,,
,,,
,,,
,,,
,,,
,,,
,,,
,,,
,,,
,,,
,,,
,,,
,,,
,,,
,,,
,,,
,,,
,,,
,,,
,,,
,,,
,,,
,,,
,,,
,,,
,,,
,,,
,,,
,,,
,,,
,,,
,,,
,,,
,,,
,,,
,,,
,,,
,,,
,,,
,,,
,,,
,,,
,,,
,,,
,,,
,,,
,,,
,,,
,,,
,,,
,,,
,,,
,,,
,,,
,,,
,,,
,,,
,,,
,,,
,,,
,,,
,,,
,,,
,,,
,,,
,,,
,,,
,,,
,,,
,,,
,,,
,,,
,,,
,,,
,,,
,,,
,,,
,,,
,,,
,,,
,,,
,,,
,,,
,,,
,,,
,,,
,,,
,,,
,,,
,,,
,,,
,,,
,,,
,,,
,,,
,,,
,,,
,,,
,,,
,,,
,,,
,,,
,,,
,,,
,,,
,,,
,,,
,,,
,,,
,,,
,,,
,,,
,,,
,,,
,,,
,,,
,,,
,,,
,,,
,,,
,,,
,,,
,,,
,,,
,,,
,,,
,,,
,,,
,,,
,,,
,,,
,,,
,,,
,,,
,,,
,,,
,,,
,,,
,,,
,,,
,,,
,,,
,,,
,,,
,,,
,,,
,,,
,,,
,,,
,,,
,,,
,,,
,,,
,,,
,,,
,,,
,,,
,,,
,,,
,,,
,,,
,,,
,,,
,,,
,,,
,,,
,,,
,,,
,,,
,,,
,,,
,,,
,,,
,,,
,,,
,,,
,,,
,,,
,,,
,,,
,,,
,,,
,,,
,,,
,,,
,,,
,,,
,,,
,,,
,,,
,,,
,,,
,,,
,,,
,,,
,,,
,,,
,,,
,,,
,,,
,,,
,,,
,,,
,,,
,,,
,,,
,,,
,,,
,,,
,,,
,,,
,,,
,,,
,,,
,,,
,,,
,,,
,,,
,,,
,,,
,,,
,,,
,,,
,,,
,,,
,,,
,,,
,,,
,,,
,,,
,,,
,,,
,,,
,,,
,,,
,,,
,,,
,,,
,,,
,,,
,,,
,,,
,,,
,,,
,,,
,,,
,,,
,,,
,,,
,,,
,,,
,,,
,,,
,,,
,,,
,,,
,,,
,,,
,,,
,,,
,,,
,,,
,,,
,,,
,,,
,,,
,,,
,,,
,,,
,,,
,,,
,,,
,,,
,,,
,,,
,,,
,,,
,,,
,,,
,,,
,,,
,,,
,,,
,,,
,,,
,,,
,,,
,,,
,,,
,,,
,,,
,,,
,,,
,,,
,,,
,,,
,,,
,,,
,,,
,,,
,,,
,,,
,,,
,,,
,,,
,,,
,,,
,,,
,,,
,,,
,,,
,,,
,,,
,,,
,,,
,,,
,,,
,,,
,,,
,,,
,,,
,,,
,,,
,,,
,,,
,,,
,,,
,,,
,,,
,,,
,,,
,,,
,,,
,,,
,,,
,,,
,,,
,,,
,,,
,,,
,,,
,,,
,,,
,,,
,,,
,,,
,,,
,,,
,,,
,,,
,,,
,,,
,,,
,,,
,,,
,,,
,,,
,,,
,,,
,,,
,,,
,,,
,,,
,,,
,,,
,,,
,,,
,,,
,,,
,,,
,,,
,,,
,,,
,,,
,,,
,,,
,,,
,,,
,,,
,,,
,,,
,,,
,,,
,,,
,,,
,,,
,,,
,,,
,,,
,,,
,,,
,,,
,,,
,,,
,,,
,,,
,,,
,,,
,,,
,,,
,,,
,,,
,,,
,,,
,,,
,,,
,,,
,,,
,,,
,,,
,,,
,,,
,,,
,,,
,,,
,,,
,,,
,,,
,,,
,,,
,,,
,,,
,,,
,,,
,,,
,,,
,,,
,,,
,,,
,,,
,,,
,,,
,,,
,,,
,,,
,,,
,,,
,,,
,,,
,,,
,,,
,,,
,,,
,,,
,,,
,,,
,,,
,,,
,,,
,,,
,,,
,,,
,,,
,,,
,,,
,,,
,,,
,,,
,,,
,,,
,,,
,,,
,,,
,,,
,,,
,,,
,,,
,,,
,,,
,,,
,,,
,,,
,,,
,,,
,,,
,,,
,,,
,,,
,,,
,,,
,,,
,,,
,,,
,,,
,,,
,,,
,,,
,,,
,,,
,,,
,,,
,,,
,,,
,,,
,,,
,,,
,,,
,,,
,,,
,,,
,,,
,,,
,,,
,,,
,,,
,,,
,,,
,,,
,,,
,,,
,,,
,,,
,,,
,,,
,,,
,,,
,,,
,,,
,,,
,,,
,,,
,,,
,,,
,,,
,,,
,,,
,,,
,,,
,,,
,,,
,,,
,,,
,,,
,,,
,,,
,,,
,,,
,,,
,,,
,,,
,,,
,,,
,,,
,,,
,,,
,,,
,,,
,,,
,,,
,,,
,,,
,,,
,,,
,,,
,,,
,,,
,,,
,,,
,,,
,,,
,,,
,,,
,,,
,,,
,,,
,,,
,,,
,,,
,,,
,,,
,,,
,,,
,,,
,,,
,,,
,,,
,,,
,,,
,,,
,,,
,,,
,,,
,,,
,,,
,,,
,,,
,,,
,,,
,,,
,,,
,,,
,,,
,,,
,,,
,,,
,,,
,,,
,,,
,,,
,,,
,,,
,,,
,,,
,,,
,,,
,,,
,,,
,,,
,,,
,,,
,,,
,,,
,,,
,,,
,,,
,,,
,,,
,,,
,,,
,,,
,,,
,,,
,,,
,,,
,,,
,,,
,,,
,,,
,,,
,,,
,,,
,,,
,,,
,,,
,,,
,,,
,,,
,,,
,,,
,,,
,,,
,,,
,,,
,,,
,,,
,,,
,,,
,,,
,,,
,,,
,,,
,,,
,,,
,,,
,,,
,,,
,,,
,,,
,,,
,,,
,,,
,,,
,,,
,,,
,,,
,,,
,,,
,,,
,,,
,,,
,,,
,,,
,,,
,,,
,,,
,,,
,,,
,,,
,,,
,,,
,,,
,,,
,,,
,,,
,,,
,,,
,,,
,,,
,,,
,,,
,,,
,,,
,,,
,,,
,,,
,,,
,,,
,,,
,,,
,,,
,,,
,,,
,,,
,,,
,,,
,,,
,,,
,,,
,,,
,,,
,,,
,,,
,,,
,,,
,,,
,,,
,,,
,,,
,,,
,,,
,,,
,,,
,,,
,,,
,,,
,,,
,,,
,,,
,,,
,,,
,,,
,,,
,,,
,,,
,,,
,,,
,,,
,,,
,,,
,,,
,,,
,,,
,,,
,,,
,,,
,,,
,,,
,,,
,,,
,,,
,,,
,,,
,,,
,,,
,,,
,,,
,,,
,,,
,,,
,,,
,,,
,,,
,,,
,,,
,,,
,,,
,,,
,,,
,,,
,,,
,,,
,,,
,,,
,,,
,,,
,,,
,,,
,,,
,,,
,,,
,,,
,,,
,,,
,,,
,,,
,,,
,,,
,,,
,,,
,,,
,,,
,,,
,,,
,,,
,,,
,,,
,,,
,,,
,,,
,,,
,,,
,,,
,,,
,,,
,,,
,,,
,,,
,,,
,,,
,,,
,,,
,,,
,,,
,,,
,,,
,,,
,,,
,,,
,,,
,,,
,,,
,,,
,,,
,,,
,,,
,,,
,,,
,,,
,,,
,,,
,,,
,,,
,,,
,,,
,,,
,,,
,,,
,,,
,,,
,,,
,,,
,,,
,,,
,,,
,,,
,,,
,,,
,,,
,,,
,,,
,,,
,,,
,,,
,,,
,,,
,,,
,,,
,,,
,,,
,,,
,,,
,,,
,,,
,,,
,,,
,,,
,,,
,,,
,,,
,,,
,,,
,,,
,,,
,,,
,,,
,,,
,,,
,,,
,,,
,,,
,,,
,,,
,,,
,,,
,,,
,,,
,,,
,,,
,,,
,,,
,,,
,,,
,,,
,,,
,,,
,,,
,,,
,,,
,,,
,,,
,,,
,,,
,,,
,,,
,,,
,,,
,,,
,,,
,,,
,,,
,,,
,,,
,,,
,,,
,,,
,,,
,,,
,,,
,,,
,,,
,,,
,,,
,,,
,,,
,,,
,,,
,,,
,,,
,,,
,,,
,,,
,,,
,,,
,,,
,,,
,,,
,,,
,,,
,,,
,,,
,,,
,,,
,,,
,,,
,,,
,,,
,,,
,,,
,,,
,,,
,,,
,,,
,,,
,,,
,,,
,,,
,,,
,,,
,,,
,,,
,,,
,,,
,,,
,,,
,,,
,,,
,,,
,,,
,,,
,,,
,,,
,,,
,,,
,,,
,,,
,,,
,,,
,,,
,,,
,,,
,,,
,,,
,,,
,,,
,,,
,,,
,,,
,,,
,,,
,,,
,,,
,,,
,,,
,,,
,,,
,,,
,,,
,,,
,,,
,,,
,,,
,,,
,,,
,,,
,,,
,,,
,,,
,,,
,,,
,,,
,,,
,,,
,,,
,,,
,,,
,,,
,,,
,,,
,,,
,,,
,,,
,,,
,,,
,,,
,,,
,,,
,,,
,,,
,,,
,,,
,,,
,,,
,,,
,,,
,,,
,,,
,,,
,,,
,,,
,,,
,,,
,,,
,,,
,,,
,,,
,,,
,,,
,,,
,,,
,,,
,,,
,,,
,,,
,,,
,,,
,,,
,,,
,,,
,,,
,,,
,,,
,,,
,,,
,,,
,,,
,,,
,,,
,,,
,,,
,,,
,,,
,,,
,,,
,,,
,,,
,,,
,,,
,,,
,,,
,,,
,,,
,,,
,,,
,,,
,,,
,,,
,,,
,,,
,,,
,,,
,,,
,,,
,,,
,,,
,,,
,,,
,,,
,,,
,,,
,,,
,,,
,,,
,,,
,,,
,,,
,,,
,,,
,,,
,,,
,,,
,,,
,,,
,,,
,,,
,,,
,,,
,,,
,,,
,,,
,,,
,,,
,,,
,,,
,,,
,,,
,,,
,,,
,,,
,,,
,,,
,,,
,,,
,,,
,,,
,,,
,,,
,,,
,,,
,,,
,,,
,,,
,,,
,,,
,,,
,,,
,,,
,,,
,,,
,,,
,,,
,,,
,,,
,,,
,,,
,,,
,,,
,,,
,,,
,,,
,,,
,,,
,,,
,,,
,,,
,,,
,,,
,,,
,,,
,,,
,,,
,,,
,,,
,,,
,,,
,,,
,,,
,,,
,,,
,,,
,,,
,,,
,,,
,,,
,,,
,,,
,,,
,,,
,,,
,,,
,,,
,,,
,,,
,,,
,,,
,,,
,,,
,,,
,,,
,,,
,,,
,,,
,,,
,,,
,,,
,,,
,,,
,,,
,,,
,,,
,,,
,,,
,,,
,,,
,,,
,,,
,,,
,,,
,,,
,,,
,,,
,,,
,,,
,,,
,,,
,,,
,,,
,,,
,,,
,,,
,,,
,,,
,,,
,,,
,,,
,,,
,,,
,,,
,,,
,,,
,,,
,,,
,,,
,,,
,,,
,,,
,,,
,,,
,,,
,,,
,,,
,,,
,,,
,,,
,,,
,,,
,,,
,,,
,,,
,,,
,,,
,,,
,,,
,,,
,,,
,,,
,,,
,,,
,,,
,,,
,,,
,,,
,,,
,,,
,,,
,,,
,,,
,,,
,,,
,,,
,,,
,,,
,,,
,,,
,,,
,,,
,,,
,,,
,,,
,,,
,,,
,,,
,,,
,,,
,,,
,,,
,,,
,,,
,,,
,,,
,,,
,,,
,,,
,,,
,,,
,,,
,,,
,,,
,,,
,,,
,,,
,,,
,,,
,,,
,,,
,,,
,,,
,,,
,,,
,,,
,,,
,,,
,,,
,,,
,,,
,,,
,,,
,,,
,,,
,,,
,,,
,,,
,,,
,,,
,,,
,,,
,,,
,,,
,,,
,,,
,,,
,,,
,,,
,,,
,,,
,,,
,,,
,,,
,,,
,,,
,,,
,,,
,,,
,,,
,,,
,,,
,,,
,,,
,,,
,,,
,,,
,,,
,,,
,,,
,,,
,,,
,,,
,,,
,,,
,,,
,,,
,,,
,,,
,,,
,,,
,,,
,,,
,,,
,,,
,,,
,,,
,,,
,,,
,,,
,,,
,,,
,,,
,,,
,,,
,,,
,,,
,,,
,,,
,,,
,,,
,,,
,,,
,,,
,,,
,,,
,,,
,,,
,,,
,,,
,,,
,,,
,,,
,,,
,,,
,,,
,,,
,,,
,,,
,,,
,,,
,,,
,,,
,,,
,,,
,,,
,,,
,,,
,,,
,,,
,,,
,,,
,,,
,,,
,,,
,,,
,,,
,,,
,,,
,,,
,,,
,,,
,,,
,,,
,,,
,,,
,,,
,,,
,,,
,,,
,,,
,,,
,,,
,,,
,,,
,,,
,,,
,,,
,,,
,,,
,,,
,,,
,,,
,,,
,,,
,,,
,,,
,,,
,,,
,,,
,,,
,,,
,,,
,,,
,,,
,,,
,,,
,,,
,,,
,,,
,,,
,,,
,,,
,,,
,,,
,,,
,,,
,,,
,,,
,,,
,,,
,,,
,,,
,,,
,,,
,,,
,,,
,,,
,,,
,,,
,,,
,,,
,,,
,,,
,,,
,,,
,,,
,,,
,,,
,,,
,,,
,,,
,,,
,,,
,,,
,,,
,,,
,,,
,,,
,,,
,,,
,,,
,,,
,,,
,,,
,,,
,,,
,,,
,,,
,,,
,,,
,,,
,,,
,,,
,,,
,,,
,,,
,,,
,,,
,,,
,,,
,,,
,,,
,,,
,,,
,,,
,,,
,,,
,,,
,,,
,,,
,,,
,,,
,,,
,,,
,,,
,,,
,,,
,,,
,,,
,,,
,,,
,,,
,,,
,,,
,,,
,,,
,,,
,,,
,,,
,,,
,,,
,,,
,,,
,,,
,,,
,,,
,,,
,,,
,,,
,,,
,,,
,,,
,,,
,,,
,,,
,,,
,,,
,,,
,,,
,,,
,,,
,,,
,,,
,,,
,,,
,,,
,,,
,,,
,,,
,,,
,,,
,,,
,,,
,,,
,,,
,,,
,,,
,,,
,,,
,,,
,,,
,,,
,,,
,,,
,,,
,,,
,,,
,,,
,,,
,,,
,,,
,,,
,,,
,,,
,,,
,,,
,,,
,,,
,,,
,,,
,,,
,,,
,,,
,,,
,,,
,,,
,,,
,,,
,,,
,,,
,,,
,,,
,,,
,,,
,,,
,,,
,,,
,,,
,,,
,,,
,,,
,,,
,,,
,,,
,,,
,,,
,,,
,,,
,,,
,,,
,,,
,,,
,,,
,,,
,,,
,,,
,,,
,,,
,,,
,,,
,,,
,,,
,,,
,,,
,,,
,,,
,,,
,,,
,,,
,,,
,,,
,,,
,,,
,,,
,,,
,,,
,,,
,,,
,,,
,,,
,,,
,,,
,,,
,,,
,,,
,,,
,,,
,,,
,,,
,,,
,,,
,,,
,,,
,,,
,,,
,,,
,,,
,,,
,,,
,,,
,,,
,,,
,,,
,,,
,,,
,,,
,,,
,,,
,,,
,,,
,,,
,,,
,,,
,,,
,,,
,,,
,,,
,,,
,,,
,,,
,,,
,,,
,,,
,,,
,,,
,,,
,,,
,,,
,,,
,,,
,,,
,,,
,,,
,,,
,,,
,,,
,,,
,,,
,,,
,,,
,,,
,,,
,,,
,,,
,,,
,,,
,,,
,,,
,,,
,,,
,,,
,,,
,,,
,,,
,,,
,,,
,,,
,,,
,,,
,,,
,,,
,,,
,,,
,,,
,,,
,,,
,,,
,,,
,,,
,,,
,,,
,,,
,,,
,,,
,,,
,,,
,,,
,,,
,,,
,,,
,,,
,,,
,,,
,,,
,,,
,,,
,,,
,,,
,,,
,,,
,,,
,,,
,,,
,,,
,,,
,,,
,,,
,,,
,,,
,,,
,,,
,,,
,,,
,,,
,,,
,,,
,,,
,,,
,,,
,,,
,,,
,,,
,,,
,,,
,,,
,,,
,,,
,,,
,,,
,,,
,,,
,,,
,,,
,,,
,,,
,,,
,,,
,,,
,,,
,,,
,,,
,,,
,,,
,,,
,,,
,,,
,,,
,,,
,,,
,,,
,,,
,,,
,,,
,,,
,,,
,,,
,,,
,,,
,,,
,,,
,,,
,,,
,,,
,,,
,,,
,,,
,,,
,,,
,,,
,,,
,,,
,,,
,,,
,,,
,,,
,,,
,,,
,,,
,,,
,,,
,,,
,,,
,,,
,,,
,,,
,,,
,,,
,,,
,,,
,,,
,,,
,,,
,,,
,,,
,,,
,,,
,,,
,,,
,,,
,,,
,,,
,,,
,,,
,,,
,,,
,,,
,,,
,,,
,,,
,,,
,,,
,,,
,,,
,,,
,,,
,,,
,,,
,,,
,,,
,,,
,,,
,,,
,,,
,,,
,,,
,,,
,,,
,,,
,,,
,,,
,,,
,,,
,,,
,,,
,,,
,,,
,,,
,,,
,,,
,,,
,,,
,,,
,,,
,,,
,,,
,,,
,,,
,,,
,,,
,,,
,,,
,,,
,,,
,,,
,,,
,,,
,,,
,,,
,,,
,,,
,,,
,,,
,,,
,,,
,,,
,,,
,,,
,,,
,,,
,,,
,,,
,,,
,,,
,,,
,,,
,,,
,,,
,,,
,,,
,,,
,,,
,,,
,,,
,,,
,,,
,,,
,,,
,,,
,,,
,,,
,,,
,,,
,,,
,,,
,,,
,,,
,,,
,,,
,,,
,,,
,,,
,,,
,,,
,,,
,,,
,,,
,,,
,,,
,,,
,,,
,,,
,,,
,,,
,,,
,,,
,,,
,,,
,,,
,,,
,,,
,,,
,,,
,,,
,,,
,,,
,,,
,,,
,,,
,,,
,,,
,,,
,,,
,,,
,,,
,,,
,,,
,,,
,,,
,,,
,,,
,,,
,,,
,,,
,,,
,,,
,,,
,,,
,,,
,,,
,,,
,,,
,,,
,,,
,,,
,,,
,,,
,,,
,,,
,,,
,,,
,,,
,,,
,,,
,,,
,,,
,,,
,,,
,,,
,,,
,,,
,,,
,,,
,,,
,,,
,,,
,,,
,,,
,,,
,,,
,,,
,,,
,,,
,,,
,,,
,,,
,,,
,,,
,,,
,,,
,,,
,,,
,,,
,,,
,,,
,,,
,,,
,,,
,,,
,,,
,,,
,,,
,,,
,,,
,,,
,,,
,,,
,,,
,,,
,,,
,,,
,,,
,,,
,,,
,,,
,,,
,,,
,,,
,,,
,,,
,,,
,,,
,,,
,,,
,,,
,,,
,,,
,,,
,,,
,,,
,,,
,,,
,,,
,,,
,,,
,,,
,,,
,,,
,,,
,,,
,,,
,,,
,,,
,,,
,,,
,,,
,,,
,,,
,,,
,,,
,,,
,,,
,,,
,,,
,,,
,,,
,,,
,,,
,,,
,,,
,,,
,,,
,,,
,,,
,,,
,,,
,,,
,,,
,,,
,,,
,,,
,,,
,,,
,,,
,,,
,,,
,,,
,,,
,,,
,,,
,,,
,,,
,,,
,,,
,,,
,,,
,,,
,,,
,,,
,,,
,,,
,,,
,,,
,,,
,,,
,,,
,,,
,,,
,,,
,,,
,,,
,,,
,,,
,,,
,,,
,,,
,,,
,,,
,,,
,,,
,,,
,,,
,,,
,,,
,,,
,,,
,,,
,,,
,,,
,,,
,,,
,,,
,,,
,,,
,,,
,,,
,,,
,,,
,,,
,,,
,,,
,,,
,,,
,,,
,,,
,,,
,,,
,,,
,,,
,,,
,,,
,,,
,,,
,,,
,,,
,,,
,,,
,,,
,,,
,,,
,,,
,,,
,,,
,,,
,,,
,,,
,,,
,,,
,,,
,,,
,,,
,,,
,,,
,,,
,,,
,,,
,,,
,,,
,,,
,,,
,,,
,,,
,,,
,,,
,,,
,,,
,,,
,,,
,,,
,,,
,,,
,,,
,,,
,,,
,,,
,,,
,,,
,,,
,,,
,,,
,,,
,,,
,,,
,,,
,,,
,,,
,,,
,,,
,,,
,,,
,,,
,,,
,,,
,,,
,,,
,,,
,,,
,,,
,,,
,,,
,,,
,,,
,,,
,,,
,,,
,,,
,,,
,,,
,,,
,,,
,,,
,,,
,,,
,,,
,,,
,,,
,,,
,,,
,,,
,,,
,,,
,,,
,,,
,,,
,,,
,,,
,,,
,,,
,,,
,,,
,,,
,,,
,,,
,,,
,,,
,,,
,,,
,,,
,,,
,,,
,,,
,,,
,,,
,,,
,,,
,,,
,,,
,,,
,,,
,,,
,,,
,,,
,,,
,,,
,,,
,,,
,,,
,,,
,,,
,,,
,,,
,,,
,,,
,,,
,,,
,,,
,,,
,,,
,,,
,,,
,,,
,,,
,,,
,,,
,,,
,,,
,,,
,,,
,,,
,,,
,,,
,,,
,,,
,,,
,,,
,,,
,,,
,,,
,,,
,,,
,,,
,,,
,,,
,,,
,,,
,,,
,,,
,,,
,,,
,,,
,,,
,,,
,,,
,,,
,,,
,,,
,,,
,,,
,,,
,,,
,,,
,,,
,,,
,,,
,,,
,,,
,,,
,,,
,,,
,,,
,,,
,,,
,,,
,,,
,,,
,,,
,,,
,,,
,,,
,,,
,,,
,,,
,,,
,,,
,,,
,,,
,,,
,,,
,,,
,,,
,,,
,,,
,,,
,,,
,,,
,,,
,,,
,,,
,,,
,,,
,,,
,,,
,,,
,,,
,,,
,,,
,,,
,,,
,,,
,,,
,,,
,,,
,,,
,,,
,,,
,,,
,,,
,,,
,,,
,,,
,,,
,,,
,,,
,,,
,,,
,,,
,,,
,,,
,,,
,,,
,,,
,,,
,,,
,,,
,,,
,,,
,,,
,,,
,,,
,,,
,,,
,,,
,,,
,,,
,,,
,,,
,,,
,,,
,,,
,,,
,,,
,,,
,,,
,,,
,,,
,,,
,,,
,,,
,,,
,,,
,,,
,,,
,,,
,,,
,,,
,,,
,,,
,,,
,,,
,,,
,,,
,,,
,,,
,,,
,,,
,,,
,,,
,,,
,,,
,,,
,,,
,,,
,,,
,,,
,,,
,,,
,,,
,,,
,,,
,,,
,,,
,,,
,,,
,,,
,,,
,,,
,,,
,,,
,,,
,,,
,,,
,,,
,,,
,,,
,,,
,,,
,,,
,,,
,,,
,,,
,,,
,,,
,,,
,,,
,,,
,,,
,,,
,,,
,,,
,,,
,,,
,,,
,,,
,,,
,,,
,,,
,,,
,,,
,,,
,,,
,,,
,,,
,,,
,,,
,,,
,,,
,,,
,,,
,,,
,,,
,,,
,,,
,,,
,,,
,,,
,,,
,,,
,,,
,,,
,,,
,,,
,,,
,,,
,,,
,,,
,,,
,,,
,,,
,,,
,,,
,,,
,,,
,,,
,,,
,,,
,,,
,,,
,,,
,,,
,,,
,,,
,,,
,,,
,,,
,,,
,,,
,,,
,,,
,,,
,,,
,,,
,,,
,,,
,,,
,,,
,,,
,,,
,,,
,,,
,,,
,,,
,,,
,,,
,,,
,,,
,,,
,,,
,,,
,,,
,,,
,,,
,,,
,,,
,,,
,,,
,,,
,,,
,,,
,,,
,,,
,,,
,,,
,,,
,,,
,,,
,,,
,,,
,,,
,,,
,,,
,,,
,,,
,,,
,,,
,,,
,,,
,,,
,,,
,,,
,,,
,,,
,,,
,,,
,,,
,,,
,,,
,,,
,,,
,,,
,,,
,,,
,,,
,,,
,,,
,,,
,,,
,,,
,,,
,,,
,,,
,,,
,,,
,,,
,,,
,,,
,,,
,,,
,,,
,,,
,,,
,,,
,,,
,,,
,,,
,,,
,,,
,,,
,,,
,,,
,,,
,,,
,,,
,,,
,,,
,,,
,,,
,,,
,,,
,,,
,,,
,,,
,,,
,,,
,,,
,,,
,,,
,,,
,,,
,,,
,,,
,,,
,,,
,,,
,,,
,,,
,,,
,,,
,,,
,,,
,,,
,,,
,,,
,,,
,,,
,,,
,,,
,,,
,,,
,,,
,,,
,,,
,,,
,,,
,,,
,,,
,,,
,,,
,,,
,,,
,,,
,,,
,,,
,,,
,,,
,,,
,,,
,,,
,,,
,,,
,,,
,,,
,,,
,,,
,,,
,,,
,,,
,,,
,,,
,,,
,,,
,,,
,,,
,,,
,,,
,,,
,,,
,,,
,,,
,,,
,,,
,,,
,,,
,,,
,,,
,,,
,,,
,,,
,,,
,,,
,,,
,,,
,,,
,,,
,,,
,,,
,,,
,,,
,,,
,,,
,,,
,,,
,,,
,,,
,,,
,,,
,,,
,,,
,,,
,,,
,,,
,,,
,,,
,,,
,,,
,,,
,,,
,,,
,,,
,,,
,,,
,,,
,,,
,,,
,,,
,,,
,,,
,,,
,,,
,,,
,,,
,,,
,,,
,,,
,,,
,,,
,,,
,,,
,,,
,,,
,,,
,,,
,,,
,,,
,,,
,,,
,,,
,,,
,,,
,,,
,,,
,,,
,,,
,,,
,,,
,,,
,,,
,,,
,,,
,,,
,,,
,,,
,,,
,,,
,,,
,,,
,,,
,,,
,,,
,,,
,,,
,,,
,,,
,,,
,,,
,,,
,,,
,,,
,,,
,,,
,,,
,,,
,,,
,,,
,,,
,,,
,,,
,,,
,,,
,,,
,,,
,,,
,,,
,,,
,,,
,,,
,,,
,,,
,,,
,,,
,,,
,,,
,,,
,,,
,,,
,,,
,,,
,,,
,,,
,,,
,,,
,,,
,,,
,,,
,,,
,,,
,,,
,,,
,,,
,,,
,,,
,,,
,,,
,,,
,,,
,,,
,,,
,,,
,,,
,,,
,,,
,,,
,,,
,,,
,,,
,,,
,,,
,,,
,,,
,,,
,,,
,,,
,,,
,,,
,,,
,,,
,,,
,,,
,,,
,,,
,,,
,,,
,,,
,,,
,,,
,,,
,,,
,,,
,,,
,,,
,,,
,,,
,,,
,,,
,,,
,,,
,,,
,,,
,,,
,,,
,,,
,,,
,,,
,,,
,,,
,,,
,,,
,,,
,,,
,,,
,,,
,,,
,,,
,,,
,,,
,,,
,,,
,,,
,,,
,,,
,,,
,,,
,,,
,,,
,,,
,,,
,,,
,,,
,,,
,,,
,,,
,,,
,,,
,,,
,,,
,,,
,,,
,,,
,,,
,,,
,,,
,,,
,,,
,,,
,,,
,,,
,,,
,,,
,,,
,,,
,,,
,,,
,,,
,,,
,,,
,,,
,,,
,,,
,,,
,,,
,,,
,,,
,,,
,,,
,,,
,,,
,,,
,,,
,,,
,,,
,,,
,,,
,,,
,,,
,,,
,,,
,,,
,,,
,,,
,,,
,,,
,,,
,,,
,,,
,,,
,,,
,,,
,,,
,,,
,,,
,,,
,,,
,,,
,,,
,,,
,,,
,,,
,,,
,,,
,,,
,,,
,,,
,,,
,,,
,,,
,,,
,,,
,,,
,,,
,,,
,,,
,,,
,,,
,,,
,,,
,,,
,,,
,,,
,,,
,,,
,,,
,,,
,,,
,,,
,,,
,,,
,,,
,,,
,,,
,,,
,,,
,,,
,,,
,,,
,,,
,,,
,,,
,,,
,,,
,,,
,,,
,,,
,,,
,,,
,,,
,,,
,,,
,,,
,,,
,,,
,,,
,,,
,,,
,,,
,,,
,,,
,,,
,,,
,,,
,,,
,,,
,,,
,,,
,,,
,,,
,,,
,,,
,,,
,,,
,,,
,,,
,,,
,,,
,,,
,,,
,,,
,,,
,,,
,,,
,,,
,,,
,,,
,,,
,,,
,,,
,,,
,,,
,,,
,,,
,,,
,,,
,,,
,,,
,,,
,,,
,,,
,,,
,,,
,,,
,,,
,,,
,,,
,,,
,,,
,,,
,,,
,,,
,,,
,,,
,,,
,,,
,,,
,,,
,,,
,,,
,,,
,,,
,,,
,,,
,,,
,,,
,,,
,,,
,,,
,,,
,,,
,,,
,,,
,,,
,,,
,,,
,,,
,,,
,,,
,,,
,,,
,,,
,,,
,,,
,,,
,,,
,,,
,,,
,,,
,,,
,,,
,,,
,,,
,,,
,,,
,,,
,,,
,,,
,,,
,,,
,,,
,,,
,,,
,,,
,,,
,,,
,,,
,,,
,,,
,,,
,,,
,,,
,,,
,,,
,,,
,,,
,,,
,,,
,,,
,,,
,,,
,,,
,,,
,,,
,,,
,,,
,,,
,,,
,,,
,,,
,,,
,,,
,,,
,,,
,,,
,,,
,,,
,,,
,,,
,,,
,,,
,,,
,,,
,,,
,,,
,,,
,,,
,,,
,,,
,,,
,,,
,,,
,,,
,,,
,,,
,,,
,,,
,,,
,,,
,,,
,,,
,,,
,,,
,,,
,,,
,,,
,,,
,,,
,,,
,,,
,,,
,,,
,,,
,,,
,,,
,,,
,,,
,,,
,,,
,,,
,,,
,,,
,,,
,,,
,,,
,,,
,,,
,,,
,,,
,,,
,,,
,,,
,,,
,,,
,,,
,,,
,,,
,,,
,,,
,,,
,,,
,,,
,,,
,,,
,,,
,,,
,,,
,,,
,,,
,,,
,,,
,,,
,,,
,,,
,,,
,,,
,,,
,,,
,,,
,,,
,,,
,,,
,,,
,,,
,,,
,,,
,,,
,,,
,,,
,,,
,,,
,,,
,,,
,,,
,,,
,,,
,,,
,,,
,,,
,,,
,,,
,,,
,,,
,,,
,,,
,,,
,,,
,,,
,,,
,,,
,,,
,,,
,,,
,,,
,,,
,,,
,,,
,,,
,,,
,,,
,,,
,,,
,,,
,,,
,,,
,,,
,,,
,,,
,,,
,,,
,,,
,,,
,,,
,,,
,,,
,,,
,,,
,,,
,,,
,,,
,,,
,,,
,,,
,,,
,,,
,,,
,,,
,,,
,,,
,,,
,,,
,,,
,,,
,,,
,,,
,,,
,,,
,,,
,,,
,,,
,,,
,,,
,,,
,,,
,,,
,,,
,,,
,,,
,,,
,,,
,,,
,,,
,,,
,,,
,,,
,,,
,,,
,,,
,,,
,,,
,,,
,,,
,,,
,,,
,,,
,,,
,,,
,,,
,,,
,,,
,,,
,,,
,,,
,,,
,,,
,,,
,,,
,,,
,,,
,,,
,,,
,,,
,,,
,,,
,,,
,,,
,,,
,,,
,,,
,,,
,,,
,,,
,,,
,,,
,,,
,,,
,,,
,,,
,,,
,,,
,,,
,,,
,,,
,,,
,,,
,,,
,,,
,,,
,,,
,,,
,,,
,,,
,,,
,,,
,,,
,,,
,,,
,,,
,,,
,,,
,,,
,,,
,,,
,,,
,,,
,,,
,,,
,,,
,,,
,,,
,,,
,,,
,,,
,,,
,,,
,,,
,,,
,,,
,,,
,,,
,,,
,,,
,,,
,,,
,,,
,,,
,,,
,,,
,,,
,,,
,,,
,,,
,,,
,,,
,,,
,,,
,,,
,,,
,,,
,,,
,,,
,,,
,,,
,,,
,,,
,,,
,,,
,,,
,,,
,,,
,,,
,,,
,,,
,,,
,,,
,,,
,,,
,,,
,,,
,,,
,,,
,,,
,,,
,,,
,,,
,,,
,,,
,,,
,,,
,,,
,,,
,,,
,,,
,,,
,,,
,,,
,,,
,,,
,,,
,,,
,,,
,,,
,,,
,,,
,,,
,,,
,,,
,,,
,,,
,,,
,,,
,,,
,,,
,,,
,,,
,,,
,,,
,,,
,,,
,,,
,,,
,,,
,,,
,,,
,,,
,,,
,,,
,,,
,,,
,,,
,,,
,,,
,,,
,,,
,,,
,,,
,,,
,,,
,,,
,,,
,,,
,,,
,,,
,,,
,,,
,,,
,,,
,,,
,,,
,,,
,,,
,,,
,,,
,,,
,,,
,,,
,,,
,,,
,,,
,,,
,,,
,,,
,,,
,,,
,,,
,,,
,,,
,,,
,,,
,,,
,,,
,,,
,,,
,,,
,,,
,,,
,,,
,,,
,,,
,,,
,,,
,,,
,,,
,,,
,,,
,,,
,,,
,,,
,,,
,,,
,,,
,,,
,,,
,,,
,,,
,,,
,,,
,,,
,,,
,,,
,,,
,,,
,,,
,,,
,,,
,,,
,,,
,,,
,,,
,,,
,,,
,,,
,,,
,,,
,,,
,,,
,,,
,,,
,,,
,,,
,,,
,,,
,,,
,,,
,,,
,,,
,,,
,,,
,,,
,,,
,,,
,,,
,,,
,,,
,,,
,,,
,,,
,,,
,,,
,,,
,,,
,,,
,,,
,,,
,,,
,,,
,,,
,,,
,,,
,,,
,,,
,,,
,,,
,,,
,,,
,,,
,,,
,,,
,,,
,,,
,,,
,,,
,,,
,,,
,,,
,,,
,,,
,,,
,,,
,,,
,,,
,,,
,,,
,,,
,,,
,,,
,,,
,,,
,,,
,,,
,,,
,,,
,,,
,,,
,,,
,,,
,,,
,,,
,,,
,,,
,,,
,,,
,,,
,,,
,,,
,,,
,,,
,,,
,,,
,,,
,,,
,,,
,,,
,,,
,,,
,,,
,,,
,,,
,,,
,,,
,,,
,,,
,,,
,,,
,,,
,,,
,,,
,,,
,,,
,,,
,,,
,,,
,,,
,,,
,,,
,,,
,,,
,,,
,,,
,,,
,,,
,,,
,,,
,,,
,,,
,,,
,,,
,,,
,,,
,,,
,,,
,,,
,,,
,,,
,,,
,,,
,,,
,,,
,,,
,,,
,,,
,,,
,,,
,,,
,,,
,,,
,,,
,,,
,,,
,,,
,,,
,,,
,,,
,,,
,,,
,,,
,,,
,,,
,,,
,,,
,,,
,,,
,,,
,,,
,,,
,,,
,,,
,,,
,,,
,,,
,,,
,,,
,,,
,,,
,,,
,,,
,,,
,,,
,,,
,,,
,,,
,,,
,,,
,,,
,,,
,,,
,,,
,,,
,,,
,,,
,,,
,,,
,,,
,,,
,,,
,,,
,,,
,,,
,,,
,,,
,,,
,,,
,,,
,,,
,,,
,,,
,,,
,,,
,,,
,,,
,,,
,,,
,,,
,,,
,,,
,,,
,,,
,,,
,,,
,,,
,,,
,,,
,,,
,,,
,,,
,,,
,,,
,,,
,,,
,,,
,,,
,,,
,,,
,,,
,,,
,,,
,,,
,,,
,,,
,,,
,,,
,,,
,,,
,,,
,,,
,,,
,,,
,,,
,,,
,,,
,,,
,,,
,,,
,,,
,,,
,,,
,,,
,,,
,,,
,,,
,,,
,,,
,,,
,,,
,,,
,,,
,,,
,,,
,,,
,,,
,,,
,,,
,,,
,,,
,,,
,,,
,,,
,,,
,,,
,,,
,,,
,,,
,,,
,,,
,,,
,,,
,,,
,,,
,,,
,,,
,,,
,,,
,,,
,,,
,,,
,,,
,,,
,,,
,,,
,,,
,,,
,,,
,,,
,,,
,,,
,,,
,,,
,,,
,,,
,,,
,,,
,,,
,,,
,,,
,,,
,,,
,,,
,,,
,,,
,,,
,,,
,,,
,,,
,,,
,,,
,,,
,,,
,,,
,,,
,,,
,,,
,,,
,,,
,,,
,,,
,,,
,,,
,,,
,,,
,,,
,,,
,,,
,,,
,,,
,,,
,,,
,,,
,,,
,,,
,,,
,,,
,,,
,,,
,,,
,,,
,,,
,,,
,,,
,,,
,,,
,,,
,,,
,,,
,,,
,,,
,,,
,,,
,,,
,,,
,,,
,,,
,,,
,,,
,,,
,,,
,,,
,,,
,,,
,,,
,,,
,,,
,,,
,,,
,,,
,,,
,,,
,,,
,,,
,,,
,,,
,,,
,,,
,,,
,,,
,,,
,,,
,,,
,,,
,,,
,,,
,,,
,,,
,,,
,,,
,,,
,,,
,,,
,,,
,,,
,,,
,,,
,,,
,,,
,,,
,,,
,,,
,,,
,,,
,,,
,,,
,,,
,,,
,,,
,,,
,,,
,,,
,,,
,,,
,,,
,,,
,,,
,,,
,,,
,,,
,,,
,,,
,,,
,,,
,,,
,,,
,,,
,,,
,,,
,,,
,,,
,,,
,,,
,,,
,,,
,,,
,,,
,,,
,,,
,,,
,,,
,,,
,,,
,,,
,,,
,,,
,,,
,,,
,,,
,,,
,,,
,,,
,,,
,,,
,,,
,,,
,,,
,,,
,,,
,,,
,,,
,,,
,,,
,,,
,,,
,,,
,,,
,,,
,,,
,,,
,,,
,,,
,,,
,,,
,,,
,,,
,,,
,,,
,,,
,,,
,,,
,,,
,,,
,,,
,,,
,,,
,,,
,,,
,,,
,,,
,,,
,,,
,,,
,,,
,,,
,,,
,,,
,,,
,,,
,,,
,,,
,,,
,,,
,,,
,,,
,,,
,,,
,,,
,,,
,,,
,,,
,,,
,,,
,,,
,,,
,,,
,,,
,,,
,,,
,,,
,,,
,,,
,,,
,,,
,,,
,,,
,,,
,,,
,,,
,,,
,,,
,,,
,,,
,,,
,,,
,,,
,,,
,,,
,,,
,,,
,,,
,,,
,,,
,,,
,,,
,,,
,,,
,,,
,,,
,,,
,,,
,,,
,,,
,,,
,,,
,,,
,,,
,,,
,,,
,,,
,,,
,,,
,,,
,,,
,,,
,,,
,,,
,,,
,,,
,,,
,,,
,,,
,,,
,,,
,,,
,,,
,,,
,,,
,,,
,,,
,,,
,,,
,,,
,,,
,,,
,,,
,,,
,,,
,,,
,,,
,,,
,,,
,,,
,,,
,,,
,,,
,,,
,,,
,,,
,,,
,,,
,,,
,,,
,,,
,,,
,,,
,,,
,,,
,,,
,,,
,,,
,,,
,,,
,,,
,,,
,,,
,,,
,,,
,,,
,,,
,,,
,,,
,,,
,,,
,,,
,,,
,,,
,,,
,,,
,,,
,,,
,,,
,,,
,,,
,,,
,,,
,,,
,,,
,,,
,,,
,,,
,,,
,,,
,,,
,,,
,,,
,,,
,,,
,,,
,,,
,,,
,,,
,,,
,,,
,,,
,,,
,,,
,,,
,,,
,,,
,,,
,,,
,,,
,,,
,,,
,,,
,,,
,,,
,,,
,,,
,,,
,,,
,,,
,,,
,,,
,,,
,,,
,,,
,,,
,,,
,,,
,,,
,,,
,,,
,,,
,,,
,,,
,,,
,,,
,,,
,,,
,,,
,,,
,,,
,,,
,,,
,,,
,,,
,,,
,,,
,,,
,,,
,,,
,,,
,,,
,,,
,,,
,,,
,,,
,,,
,,,
,,,
,,,
,,,
,,,
,,,
,,,
,,,
,,,
,,,
,,,
,,,
,,,
,,,
,,,
,,,
,,,
,,,
,,,
,,,
,,,
,,,
,,,
,,,
,,,
,,,
,,,
,,,
,,,
,,,
,,,
,,,
,,,
,,,
,,,
,,,
,,,
,,,
,,,
,,,
,,,
,,,
,,,
,,,
,,,
,,,
,,,
,,,
,,,
,,,
,,,
,,,
,,,
,,,
,,,
,,,
,,,
,,,
,,,
,,,
,,,
,,,
,,,
,,,
,,,
,,,
,,,
,,,
,,,
,,,
,,,
,,,
,,,
,,,
,,,
,,,
,,,
,,,
,,,
,,,
,,,
,,,
,,,
,,,
,,,
,,,
,,,
,,,
,,,
,,,
,,,
,,,
,,,
,,,
,,,
,,,
,,,
,,,
,,,
,,,
,,,
,,,
,,,
,,,
,,,
,,,
,,,
,,,
,,,
,,,
,,,
,,,
,,,
,,,
,,,
,,,
,,,
,,,
,,,
,,,
,,,
,,,
,,,
,,,
,,,
,,,
,,,
,,,
,,,
,,,
,,,
,,,
,,,
,,,
,,,
,,,
,,,
,,,
,,,
,,,
,,,
,,,
,,,
,,,
,,,
,,,
,,,
,,,
,,,
,,,
,,,
,,,
,,,
,,,
,,,
,,,
,,,
,,,
,,,
,,,
,,,
,,,
,,,
,,,
,,,
,,,
,,,
,,,
,,,
,,,
,,,
,,,
,,,
,,,
,,,
,,,
,,,
,,,
,,,
,,,
,,,
,,,
,,,
,,,
,,,
,,,
,,,
,,,
,,,
,,,
,,,
,,,
,,,
,,,
,,,
,,,
,,,
,,,
,,,
,,,
,,,
,,,
,,,
,,,
,,,
,,,
,,,
,,,
,,,
,,,
,,,
,,,
,,,
,,,
,,,
,,,
,,,
,,,
,,,
,,,
,,,
,,,
,,,
,,,
,,,
,,,
,,,
,,,
,,,
,,,
,,,
,,,
,,,
,,,
,,,
,,,
,,,
,,,
,,,
,,,
,,,
,,,
,,,
,,,
,,,
,,,
,,,
,,,
,,,
,,,
,,,
,,,
,,,
,,,
,,,
,,,
,,,
,,,
,,,
,,,
,,,
,,,
,,,
,,,
,,,
,,,
,,,
,,,
,,,
,,,
,,,
,,,
,,,
,,,
,,,
,,,
,,,
,,,
,,,
,,,
,,,
,,,
,,,
,,,
,,,
,,,
,,,
,,,
,,,
,,,
,,,
,,,
,,,
,,,
,,,
,,,
,,,
,,,
,,,
,,,
,,,
,,,
,,,
,,,
,,,
,,,
,,,
,,,
,,,
,,,
,,,
,,,
,,,
,,,
,,,
,,,
,,,
,,,
,,,
,,,
,,,
,,,
,,,
,,,
,,,
,,,
,,,
,,,
,,,
,,,
,,,
,,,
,,,
,,,
,,,
,,,
,,,
,,,
,,,
,,,
,,,
,,,
,,,
,,,
,,,
,,,
,,,
,,,
,,,
,,,
,,,
,,,
,,,
,,,
,,,
,,,
,,,
,,,
,,,
,,,
,,,
,,,
,,,
,,,
,,,
,,,
,,,
,,,
,,,
,,,
,,,
,,,
,,,
,,,
,,,
,,,
,,,
,,,
,,,
,,,
,,,
,,,
,,,
,,,
,,,
,,,
,,,
,,,
,,,
,,,
,,,
,,,
,,,
,,,
,,,
,,,
,,,
,,,
,,,
,,,
,,,
,,,
,,,
,,,
,,,
,,,
,,,
,,,
,,,
,,,
,,,
,,,
,,,
,,,
,,,
,,,
,,,
,,,
,,,
,,,
,,,
,,,
,,,
,,,
,,,
,,,
,,,
,,,
,,,
,,,
,,,
,,,
,,,
,,,
,,,
,,,
,,,
,,,
,,,
,,,
,,,
,,,
,,,
,,,
,,,
,,,
,,,
,,,
,,,
,,,
,,,
,,,
,,,
,,,
,,,
,,,
,,,
,,,
,,,
,,,
,,,
,,,
,,,
,,,
,,,
,,,
,,,
,,,
,,,
,,,
,,,
,,,
,,,
,,,
,,,
,,,
,,,
,,,
,,,
,,,
,,,
,,,
,,,
,,,
,,,
,,,
,,,
,,,
,,,
,,,
,,,
,,,
,,,
,,,
,,,
,,,
,,,
,,,
,,,
,,,
,,,
,,,
,,,
,,,
,,,
,,,
,,,
,,,
,,,
,,,
,,,
,,,
,,,
,,,
,,,
,,,
,,,
,,,
,,,
,,,
,,,
,,,
,,,
,,,
,,,
,,,
,,,
,,,
,,,
,,,
,,,
,,,
,,,
,,,
,,,
,,,
,,,
,,,
,,,
,,,
,,,
,,,
,,,
,,,
,,,
,,,
,,,
,,,
,,,
,,,
,,,
,,,
,,,
,,,
,,,
,,,
,,,
,,,
,,,
,,,
,,,
,,,
,,,
,,,
,,,
,,,
,,,
,,,
,,,
,,,
,,,
,,,
,,,
,,,
,,,
,,,
,,,
,,,
,,,
,,,
,,,
,,,
,,,
,,,
,,,
,,,
,,,
,,,
,,,
,,,
,,,
,,,
,,,
,,,
,,,
,,,
,,,
,,,
,,,
,,,
,,,
,,,
,,,
,,,
,,,
,,,
,,,
,,,
,,,
,,,
,,,
,,,
,,,
,,,
,,,
,,,
,,,
,,,
,,,
,,,
,,,
,,,
,,,
,,,
,,,
,,,
,,,
,,,
,,,
,,,
,,,
,,,
,,,
,,,
,,,
,,,
,,,
,,,
,,,
,,,
,,,
,,,
,,,
,,,
,,,
,,,
,,,
,,,
,,,
,,,
,,,
,,,
,,,
,,,
,,,
,,,
,,,
,,,
,,,
,,,
,,,
,,,
,,,
,,,
,,,
,,,
,,,
,,,
,,,
,,,
,,,
,,,
,,,
,,,
,,,
,,,
,,,
,,,
,,,
,,,
,,,
,,,
,,,
,,,
,,,
,,,
,,,
,,,
,,,
,,,
,,,
,,,
,,,
,,,
,,,
,,,
,,,
,,,
,,,
,,,
,,,
,,,
,,,
,,,
,,,
,,,
,,,
,,,
,,,
,,,
,,,
,,,
,,,
,,,
,,,
,,,
,,,
,,,
,,,
,,,
,,,
,,,
,,,
,,,
,,,
,,,
,,,
,,,
,,,
,,,
,,,
,,,
,,,
,,,
,,,
,,,
,,,
,,,
,,,
,,,
,,,
,,,
,,,
,,,
,,,
,,,
,,,
,,,
,,,
,,,
,,,
,,,
,,,
,,,
,,,
,,,
,,,
,,,
,,,
,,,
,,,
,,,
,,,
,,,
,,,
,,,
,,,
,,,
,,,
,,,
,,,
,,,
,,,
,,,
,,,
,,,
,,,
,,,
,,,
,,,
,,,
,,,
,,,
,,,
,,,
,,,
,,,
,,,
,,,
,,,
,,,
,,,
,,,
,,,
,,,
,,,
,,,
,,,
,,,
,,,
,,,
,,,
,,,
,,,
,,,
,,,
,,,
,,,
,,,
,,,
,,,
,,,
,,,
,,,
,,,
,,,
,,,
,,,
,,,
,,,
,,,
,,,
,,,
,,,
,,,
,,,
,,,
,,,
,,,
,,,
,,,
,,,
,,,
,,,
,,,
,,,
,,,
,,,
,,,
,,,
,,,
,,,
,,,
,,,
,,,
,,,
,,,
,,,
,,,
,,,
,,,
,,,
,,,
,,,
,,,
,,,
,,,
,,,
,,,
,,,
,,,
,,,
,,,
,,,
,,,
,,,
,,,
,,,
,,,
,,,
,,,
,,,
,,,
,,,
,,,
,,,
,,,
,,,
,,,
,,,
,,,
,,,
,,,
,,,
,,,
,,,
,,,
,,,
,,,
,,,
,,,
,,,
,,,
,,,
,,,
,,,
,,,
,,,
,,,
,,,
,,,
,,,
,,,
,,,
,,,
,,,
,,,
,,,
,,,
,,,
,,,
,,,
,,,
,,,
,,,
,,,
,,,
,,,
,,,
,,,
,,,
,,,
,,,
,,,
,,,
,,,
,,,
,,,
,,,
,,,
,,,
,,,
,,,
,,,
,,,
,,,
,,,
,,,
,,,
,,,
,,,
,,,
,,,
,,,
,,,
,,,
,,,
,,,
,,,
,,,
,,,
,,,
,,,
,,,
,,,
,,,
,,,
,,,
,,,
,,,
,,,
,,,
,,,
,,,
,,,
,,,
,,,
,,,
,,,
,,,
,,,
,,,
,,,
,,,
,,,
,,,
,,,
,,,
,,,
,,,
,,,
,,,
,,,
,,,
,,,
,,,
,,,
,,,
,,,
,,,
,,,
,,,
,,,
,,,
,,,
,,,
,,,
,,,
,,,
,,,
,,,
,,,
,,,
,,,
,,,
,,,
,,,
,,,
,,,
,,,
,,,
,,,
,,,
,,,
,,,
,,,
,,,
,,,
,,,
,,,
,,,
,,,
,,,
,,,
,,,
,,,
,,,
,,,
,,,
,,,
,,,
,,,
,,,
,,,
,,,
,,,
,,,
,,,
,,,
,,,
,,,
,,,
,,,
,,,
,,,
,,,
,,,
,,,
,,,
,,,
,,,
,,,
,,,
,,,
,,,
,,,
,,,
,,,
,,,
,,,
,,,
,,,
,,,
,,,
,,,
,,,
,,,
,,,
,,,
,,,
,,,
,,,
,,,
,,,
,,,
,,,
,,,
,,,
,,,
,,,
,,,
,,,
,,,
,,,
,,,
,,,
,,,
,,,
,,,
,,,
,,,
,,,
,,,
,,,
,,,
,,,
,,,
,,,
,,,
,,,
,,,
,,,
,,,
,,,
,,,
,,,
,,,
,,,
,,,
,,,
,,,
,,,
,,,
,,,
,,,
,,,
,,,
,,,
,,,
,,,
,,,
,,,
,,,
,,,
,,,
,,,
,,,
,,,
,,,
,,,
,,,
,,,
,,,
,,,
,,,
,,,
,,,
,,,
,,,
,,,
,,,
,,,
,,,
,,,
,,,
,,,
,,,
,,,
,,,
,,,
,,,
,,,
,,,
,,,
,,,
,,,
,,,
,,,
,,,
,,,
,,,
,,,
,,,
,,,
,,,
,,,
,,,
,,,
,,,
,,,
,,,
,,,
,,,
,,,
,,,
,,,
,,,
,,,
,,,
,,,
,,,
,,,
,,,
,,,
,,,
,,,
,,,
,,,
,,,
,,,
,,,
,,,
,,,
,,,
,,,
,,,
,,,
,,,
,,,
,,,
,,,
,,,
,,,
,,,
,,,
,,,
,,,
,,,
,,,
,,,
,,,
,,,
,,,
,,,
,,,
,,,
,,,
,,,
,,,
,,,
,,,
,,,
,,,
,,,
,,,
,,,
,,,
,,,
,,,
,,,
,,,
,,,
,,,
,,,
,,,
,,,
,,,
,,,
,,,
,,,
,,,
,,,
,,,
,,,
,,,
,,,
,,,
,,,
,,,
,,,
,,,
,,,
,,,
,,,
,,,
,,,
,,,
,,,
,,,
,,,
,,,
,,,
,,,
,,,
,,,
,,,
,,,
,,,
,,,
,,,
,,,
,,,
,,,
,,,
,,,
,,,
,,,
,,,
,,,
,,,
,,,
,,,
,,,
,,,
,,,
,,,
,,,
,,,
,,,
,,,
,,,
,,,
,,,
,,,
,,,
,,,
,,,
,,,
,,,
,,,
,,,
,,,
,,,
,,,
,,,
,,,
,,,
,,,
,,,
,,,
,,,
,,,
,,,
,,,
,,,
,,,
,,,
,,,
,,,
,,,
,,,
,,,
,,,
,,,
,,,
,,,
,,,
,,,
,,,
,,,
,,,
,,,
,,,
,,,
,,,
,,,
,,,
,,,
,,,
,,,
,,,
,,,
,,,
,,,
,,,
,,,
,,,
,,,
,,,
,,,
,,,
,,,
,,,
,,,
,,,
,,,
,,,
,,,
,,,
,,,
,,,
,,,
,,,
,,,
,,,
,,,
,,,
,,,
,,,
,,,
,,,
,,,
,,,
,,,
,,,
,,,
,,,
,,,
,,,
,,,
,,,
,,,
,,,
,,,
,,,
,,,
,,,
,,,
,,,
,,,
,,,
,,,
,,,
,,,
,,,
,,,
,,,
,,,
,,,
,,,
,,,
,,,
,,,
,,,
,,,
,,,
,,,
,,,
,,,
,,,
,,,
,,,
,,,
,,,
,,,
,,,
,,,
,,,
,,,
,,,
,,,
,,,
,,,
,,,
,,,
,,,
,,,
,,,
,,,
,,,
,,,
,,,
,,,
,,,
,,,
,,,
,,,
,,,
,,,
,,,
,,,
,,,
,,,
,,,
,,,
,,,
,,,
,,,
,,,
,,,
,,,
,,,
,,,
,,,
,,,
,,,
,,,
,,,
,,,
,,,
,,,
,,,
,,,
,,,
,,,
,,,
,,,
,,,
,,,
,,,
,,,
,,,
,,,
,,,
,,,
,,,
,,,
,,,
,,,
,,,
,,,
,,,
,,,
,,,
,,,
,,,
,,,
,,,
,,,
,,,
,,,
,,,
,,,
,,,
,,,
,,,
,,,
,,,
,,,
,,,
,,,
,,,
,,,
,,,
,,,
,,,
,,,
,,,
,,,
,,,
,,,
,,,
,,,
,,,
,,,
,,,
,,,
,,,
,,,
,,,
,,,
,,,
,,,
,,,
,,,
,,,
,,,
,,,
,,,
,,,
,,,
,,,
,,,
,,,
,,,
,,,
,,,
,,,
,,,
,,,
,,,
,,,
,,,
,,,
,,,
,,,
,,,
,,,
,,,
,,,
,,,
,,,
,,,
,,,
,,,
,,,
,,,
,,,
,,,
,,,
,,,
,,,
,,,
,,,
,,,
,,,
,,,
,,,
,,,
,,,
,,,
,,,
,,,
,,,
,,,
,,,
,,,
,,,
,,,
,,,
,,,
,,,
,,,
,,,
,,,
,,,
,,,
,,,
,,,
,,,
,,,
,,,
,,,
,,,
,,,
,,,
,,,
,,,
,,,
,,,
,,,
,,,
,,,
,,,
,,,
,,,
,,,
,,,
,,,
,,,
,,,
,,,
,,,
,,,
,,,
,,,
,,,
,,,
,,,
,,,
,,,
,,,
,,,
,,,
,,,
,,,
,,,
,,,
,,,
,,,
,,,
,,,
,,,
,,,
,,,
,,,
,,,
,,,
,,,
,,,
,,,
,,,
,,,
,,,
,,,
,,,
,,,
,,,
,,,
,,,
,,,
,,,
,,,
,,,
,,,
,,,
,,,
,,,
,,,
,,,
,,,
,,,
,,,
,,,
,,,
,,,
,,,
,,,
,,,
,,,
,,,
,,,
,,,
,,,
,,,
,,,
,,,
,,,
,,,
,,,
,,,
,,,
,,,
,,,
,,,
,,,
,,,
,,,
,,,
,,,
,,,
,,,
,,,
,,,
,,,
,,,
,,,
,,,
,,,
,,,
,,,
,,,
,,,
,,,
,,,
,,,
,,,
,,,
,,,
,,,
,,,
,,,
,,,
,,,
,,,
,,,
,,,
,,,
,,,
,,,
,,,
,,,
,,,
,,,
,,,
,,,
,,,
,,,
,,,
,,,
,,,
,,,
,,,
,,,
,,,
,,,
,,,
,,,
,,,
,,,
,,,
,,,
,,,
,,,
,,,
,,,
,,,
,,,
,,,
,,,
,,,
,,,
,,,
,,,
,,,
,,,
,,,
,,,
,,,
,,,
,,,
,,,
,,,
,,,
,,,
,,,
,,,
,,,
,,,
,,,
,,,
,,,
,,,
,,,
,,,
,,,
,,,
,,,
,,,
,,,
,,,
,,,
,,,
,,,
,,,
,,,
,,,
,,,
,,,
,,,
,,,
,,,
,,,
,,,
,,,
,,,
,,,
,,,
,,,
,,,
,,,
,,,
,,,
,,,
,,,
,,,
,,,
,,,
,,,
,,,
,,,
,,,
,,,
,,,
,,,
,,,
,,,
,,,
,,,
,,,
,,,
,,,
,,,
,,,
,,,
,,,
,,,
,,,
,,,
,,,
,,,
,,,
,,,
,,,
,,,
,,,
,,,
,,,
,,,
,,,
,,,
,,,
,,,
,,,
,,,
,,,
,,,
,,,
,,,
,,,
,,,
,,,
,,,
,,,
,,,
,,,
,,,
,,,
,,,
,,,
,,,
,,,
,,,
,,,
,,,
,,,
,,,
,,,
,,,
,,,
,,,
,,,
,,,
,,,
,,,
,,,
,,,
,,,
,,,
,,,
,,,
,,,
,,,
,,,
,,,
,,,
,,,
,,,
,,,
,,,
,,,
,,,
,,,
,,,
,,,
,,,
,,,
,,,
,,,
,,,
,,,
,,,
,,,
,,,
,,,
,,,
,,,
,,,
,,,
,,,
,,,
,,,
,,,
,,,
,,,
,,,
,,,
,,,
,,,
,,,
,,,
,,,
,,,
,,,
,,,
,,,
,,,
,,,
,,,
,,,
,,,
,,,
,,,
,,,
,,,
,,,
,,,
,,,
,,,
,,,
,,,
,,,
,,,
,,,
,,,
,,,
,,,
,,,
,,,
,,,
,,,
,,,
,,,
,,,
,,,
,,,
,,,
,,,
,,,
,,,
,,,
,,,
,,,
,,,
,,,
,,,
,,,
,,,
,,,
,,,
,,,
,,,
,,,
,,,
,,,
,,,
,,,
,,,
,,,
,,,
,,,
,,,
,,,
,,,
,,,
,,,
,,,
,,,
,,,
,,,
,,,
,,,
,,,
,,,
,,,
,,,
,,,
,,,
,,,
,,,
,,,
,,,
,,,
,,,
,,,
,,,
,,,
,,,
,,,
,,,
,,,
,,,
,,,
,,,
,,,
,,,
,,,
,,,
,,,
,,,
,,,
,,,
,,,
,,,
,,,
,,,
,,,
,,,
,,,
,,,
,,,
,,,
,,,
,,,
,,,
,,,
,,,
,,,
,,,
,,,
,,,
,,,
,,,
,,,
,,,
,,,
,,,
,,,
,,,
,,,
,,,
,,,
,,,
,,,
,,,
,,,
,,,
,,,
,,,
,,,
,,,
,,,
,,,
,,,
,,,
,,,
,,,
,,,
,,,
,,,
,,,
,,,
,,,
,,,
,,,
,,,
,,,
,,,
,,,
,,,
,,,
,,,
,,,
,,,
,,,
,,,
,,,
,,,
,,,
,,,
,,,
,,,
,,,
,,,
,,,
,,,
,,,
,,,
,,,
,,,
,,,
,,,
,,,
,,,
,,,
,,,
,,,
,,,
,,,
,,,
,,,
,,,
,,,
,,,
,,,
,,,
,,,
,,,
,,,
,,,
,,,
,,,
,,,
,,,
,,,
,,,
,,,
,,,
,,,
,,,
,,,
,,,
,,,
,,,
,,,
,,,
,,,
,,,
,,,
,,,
,,,
,,,
,,,
,,,
,,,
,,,
,,,
,,,
,,,
,,,
,,,
,,,
,,,
,,,
,,,
,,,
,,,
,,,
,,,
,,,
,,,
,,,
,,,
,,,
,,,
,,,
,,,
,,,
,,,
,,,
,,,
,,,
,,,
,,,
,,,
,,,
,,,
,,,
,,,
,,,
,,,
,,,
,,,
,,,
,,,
,,,
,,,
,,,
,,,
,,,
,,,
,,,
,,,
,,,
,,,
,,,
,,,
,,,
,,,
,,,
,,,
,,,
,,,
,,,
,,,
,,,
,,,
,,,
,,,
,,,
,,,
,,,
,,,
,,,
,,,
,,,
,,,
,,,
,,,
,,,
,,,
,,,
,,,
,,,
,,,
,,,
,,,
,,,
,,,
,,,
,,,
,,,
,,,
,,,
,,,
,,,
,,,
,,,
,,,
,,,
,,,
,,,
,,,
,,,
,,,
,,,
,,,
,,,
,,,
,,,
,,,
,,,
,,,
,,,
,,,
,,,
,,,
,,,
,,,
,,,
,,,
,,,
,,,
,,,
,,,
,,,
,,,
,,,
,,,
,,,
,,,
,,,
,,,
,,,
,,,
,,,
,,,
,,,
,,,
,,,
,,,
,,,
,,,
,,,
,,,
,,,
,,,
,,,
,,,
,,,
,,,
,,,
,,,
,,,
,,,
,,,
,,,
,,,
,,,
,,,
,,,
,,,
,,,
,,,
,,,
,,,
,,,
,,,
,,,
,,,
,,,
,,,
,,,
,,,
,,,
,,,
,,,
,,,
,,,
,,,
,,,
,,,
,,,
,,,
,,,
,,,
,,,
,,,
,,,
,,,
,,,
,,,
,,,
,,,
,,,
,,,
,,,
,,,
,,,
,,,
,,,
,,,
,,,
,,,
,,,
,,,
,,,
,,,
,,,
,,,
,,,
,,,
,,,
,,,
,,,
,,,
,,,
,,,
,,,
,,,
,,,
,,,
,,,
,,,
,,,
,,,
,,,
,,,
,,,
,,,
,,,
,,,
,,,
,,,
,,,
,,,
,,,
,,,
,,,
,,,
,,,
,,,
,,,
,,,
,,,
,,,
,,,
,,,
,,,
,,,
,,,
,,,
,,,
,,,
,,,
,,,
,,,
,,,
,,,
,,,
,,,
,,,
,,,
,,,
,,,
,,,
,,,
,,,
,,,
,,,
,,,
,,,
,,,
,,,
,,,
,,,
,,,
,,,
,,,
,,,
,,,
,,,
,,,
,,,
,,,
,,,
,,,
,,,
,,,
,,,
,,,
,,,
,,,
,,,
,,,
,,,
,,,
,,,
,,,
,,,
,,,
,,,
,,,
,,,
,,,
,,,
,,,
,,,
,,,
,,,
,,,
,,,
,,,
,,,
,,,
,,,
,,,
,,,
,,,
,,,
,,,
,,,
,,,
,,,
,,,
,,,
,,,
,,,
,,,
,,,
,,,
,,,
,,,
,,,
,,,
,,,
,,,
,,,
,,,
,,,
,,,
,,,
,,,
,,,
,,,
,,,
,,,
,,,
,,,
,,,
,,,
,,,
,,,
,,,
,,,
,,,
,,,
,,,
,,,
,,,
,,,
,,,
,,,
,,,
,,,
,,,
,,,
,,,
,,,
,,,
,,,
,,,
,,,
,,,
,,,
,,,
,,,
,,,
,,,
,,,
,,,
,,,
,,,
,,,
,,,
,,,
,,,
,,,
,,,
,,,
,,,
,,,
,,,
,,,
,,,
,,,
,,,
,,,
,,,
,,,
,,,
,,,
,,,
,,,
,,,
,,,
,,,
,,,
,,,
,,,
,,,
,,,
,,,
,,,
,,,
,,,
,,,
,,,
,,,
,,,
,,,
,,,
,,,
,,,
,,,
,,,
,,,
,,,
,,,
,,,
,,,
,,,
,,,
,,,
,,,
,,,
,,,
,,,
,,,
,,,
,,,
,,,
,,,
,,,
,,,
,,,
,,,
,,,
,,,
,,,
,,,
,,,
,,,
,,,
,,,
,,,
,,,
,,,
,,,
,,,
,,,
,,,
,,,
,,,
,,,
,,,
,,,
,,,
,,,
,,,
,,,
,,,
,,,
,,,
,,,
,,,
,,,
,,,
,,,
,,,
,,,
,,,
,,,
,,,
,,,
,,,
,,,
,,,
,,,
,,,
,,,
,,,
,,,
,,,
,,,
,,,
,,,
,,,
,,,
,,,
,,,
,,,
,,,
,,,
,,,
,,,
,,,
,,,
,,,
,,,
,,,
,,,
,,,
,,,
,,,
,,,
,,,
,,,
,,,
,,,
,,,
,,,
,,,
,,,
,,,
,,,
,,,
,,,
,,,
,,,
,,,
,,,
,,,
,,,
,,,
,,,
,,,
,,,
,,,
,,,
,,,
,,,
,,,
,,,
,,,
,,,
,,,
,,,
,,,
,,,
,,,
,,,
,,,
,,,
,,,
,,,
,,,
,,,
,,,
,,,
,,,
,,,
,,,
,,,
,,,
,,,
,,,
,,,
,,,
,,,
,,,
,,,
,,,
,,,
,,,
,,,
,,,
,,,
,,,
,,,
,,,
,,,
,,,
,,,
,,,
,,,
,,,
,,,
,,,
,,,
,,,
,,,
,,,
,,,
,,,
,,,
,,,
,,,
,,,
,,,
,,,
,,,
,,,
,,,
,,,
,,,
,,,
,,,
,,,
,,,
,,,
,,,
,,,
,,,
,,,
,,,
,,,
,,,
,,,
,,,
,,,
,,,
,,,
,,,
,,,
,,,
,,,
,,,
,,,
,,,
,,,
,,,
,,,
,,,
,,,
,,,
,,,
,,,
,,,
,,,
,,,
,,,
,,,
,,,
,,,
,,,
,,,
,,,
,,,
,,,
,,,
,,,
,,,
,,,
,,,
,,,
,,,
,,,
,,,
,,,
,,,
,,,
,,,
,,,
,,,
,,,
,,,
,,,
,,,
,,,
,,,
,,,
,,,
,,,
,,,
,,,
,,,
,,,
,,,
,,,
,,,
,,,
,,,
,,,
,,,
,,,
,,,
,,,
,,,
,,,
,,,
,,,
,,,
,,,
,,,
,,,
,,,
,,,
,,,
,,,
,,,
,,,
,,,
,,,
,,,
,,,
,,,
,,,
,,,
,,,
,,,
,,,
,,,
,,,
,,,
,,,
,,,
,,,
,,,
,,,
,,,
,,,
,,,
,,,
,,,
,,,
,,,
,,,
,,,
,,,
,,,
,,,
,,,
,,,
,,,
,,,
,,,
,,,
,,,
,,,
,,,
,,,
,,,
,,,
,,,
,,,
,,,
,,,
,,,
,,,
,,,
,,,
,,,
,,,
,,,
,,,
,,,
,,,
,,,
,,,
,,,
,,,
,,,
,,,
,,,
,,,
,,,
,,,
,,,
,,,
,,,
,,,
,,,
,,,
,,,
,,,
,,,
,,,
,,,
,,,
,,,
,,,
,,,
,,,
,,,
,,,
,,,
,,,
,,,
,,,
,,,
,,,
,,,
,,,
,,,
,,,
,,,
,,,
,,,
,,,
,,,
,,,
,,,
,,,
,,,
,,,
,,,
,,,
,,,
,,,
,,,
,,,
,,,
,,,
,,,
,,,
,,,
,,,
,,,
,,,
,,,
,,,
,,,
,,,
,,,
,,,
,,,
,,,
,,,
,,,
,,,
,,,
,,,
,,,
,,,
,,,
,,,
,,,
,,,
,,,
,,,
,,,
,,,
,,,
,,,
,,,
,,,
,,,
,,,
,,,
,,,
,,,
,,,
,,,
,,,
,,,
,,,
,,,
,,,
,,,
,,,
,,,
,,,
,,,
,,,
,,,
,,,
,,,
,,,
,,,
,,,
,,,
,,,
,,,
,,,
,,,
,,,
,,,
,,,
,,,
,,,
,,,
,,,
,,,
,,,
,,,
,,,
,,,
,,,
,,,
,,,
,,,
,,,
,,,
,,,
,,,
,,,
,,,
,,,
,,,
,,,
,,,
,,,
,,,
,,,
,,,
,,,
,,,
,,,
,,,
,,,
,,,
,,,
,,,
,,,
,,,
,,,
,,,
,,,
,,,
,,,
,,,
,,,
,,,
,,,
,,,
,,,
,,,
,,,
,,,
,,,
,,,
,,,
,,,
,,,
,,,
,,,
,,,
,,,
,,,
,,,
,,,
,,,
,,,
,,,
,,,
,,,
,,,
,,,
,,,
,,,
,,,
,,,
,,,
,,,
,,,
,,,
,,,
,,,
,,,
,,,
,,,
,,,
,,,
,,,
,,,
,,,
,,,
,,,
,,,
,,,
,,,
,,,
,,,
,,,
,,,
,,,
,,,
,,,
,,,
,,,
,,,
,,,
,,,
,,,
,,,
,,,
,,,
,,,
,,,
,,,
,,,
,,,
,,,
,,,
,,,
,,,
,,,
,,,
,,,
,,,
,,,
,,,
,,,
,,,
,,,
,,,
,,,
,,,
,,,
,,,
,,,
,,,
,,,
,,,
,,,
,,,
,,,
,,,
,,,
,,,
,,,
,,,
,,,
,,,
,,,
,,,
,,,
,,,
,,,
,,,
,,,
,,,
,,,
,,,
,,,
,,,
,,,
,,,
,,,
,,,
,,,
,,,
,,,
,,,
,,,
,,,
,,,
,,,
,,,
,,,
,,,
,,,
,,,
,,,
,,,
,,,
,,,
,,,
,,,
,,,
,,,
,,,
,,,
,,,
,,,
,,,
,,,
,,,
,,,
,,,
,,,
,,,
,,,
,,,
,,,
,,,
,,,
,,,
,,,
,,,
,,,
,,,
,,,
,,,
,,,
,,,
,,,
,,,
,,,
,,,
,,,
,,,
,,,
,,,
,,,
,,,
,,,
,,,
,,,
,,,
,,,
,,,
,,,
,,,
,,,
,,,
,,,
,,,
,,,
,,,
,,,
,,,
,,,
,,,
,,,
,,,
,,,
,,,
,,,
,,,
,,,
,,,
,,,
,,,
,,,
,,,
,,,
,,,
,,,
,,,
,,,
,,,
,,,
,,,
,,,
,,,
,,,
,,,
,,,
,,,
,,,
,,,
,,,
,,,
,,,
,,,
,,,
,,,
,,,
,,,
,,,
,,,
,,,
,,,
,,,
,,,
,,,
,,,
,,,
,,,
,,,
,,,
,,,
,,,
,,,
,,,
,,,
,,,
,,,
,,,
,,,
,,,
,,,
,,,
,,,
,,,
,,,
,,,
,,,
,,,
,,,
,,,
,,,
,,,
,,,
,,,
,,,
,,,
,,,
,,,
,,,
,,,
,,,
,,,
,,,
,,,
,,,
,,,
,,,
,,,
,,,
,,,
,,,
,,,
,,,
,,,
,,,
,,,
,,,
,,,
,,,
,,,
,,,
,,,
,,,
,,,
,,,
,,,
,,,
,,,
,,,
,,,
,,,
,,,
,,,
,,,
,,,
,,,
,,,
,,,
,,,
,,,
,,,
,,,
,,,
,,,
,,,
,,,
,,,
,,,
,,,
,,,
,,,
,,,
,,,
,,,
,,,
,,,
,,,
,,,
,,,
,,,
,,,
,,,
,,,
,,,
,,,
,,,
,,,
,,,
,,,
,,,
,,,
,,,
,,,
,,,
,,,
,,,
,,,
,,,
,,,
,,,
,,,
,,,
,,,
,,,
,,,
,,,
,,,
,,,
,,,
,,,
,,,
,,,
,,,
,,,
,,,
,,,
,,,
,,,
,,,
,,,
,,,
,,,
,,,
,,,
,,,
,,,
,,,
,,,
,,,
,,,
,,,
,,,
,,,
,,,
,,,
,,,
,,,
,,,
,,,
,,,
,,,
,,,
,,,
,,,
,,,
,,,
,,,
,,,
,,,
,,,
,,,
,,,
,,,
,,,
,,,
,,,
,,,
,,,
,,,
,,,
,,,
,,,
,,,
,,,
,,,
,,,
,,,
,,,
,,,
,,,
,,,
,,,
,,,
,,,
,,,
,,,
,,,
,,,
,,,
,,,
,,,
,,,
,,,
,,,
,,,
,,,
,,,
,,,
,,,
,,,
,,,
,,,
,,,
,,,
,,,
,,,
,,,
,,,
,,,
,,,
,,,
,,,
,,,
,,,
,,,
,,,
,,,
,,,
,,,
,,,
,,,
,,,
,,,
,,,
,,,
,,,
,,,
,,,
,,,
,,,
,,,
,,,
,,,
,,,
,,,
,,,
,,,
,,,
,,,
,,,
,,,
,,,
,,,
,,,
,,,
,,,
,,,
,,,
,,,
,,,
,,,
,,,
,,,
,,,
,,,
,,,
,,,
,,,
,,,
,,,
,,,
,,,
,,,
,,,
,,,
,,,
,,,
,,,
,,,
,,,
,,,
,,,
,,,
,,,
,,,
,,,
,,,
,,,
,,,
,,,
,,,
,,,
,,,
,,,
,,,
,,,
,,,
,,,
,,,
,,,
,,,
,,,
,,,
,,,
,,,
,,,
,,,
,,,
,,,
,,,
,,,
,,,
,,,
,,,
,,,
,,,
,,,
,,,
,,,
,,,
,,,
,,,
,,,
,,,
,,,
,,,
,,,
,,,
,,,
,,,
,,,
,,,
,,,
,,,
,,,
,,,
,,,
,,,
,,,
,,,
,,,
,,,
,,,
,,,
,,,
,,,
,,,
,,,
,,,
,,,
,,,
,,,
,,,
,,,
,,,
,,,
,,,
,,,
,,,
,,,
,,,
,,,
,,,
,,,
,,,
,,,
,,,
,,,
,,,
,,,
,,,
,,,
,,,
,,,
,,,
,,,
,,,
,,,
,,,
,,,
,,,
,,,
,,,
,,,
,,,
,,,
,,,
,,,
,,,
,,,
,,,
,,,
,,,
,,,
,,,
,,,
,,,
,,,
,,,
,,,
,,,
,,,
,,,
,,,
,,,
,,,
,,,
,,,
,,,
,,,
,,,
,,,
,,,
,,,
,,,
,,,
,,,
,,,
,,,
,,,
,,,
,,,
,,,
,,,
,,,
,,,
,,,
,,,
,,,
,,,
,,,
,,,
,,,
,,,
,,,
,,,
,,,
,,,
,,,
,,,
,,,
,,,
,,,
,,,
,,,
,,,
,,,
,,,
,,,
,,,
,,,
,,,
,,,
,,,
,,,
,,,
,,,
,,,
,,,
,,,
,,,
,,,
,,,
,,,
,,,
,,,
,,,
,,,
,,,
,,,
,,,
,,,
,,,
,,,
,,,
,,,
,,,
,,,
,,,
,,,
,,,
,,,
,,,
,,,
,,,
,,,
,,,
,,,
,,,
,,,
,,,
,,,
,,,
,,,
,,,
,,,
,,,
,,,
,,,
,,,
,,,
,,,
,,,
,,,
,,,
,,,
,,,
,,,
,,,
,,,
,,,
,,,
,,,
,,,
,,,
,,,
,,,
,,,
,,,
,,,
,,,
,,,
,,,
,,,
,,,
,,,
,,,
,,,
,,,
,,,
,,,
,,,
,,,
,,,
,,,
,,,
,,,
,,,
,,,
,,,
,,,
,,,
,,,
,,,
,,,
,,,
,,,
,,,
,,,
,,,
,,,
,,,
,,,
,,,
,,,
,,,
,,,
,,,
,,,
,,,
,,,
,,,
,,,
,,,
,,,
,,,
,,,
,,,
,,,
,,,
,,,
,,,
,,,
,,,
,,,
,,,
,,,
,,,
,,,
,,,
,,,
,,,
,,,
,,,
,,,
,,,
,,,
,,,
,,,
,,,
,,,
,,,
,,,
,,,
,,,
,,,
,,,
,,,
,,,
,,,
,,,
,,,
,,,
,,,
,,,
,,,
,,,
,,,
,,,
,,,
,,,
,,,
,,,
,,,
,,,
,,,
,,,
,,,
,,,
,,,
,,,
,,,
,,,
,,,
,,,
,,,
,,,
,,,
,,,
,,,
,,,
,,,
,,,
,,,
,,,
,,,
,,,
,,,
,,,
,,,
,,,
,,,
,,,
,,,
,,,
,,,
,,,
,,,
,,,
,,,
,,,
,,,
,,,
,,,
,,,
,,,
,,,
,,,
,,,
,,,
,,,
,,,
,,,
,,,
,,,
,,,
,,,
,,,
,,,
,,,
,,,
,,,
,,,
,,,
,,,
,,,
,,,
,,,
,,,
,,,
,,,
,,,
,,,
,,,
,,,
,,,
,,,
,,,
,,,
,,,
,,,
,,,
,,,
,,,
,,,
,,,
,,,
,,,
,,,
,,,
,,,
,,,
,,,
,,,
,,,
,,,
,,,
,,,
,,,
,,,
,,,
,,,
,,,
,,,
,,,
,,,
,,,
,,,
,,,
,,,
,,,
,,,
,,,
,,,
,,,
,,,
,,,
,,,
,,,
,,,
,,,
,,,
,,,
,,,
,,,
,,,
,,,
,,,
,,,
,,,
,,,
,,,
,,,
,,,
,,,
,,,
,,,
,,,
,,,
,,,
,,,
,,,
,,,
,,,
,,,
,,,
,,,
,,,
,,,
,,,
,,,
,,,
,,,
,,,
,,,
,,,
,,,
,,,
,,,
,,,
,,,
,,,
,,,
,,,
,,,
,,,
,,,
,,,
,,,
,,,
,,,
,,,
,,,
,,,
,,,
,,,
,,,
,,,
,,,
,,,
,,,
,,,
,,,
,,,
,,,
,,,
,,,
,,,
,,,
,,,
,,,
,,,
,,,
,,,
,,,
,,,
,,,
,,,
,,,
,,,
,,,
,,,
,,,
,,,
,,,
,,,
,,,
,,,
,,,
,,,
,,,
,,,
,,,
,,,
,,,
,,,
,,,
,,,
,,,
,,,
,,,
,,,
,,,
,,,
,,,
,,,
,,,
,,,
,,,
,,,
,,,
,,,
,,,
,,,
,,,
,,,
,,,
,,,
,,,
,,,
,,,
,,,
,,,
,,,
,,,
,,,
,,,
,,,
,,,
,,,
,,,
,,,
,,,
,,,
,,,
,,,
,,,
,,,
,,,
,,,
,,,
,,,
,,,
,,,
,,,
,,,
,,,
,,,
,,,
,,,
,,,
,,,
,,,
,,,
,,,
,,,
,,,
,,,
,,,
,,,
,,,
,,,
,,,
,,,
,,,
,,,
,,,
,,,
,,,
,,,
,,,
,,,
,,,
,,,
,,,
,,,
,,,
,,,
,,,
,,,
,,,
,,,
,,,
,,,
,,,
,,,
,,,
,,,
,,,
,,,
,,,
,,,
,,,
,,,
,,,
,,,
,,,
,,,
,,,
,,,
,,,
,,,
,,,
,,,
,,,
,,,
,,,
,,,
,,,
,,,
,,,
,,,
,,,
,,,
,,,
,,,
,,,
,,,
,,,
,,,
,,,
,,,
,,,
,,,
,,,
,,,
,,,
,,,
,,,
,,,
,,,
,,,
,,,
,,,
,,,
,,,
,,,
,,,
,,,
,,,
,,,
,,,
,,,
,,,
,,,
,,,
,,,
,,,
,,,
,,,
,,,
,,,
,,,
,,,
,,,
,,,
,,,
,,,
,,,
,,,
,,,
,,,
,,,
,,,
,,,
,,,
,,,
,,,
,,,
,,,
,,,
,,,
,,,
,,,
,,,
,,,
,,,
,,,
,,,
,,,
,,,
,,,
,,,
,,,
,,,
,,,
,,,
,,,
,,,
,,,
,,,
,,,
,,,
,,,
,,,
,,,
,,,
,,,
,,,
,,,
,,,
,,,
,,,
,,,
,,,
,,,
,,,
,,,
,,,
,,,
,,,
,,,
,,,
,,,
,,,
,,,
,,,
,,,
,,,
,,,
,,,
,,,
,,,
,,,
,,,
,,,
,,,
,,,
,,,
,,,
,,,
,,,
,,,
,,,
,,,
,,,
,,,
,,,
,,,
,,,
,,,
,,,
,,,
,,,
,,,
,,,
,,,
,,,
,,,
,,,
,,,
,,,
,,,
,,,
,,,
,,,
,,,
,,,
,,,
,,,
,,,
,,,
,,,
,,,
,,,
,,,
,,,
,,,
,,,
,,,
,,,
,,,
,,,
,,,
,,,
,,,
,,,
,,,
,,,
,,,
,,,
,,,
,,,
,,,
,,,
,,,
,,,
,,,
,,,
,,,
,,,
,,,
,,,
,,,
,,,
,,,
,,,
,,,
,,,
,,,
,,,
,,,
,,,
,,,
,,,
,,,
,,,
,,,
,,,
,,,
,,,
,,,
,,,
,,,
,,,
,,,
,,,
,,,
,,,
,,,
,,,
,,,
,,,
,,,
,,,
,,,
,,,
,,,
,,,
,,,
,,,
,,,
,,,
,,,
,,,
,,,
,,,
,,,
,,,
,,,
,,,
,,,
,,,
,,,
,,,
,,,
,,,
,,,
,,,
,,,
,,,
,,,
,,,
,,,
,,,
,,,
,,,
,,,
,,,
,,,
,,,
,,,
,,,
,,,
,,,
,,,
,,,
,,,
,,,
,,,
,,,
,,,
,,,
,,,
,,,
,,,
,,,
,,,
,,,
,,,
,,,
,,,
,,,
,,,
,,,
,,,
,,,
,,,
,,,
,,,
,,,
,,,
,,,
,,,
,,,
,,,
,,,
,,,
,,,
,,,
,,,
,,,
,,,
,,,
,,,
,,,
,,,
,,,
,,,
,,,
,,,
,,,
,,,
,,,
,,,
,,,
,,,
,,,
,,,
,,,
,,,
,,,
,,,
,,,
,,,
,,,
,,,
,,,
,,,
,,,
,,,
,,,
,,,
,,,
,,,
,,,
,,,
,,,
,,,
,,,
,,,
,,,
,,,
,,,
,,,
,,,
,,,
,,,
,,,
,,,
,,,
,,,
,,,
,,,
,,,
,,,
,,,
,,,
,,,
,,,
,,,
,,,
,,,
,,,
,,,
,,,
,,,
,,,
,,,
,,,
,,,
,,,
,,,
,,,
,,,
,,,
,,,
,,,
,,,
,,,
,,,
,,,
,,,
,,,
,,,
,,,
,,,
,,,
,,,
,,,
,,,
,,,
,,,
,,,
,,,
,,,
,,,
,,,
,,,
,,,
,,,
,,,
,,,
,,,
,,,
,,,
,,,
,,,
,,,
,,,
,,,
,,,
,,,
,,,
,,,
,,,
,,,
,,,
,,,
,,,
,,,
,,,
,,,
,,,
,,,
,,,
,,,
,,,
,,,
,,,
,,,
,,,
,,,
,,,
,,,
,,,
,,,
,,,
,,,
,,,
,,,
,,,
,,,
,,,
,,,
,,,
,,,
,,,
,,,
,,,
,,,
,,,
,,,
,,,
,,,
,,,
,,,
,,,
,,,
,,,
,,,
,,,
,,,
,,,
,,,
,,,
,,,
,,,
,,,
,,,
,,,
,,,
,,,
,,,
,,,
,,,
,,,
,,,
,,,
,,,
,,,
,,,
,,,
,,,
,,,
,,,
,,,
,,,
,,,
,,,
,,,
,,,
,,,
,,,
,,,
,,,
,,,
,,,
,,,
,,,
,,,
,,,
,,,
,,,
,,,
,,,
,,,
,,,
,,,
,,,
,,,
,,,
,,,
,,,
,,,
,,,
,,,
,,,
,,,
,,,
,,,
,,,
,,,
,,,
,,,
,,,
,,,
,,,
,,,
,,,
,,,
,,,
,,,
,,,
,,,
,,,
,,,
,,,
,,,
,,,
,,,
,,,
,,,
,,,
,,,
,,,
,,,
,,,
,,,
,,,
,,,
,,,
,,,
,,,
,,,
,,,
,,,
,,,
,,,
,,,
,,,
,,,
,,,
,,,
,,,
,,,
,,,
,,,
,,,
,,,
,,,
,,,
,,,
,,,
,,,
,,,
,,,
,,,
,,,
,,,
,,,
,,,
,,,
,,,
,,,
,,,
,,,
,,,
,,,
,,,
,,,
,,,
,,,
,,,
,,,
,,,
,,,
,,,
,,,
,,,
,,,
,,,
,,,
,,,
,,,
,,,
,,,
,,,
,,,
,,,
,,,
,,,
,,,
,,,
,,,
,,,
,,,
,,,
,,,
,,,
,,,
,,,
,,,
,,,
,,,
,,,
,,,
,,,
,,,
,,,
,,,
,,,
,,,
,,,
,,,
,,,
,,,
,,,
,,,
,,,
,,,
,,,
,,,
,,,
,,,
,,,
,,,
,,,
,,,
,,,
,,,
,,,
,,,
,,,
,,,
,,,
,,,
,,,
,,,
,,,
,,,
,,,
,,,
,,,
,,,
,,,
,,,
,,,
,,,
,,,
,,,
,,,
,,,
,,,
,,,
,,,
,,,
,,,
,,,
,,,
,,,
,,,
,,,
,,,
,,,
,,,
,,,
,,,
,,,
,,,
,,,
,,,
,,,
,,,
,,,
,,,
,,,
,,,
,,,
,,,
,,,
,,,
,,,
,,,
,,,
,,,
,,,
,,,
,,,
,,,
,,,
,,,
,,,
,,,
,,,
,,,
,,,
,,,
,,,
,,,
,,,
,,,
,,,
,,,
,,,
,,,
,,,
,,,
,,,
,,,
,,,
,,,
,,,
,,,
,,,
,,,
,,,
,,,
,,,
,,,
,,,
,,,
,,,
,,,
,,,
,,,
,,,
,,,
,,,
,,,
,,,
,,,
,,,
,,,
,,,
,,,
,,,
,,,
,,,
,,,
,,,
,,,
,,,
,,,
,,,
,,,
,,,
,,,
,,,
,,,
,,,
,,,
,,,
,,,
,,,
,,,
,,,
,,,
,,,
,,,
,,,
,,,
,,,
,,,
,,,
,,,
,,,
,,,
,,,
,,,
,,,
,,,
,,,
,,,
,,,
,,,
,,,
,,,
,,,
,,,
,,,
,,,
,,,
,,,
,,,
,,,
,,,
,,,
,,,
,,,
,,,
,,,
,,,
,,,
,,,
,,,
,,,
,,,
,,,
,,,
,,,
,,,
,,,
,,,
,,,
,,,
,,,
,,,
,,,
,,,
,,,
,,,
,,,
,,,
,,,
,,,
,,,
,,,
,,,
,,,
,,,
,,,
,,,
,,,
,,,
,,,
,,,
,,,
,,,
,,,
,,,
,,,
,,,
,,,
,,,
,,,
,,,
,,,
,,,
,,,
,,,
,,,
,,,
,,,
,,,
,,,
,,,
,,,
,,,
,,,
,,,
,,,
,,,
,,,
,,,
,,,
,,,
,,,
,,,
,,,
,,,
,,,
,,,
,,,
,,,
,,,
,,,
,,,
,,,
,,,
,,,
,,,
,,,
,,,
,,,
,,,
,,,
,,,
,,,
,,,
,,,
,,,
,,,
,,,
,,,
,,,
,,,
,,,
,,,
,,,
,,,
,,,
,,,
,,,
,,,
,,,
,,,
,,,
,,,
,,,
,,,
,,,
,,,
,,,
,,,
,,,
,,,
,,,
,,,
,,,
,,,
,,,
,,,
,,,
,,,
,,,
,,,
,,,
,,,
,,,
,,,
,,,
,,,
,,,
,,,
,,,
,,,
,,,
,,,
,,,
,,,
,,,
,,,
,,,
,,,
,,,
,,,
,,,
,,,
,,,
,,,
,,,
,,,
,,,
,,,
,,,
,,,
,,,
,,,
,,,
,,,
,,,
,,,
,,,
,,,
,,,
,,,
,,,
,,,
,,,
,,,
,,,
,,,
,,,
,,,
,,,
,,,
,,,
,,,
,,,
,,,
,,,
,,,
,,,
,,,
,,,
,,,
,,,
,,,
,,,
,,,
,,,
,,,
,,,
,,,
,,,
,,,
,,,
,,,
,,,
,,,
,,,
,,,
,,,
,,,
,,,
,,,
,,,
,,,
,,,
,,,
,,,
,,,
,,,
,,,
,,,
,,,
,,,
,,,
,,,
,,,
,,,
,,,
,,,
,,,
,,,
,,,
,,,
,,,
,,,
,,,
,,,
,,,
,,,
,,,
,,,
,,,
,,,
,,,
,,,
,,,
,,,
,,,
,,,
,,,
,,,
,,,
,,,
,,,
,,,
,,,
,,,
,,,
,,,
,,,
,,,
,,,
,,,
,,,
,,,
,,,
,,,
,,,
,,,
,,,
,,,
,,,
,,,
,,,
,,,
,,,
,,,
,,,
,,,
,,,
,,,
,,,
,,,
,,,
,,,
,,,
,,,
,,,
,,,
,,,
,,,
,,,
,,,
,,,
,,,
,,,
,,,
,,,
,,,
,,,
,,,
,,,
,,,
,,,
,,,
,,,
,,,
,,,
,,,
,,,
,,,
,,,
,,,
,,,
,,,
,,,
,,,
,,,
,,,
,,,
,,,
,,,
,,,
,,,
,,,
,,,
,,,
,,,
,,,
,,,
,,,
,,,
,,,
,,,
,,,
,,,
,,,
,,,
,,,
,,,
,,,
,,,
,,,
,,,
,,,
,,,
,,,
,,,
,,,
,,,
,,,
,,,
,,,
,,,
,,,
,,,
,,,
,,,
,,,
,,,
,,,
,,,
,,,
,,,
,,,
,,,
,,,
,,,
,,,
,,,
,,,
,,,
,,,
,,,
,,,
,,,
,,,
,,,
,,,
,,,
,,,
,,,
,,,
,,,
,,,
,,,
,,,
,,,
,,,
,,,
,,,
,,,
,,,
,,,
,,,
,,,
,,,
,,,
,,,
,,,
,,,
,,,
,,,
,,,
,,,
,,,
,,,
,,,
,,,
,,,
,,,
,,,
,,,
,,,
,,,
,,,
,,,
,,,
,,,
,,,
,,,
,,,
,,,
,,,
,,,
,,,
,,,
,,,
,,,
,,,
,,,
,,,
,,,
,,,
,,,
,,,
,,,
,,,
,,,
,,,
,,,
,,,
,,,
,,,
,,,
,,,
,,,
,,,
,,,
,,,
,,,
,,,
,,,
,,,
,,,
,,,
,,,
,,,
,,,
,,,
,,,
,,,
,,,
,,,
,,,
,,,
,,,
,,,
,,,
,,,
,,,
,,,
,,,
,,,
,,,
,,,
,,,
,,,
,,,
,,,
,,,
,,,
,,,
,,,
,,,
,,,
,,,
,,,
,,,
,,,
,,,
,,,
,,,
,,,
,,,
,,,
,,,
,,,
,,,
,,,
,,,
,,,
,,,
,,,
,,,
,,,
,,,
,,,
,,,
,,,
,,,
,,,
,,,
,,,
,,,
,,,
,,,
,,,
,,,
,,,
,,,
,,,
,,,
,,,
,,,
,,,
,,,
,,,
,,,
,,,
,,,
,,,
,,,
,,,
,,,
,,,
,,,
,,,
,,,
,,,
,,,
,,,
,,,
,,,
,,,
,,,
,,,
,,,
,,,
,,,
,,,
,,,
,,,
,,,
,,,
,,,
,,,
,,,
,,,
,,,
,,,
,,,
,,,
,,,
,,,
,,,
,,,
,,,
,,,
,,,
,,,
,,,
,,,
,,,
,,,
,,,
,,,
,,,
,,,
,,,
,,,
,,,
,,,
,,,
,,,
,,,
,,,
,,,
,,,
,,,
,,,
,,,
,,,
,,,
,,,
,,,
,,,
,,,
,,,
,,,
,,,
,,,
,,,
,,,
,,,
,,,
,,,
,,,
,,,
,,,
,,,
,,,
,,,
,,,
,,,
,,,
,,,
,,,
,,,
,,,
,,,
,,,
,,,
,,,
,,,
,,,
,,,
,,,
,,,
,,,
,,,
,,,
,,,
,,,
,,,
,,,
,,,
,,,
,,,
,,,
,,,
,,,
,,,
,,,
,,,
,,,
,,,
,,,
,,,
,,,
,,,
,,,
,,,
,,,
,,,
,,,
,,,
,,,
,,,
,,,
,,,
,,,
,,,
,,,
,,,
,,,
,,,
,,,
,,,
,,,
,,,
,,,
,,,
,,,
,,,
,,,
,,,
,,,
,,,
,,,
,,,
,,,
,,,
,,,
,,,
,,,
,,,
,,,
,,,
,,,
,,,
,,,
,,,
,,,
,,,
,,,
,,,
,,,
,,,
,,,
,,,
,,,
,,,
,,,
,,,
,,,
,,,
,,,
,,,
,,,
,,,
,,,
,,,
,,,
,,,
,,,
,,,
,,,
,,,
,,,
,,,
,,,
,,,
,,,
,,,
,,,
,,,
,,,
,,,
,,,
,,,
,,,
,,,
,,,
,,,
,,,
,,,
,,,
,,,
,,,
,,,
,,,
,,,
,,,
,,,
,,,
,,,
,,,
,,,
,,,
,,,
,,,
,,,
,,,
,,,
,,,
,,,
,,,
,,,
,,,
,,,
,,,
,,,
,,,
,,,
,,,
,,,
,,,
,,,
,,,
,,,
,,,
,,,
,,,
,,,
,,,
,,,
,,,
,,,
,,,
,,,
,,,
,,,
,,,
,,,
,,,
,,,
,,,
,,,
,,,
,,,
,,,
,,,
,,,
,,,
,,,
,,,
,,,
,,,
,,,
,,,
,,,
,,,
,,,
,,,
,,,
,,,
,,,
,,,
,,,
,,,
,,,
,,,
,,,
,,,
,,,
,,,
,,,
,,,
,,,
,,,
,,,
,,,
,,,
,,,
,,,
,,,
,,,
,,,
,,,
,,,
,,,
,,,
,,,
,,,
,,,
,,,
,,,
,,,
,,,
,,,
,,,
,,,
,,,
,,,
,,,
,,,
,,,
,,,
,,,
,,,
,,,
,,,
,,,
,,,
,,,
,,,
,,,
,,,
,,,
,,,
,,,
,,,
,,,
,,,
,,,
,,,
,,,
,,,
,,,
,,,
,,,
,,,
,,,
,,,
,,,
,,,
,,,
,,,
,,,
,,,
,,,
,,,
,,,
,,,
,,,
,,,
,,,
,,,
,,,
,,,
,,,
,,,
,,,
,,,
,,,
,,,
,,,
,,,
,,,
,,,
,,,
,,,
,,,
,,,
,,,
,,,
,,,
,,,
,,,
,,,
,,,
,,,
,,,
,,,
,,,
,,,
,,,
,,,
,,,
,,,
,,,
,,,
,,,
,,,
,,,
,,,
,,,
,,,
,,,
,,,
,,,
,,,
,,,
,,,
,,,
,,,
,,,
,,,
,,,
,,,
,,,
,,,
,,,
,,,
,,,
,,,
,,,
,,,
,,,
,,,
,,,
,,,
,,,
,,,
,,,
,,,
,,,
,,,
,,,
,,,
,,,
,,,
,,,
,,,
,,,
,,,
,,,
,,,
,,,
,,,
,,,
,,,
,,,
,,,
,,,
,,,
,,,
,,,
,,,
,,,
,,,
,,,
,,,
,,,
,,,
,,,
,,,
,,,
,,,
,,,
,,,
,,,
,,,
,,,
,,,
,,,
,,,
,,,
,,,
,,,
,,,
,,,
,,,
,,,
,,,
,,,
,,,
,,,
,,,
,,,
,,,
,,,
,,,
,,,
,,,
,,,
,,,
,,,
,,,
,,,
,,,
,,,
,,,
,,,
,,,
,,,
,,,
,,,
,,,
,,,
,,,
,,,
,,,
,,,
,,,
,,,
,,,
,,,
,,,
,,,
,,,
,,,
,,,
,,,
,,,
,,,
,,,
,,,
,,,
,,,
,,,
,,,
,,,
,,,
,,,
,,,
,,,
,,,
,,,
,,,
,,,
,,,
,,,
,,,
,,,
,,,
,,,
,,,
,,,
,,,
,,,
,,,
,,,
,,,
,,,
,,,
,,,
,,,
,,,
,,,
,,,
,,,
,,,
,,,
,,,
,,,
,,,
,,,
,,,
,,,
,,,
,,,
,,,
,,,
,,,
,,,
,,,
,,,
,,,
,,,
,,,
,,,
,,,
,,,
,,,
,,,
,,,
,,,
,,,
,,,
,,,
,,,
,,,
,,,
,,,
,,,
,,,
,,,
,,,
,,,
,,,
,,,
,,,
,,,
,,,
,,,
,,,
,,,
,,,
,,,
,,,
,,,
,,,
,,,
,,,
,,,
,,,
,,,
,,,
,,,
,,,
,,,
,,,
,,,
,,,
,,,
,,,
,,,
,,,
,,,
,,,
,,,
,,,
,,,
,,,
,,,
,,,
,,,
,,,
,,,
,,,
,,,
,,,
,,,
,,,
,,,
,,,
,,,
,,,
,,,
,,,
,,,
,,,
,,,
,,,
,,,
,,,
,,,
,,,
,,,
,,,
,,,
,,,
,,,
,,,
,,,
,,,
,,,
,,,
,,,
,,,
,,,
,,,
,,,
,,,
,,,
,,,
,,,
,,,
,,,
,,,
,,,
,,,
,,,
,,,
,,,
,,,
,,,
,,,
,,,
,,,
,,,
,,,
,,,
,,,
,,,
,,,
,,,
,,,
,,,
,,,
,,,
,,,
,,,
,,,
,,,
,,,
,,,
,,,
,,,
,,,
,,,
,,,
,,,
,,,
,,,
,,,
,,,
,,,
,,,
,,,
,,,
,,,
,,,
,,,
,,,
,,,
,,,
,,,
,,,
,,,
,,,
,,,
,,,
,,,
,,,
,,,
,,,
,,,
,,,
,,,
,,,
,,,
,,,
,,,
,,,
,,,
,,,
,,,
,,,
,,,
,,,
,,,
,,,
,,,
,,,
,,,
,,,
,,,
,,,
,,,
,,,
,,,
,,,
,,,
,,,
,,,
,,,
,,,
,,,
,,,
,,,
,,,
,,,
,,,
,,,
,,,
,,,
,,,
,,,
,,,
,,,
,,,
,,,
,,,
,,,
,,,
,,,
,,,
,,,
,,,
,,,
,,,
,,,
,,,
,,,
,,,
,,,
,,,
,,,
,,,
,,,
,,,
,,,
,,,
,,,
,,,
,,,
,,,
,,,
,,,
,,,
,,,
,,,
,,,
,,,
,,,
,,,
,,,
,,,
,,,
,,,
,,,
,,,
,,,
,,,
,,,
,,,
,,,
,,,
,,,
,,,
,,,
,,,
,,,
,,,
,,,
,,,
,,,
,,,
,,,
,,,
,,,
,,,
,,,
,,,
,,,
,,,
,,,
,,,
,,,
,,,
,,,
,,,
,,,
,,,
,,,
,,,
,,,
,,,
,,,
,,,
,,,
,,,
,,,
,,,
,,,
,,,
,,,
,,,
,,,
,,,
,,,
,,,
,,,
,,,
,,,
,,,
,,,
,,,
,,,
,,,
,,,
,,,
,,,
,,,
,,,
,,,
,,,
,,,
,,,
,,,
,,,
,,,
,,,
,,,
,,,
,,,
,,,
,,,
,,,
,,,
,,,
,,,
,,,
,,,
,,,
,,,
,,,
,,,
,,,
,,,
,,,
,,,
,,,
,,,
,,,
,,,
,,,
,,,
,,,
,,,
,,,
,,,
,,,
,,,
,,,
,,,
,,,
,,,
,,,
,,,
,,,
,,,
,,,
,,,
,,,
,,,
,,,
,,,
,,,
,,,
,,,
,,,
,,,
,,,
,,,
,,,
,,,
,,,
,,,
,,,
,,,
,,,
,,,
,,,
,,,
,,,
,,,
,,,
,,,
,,,
,,,
,,,
,,,
,,,
,,,
,,,
,,,
,,,
,,,
,,,
,,,
,,,
,,,
,,,
,,,
,,,
,,,
,,,
,,,
,,,
,,,
,,,
,,,
,,,
,,,
,,,
,,,
,,,
,,,
,,,
,,,
,,,
,,,
,,,
,,,
,,,
,,,
,,,
,,,
,,,
,,,
,,,
,,,
,,,
,,,
,,,
,,,
,,,
,,,
,,,
,,,
,,,
,,,
,,,
,,,
,,,
,,,
,,,
,,,
,,,
,,,
,,,
,,,
,,,
,,,
,,,
,,,
,,,
,,,
,,,
,,,
,,,
,,,
,,,
,,,
,,,
,,,
,,,
,,,
,,,
,,,
,,,
,,,
,,,
,,,
,,,
,,,
,,,
,,,
,,,
,,,
,,,
,,,
,,,
,,,
,,,
,,,
,,,
,,,
,,,
,,,
,,,
,,,
,,,
,,,
,,,
,,,
,,,
,,,
,,,
,,,
,,,
,,,
,,,
,,,
,,,
,,,
,,,
,,,
,,,
,,,
,,,
,,,
,,,
,,,
,,,
,,,
,,,
,,,
,,,
,,,
,,,
,,,
,,,
,,,
,,,
,,,
,,,
,,,
,,,
,,,
,,,
,,,
,,,
,,,
,,,
,,,
,,,
,,,
,,,
,,,
,,,
,,,
,,,
,,,
,,,
,,,
,,,
,,,
,,,
,,,
,,,
,,,
,,,
,,,
,,,
,,,
,,,
,,,
,,,
,,,
,,,
,,,
,,,
,,,
,,,
,,,
,,,
,,,
,,,
,,,
,,,
,,,
,,,
,,,
,,,
,,,
,,,
,,,
,,,
,,,
,,,
,,,
,,,
,,,
,,,
,,,
,,,
,,,
,,,
,,,
,,,
,,,
,,,
,,,
,,,
,,,
,,,
,,,
,,,
,,,
,,,
,,,
,,,
,,,
,,,
,,,
,,,
,,,
,,,
,,,
,,,
,,,
,,,
,,,
,,,
,,,
,,,
,,,
,,,
,,,
,,,
,,,
,,,
,,,
,,,
,,,
,,,
,,,
,,,
,,,
,,,
,,,
,,,
,,,
,,,
,,,
,,,
,,,
,,,
,,,
,,,
,,,
,,,
,,,
,,,
,,,
,,,
,,,
,,,
,,,
,,,
,,,
,,,
,,,
,,,
,,,
,,,
,,,
,,,
,,,
,,,
,,,
,,,
,,,
,,,
,,,
,,,
,,,
,,,
,,,
,,,
,,,
,,,
,,,
,,,
,,,
,,,
,,,
,,,
,,,
,,,
,,,
,,,
,,,
,,,
,,,
,,,
,,,
,,,
,,,
,,,
,,,
,,,
,,,
,,,
,,,
,,,
,,,
,,,
,,,
,,,
,,,
,,,
,,,
,,,
,,,
,,,
,,,
,,,
,,,
,,,
,,,
,,,
,,,
,,,
,,,
,,,
,,,
,,,
,,,
,,,
,,,
,,,
,,,
,,,
,,,
,,,
,,,
,,,
,,,
,,,
,,,
,,,
,,,
,,,
,,,
,,,
,,,
,,,
,,,
,,,
,,,
,,,
,,,
,,,
,,,
,,,
,,,
,,,
,,,
,,,
,,,
,,,
,,,
,,,
,,,
,,,
,,,
,,,
,,,
,,,
,,,
,,,
,,,
,,,
,,,
,,,
,,,
,,,
,,,
,,,
,,,
,,,
,,,
,,,
,,,
,,,
,,,
,,,
,,,
,,,
,,,
,,,
,,,
,,,
,,,
,,,
,,,
,,,
,,,
,,,
,,,
,,,
,,,
,,,
,,,
,,,
,,,
,,,
,,,
,,,
,,,
,,,
,,,
,,,
,,,
,,,
,,,
,,,
,,,
,,,
,,,
,,,
,,,
,,,
,,,
,,,
,,,
,,,
,,,
,,,
,,,
,,,
,,,
,,,
,,,
,,,
,,,
,,,
,,,
,,,
,,,
,,,
,,,
,,,
,,,
,,,
,,,
,,,
,,,
,,,
,,,
,,,
,,,
,,,
,,,
,,,
,,,
,,,
,,,
,,,
,,,
,,,
,,,
,,,
,,,
,,,
,,,
,,,
,,,
,,,
,,,
,,,
,,,
,,,
,,,
,,,
,,,
,,,
,,,
,,,
,,,
,,,
,,,
,,,
,,,
,,,
,,,
,,,
,,,
,,,
,,,
,,,
,,,
,,,
,,,
,,,
,,,
,,,
,,,
,,,
,,,
,,,
,,,
,,,
,,,
,,,
,,,
,,,
,,,
,,,
,,,
,,,
,,,
,,,
,,,
,,,
,,,
,,,
,,,
,,,
,,,
,,,
,,,
,,,
,,,
,,,
,,,
,,,
,,,
,,,
,,,
,,,
,,,
,,,
,,,
,,,
,,,
,,,
,,,
,,,
,,,
,,,
,,,
,,,
,,,
,,,
,,,
,,,
,,,
,,,
,,,
,,,
,,,
,,,
,,,
,,,
,,,
,,,
,,,
,,,
,,,
,,,
,,,
,,,
,,,
,,,
,,,
,,,
,,,
,,,
,,,
,,,
,,,
,,,
,,,
,,,
,,,
,,,
,,,
,,,
,,,
,,,
,,,
,,,
,,,
,,,
,,,
,,,
,,,
,,,
,,,
,,,
,,,
,,,
,,,
,,,
,,,
,,,
,,,
,,,
,,,
,,,
,,,
,,,
,,,
,,,
,,,
,,,
,,,
,,,
,,,
,,,
,,,
,,,
,,,
,,,
,,,
,,,
,,,
,,,
,,,
,,,
,,,
,,,
,,,
,,,
,,,
,,,
,,,
,,,
,,,
,,,
,,,
,,,
,,,
,,,
,,,
,,,
,,,
,,,
,,,
,,,
,,,
,,,
,,,
,,,
,,,
,,,
,,,
,,,
,,,
,,,
,,,
,,,
,,,
,,,
,,,
,,,
,,,
,,,
,,,
,,,
,,,
,,,
,,,
,,,
,,,
,,,
,,,
,,,
,,,
,,,
,,,
,,,
,,,
,,,
,,,
,,,
,,,
,,,
,,,
,,,
,,,
,,,
,,,
,,,
,,,
,,,
,,,
,,,
,,,
,,,
,,,
,,,
,,,
,,,
,,,
,,,
,,,
,,,
,,,
,,,
,,,
,,,
,,,
,,,
,,,
,,,
,,,
,,,
,,,
,,,
,,,
,,,
,,,
,,,
,,,
,,,
,,,
,,,
,,,
,,,
,,,
,,,
,,,
,,,
,,,
,,,
,,,
,,,
,,,
,,,
,,,
,,,
,,,
,,,
,,,
,,,
,,,
,,,
,,,
,,,
,,,
,,,
,,,
,,,
,,,
,,,
,,,
,,,
,,,
,,,
,,,
,,,
,,,
,,,
,,,
,,,
,,,
,,,
,,,
,,,
,,,
,,,
,,,
,,,
,,,
,,,
,,,
,,,
,,,
,,,
,,,
,,,
,,,
,,,
,,,
,,,
,,,
,,,
,,,
,,,
,,,
,,,
,,,
,,,
,,,
,,,
,,,
,,,
,,,
,,,
,,,
,,,
,,,
,,,
,,,
,,,
,,,
,,,
,,,
,,,
,,,
,,,
,,,
,,,
,,,
,,,
,,,
,,,
,,,
,,,
,,,
,,,
,,,
,,,
,,,
,,,
,,,
,,,
,,,
,,,
,,,
,,,
,,,
,,,
,,,
,,,
,,,
,,,
,,,
,,,
,,,
,,,
,,,
,,,
,,,
,,,
,,,
,,,
,,,
,,,
,,,
,,,
,,,
,,,
,,,
,,,
,,,
,,,
,,,
,,,
,,,
,,,
,,,
,,,
,,,
,,,
,,,
,,,
,,,
,,,
,,,
,,,
,,,
,,,
,,,
,,,
,,,
,,,
,,,
,,,
,,,
,,,
,,,
,,,
,,,
,,,
,,,
,,,
,,,
,,,
,,,
,,,
,,,
,,,
,,,
,,,
,,,
,,,
,,,
,,,
,,,
,,,
,,,
,,,
,,,
,,,
,,,
,,,
,,,
,,,
,,,
,,,
,,,
,,,
,,,
,,,
,,,
,,,
,,,
,,,
,,,
,,,
,,,
,,,
,,,
,,,
,,,
,,,
,,,
,,,
,,,
,,,
,,,
,,,
,,,
,,,
,,,
,,,
,,,
,,,
,,,
,,,
,,,
,,,
,,,
,,,
,,,
,,,
,,,
,,,
,,,
,,,
,,,
,,,
,,,
,,,
,,,
,,,
,,,
,,,
,,,
,,,
,,,
,,,
,,,
,,,
,,,
,,,
,,,
,,,
,,,
,,,
,,,
,,,
,,,
,,,
,,,
,,,
,,,
,,,
,,,
,,,
,,,
,,,
,,,
,,,
,,,
,,,
,,,
,,,
,,,
,,,
,,,
,,,
,,,
,,,
,,,
,,,
,,,
,,,
,,,
,,,
,,,
,,,
,,,
,,,
,,,
,,,
,,,
,,,
,,,
,,,
,,,
,,,
,,,
,,,
,,,
,,,
,,,
,,,
,,,
,,,
,,,
,,,
,,,
,,,
,,,
,,,
,,,
,,,
,,,
,,,
,,,
,,,
,,,
,,,
,,,
,,,
,,,
,,,
,,,
,,,
,,,
,,,
,,,
,,,
,,,
,,,
,,,
,,,
,,,
,,,
,,,
,,,
,,,
,,,
,,,
,,,
,,,
,,,
,,,
,,,
,,,
,,,
,,,
,,,
,,,
,,,
,,,
,,,
,,,
,,,
,,,
,,,
,,,
,,,
,,,
,,,
,,,
,,,
,,,
,,,
,,,
,,,
,,,
,,,
,,,
,,,
,,,
,,,
,,,
,,,
,,,
,,,
,,,
,,,
,,,
,,,
,,,
,,,
,,,
,,,
,,,
,,,
,,,
,,,
,,,
,,,
,,,
,,,
,,,
,,,
,,,
,,,
,,,
,,,
,,,
,,,
,,,
,,,
,,,
,,,
,,,
,,,
,,,
,,,
,,,
,,,
,,,
,,,
,,,
,,,
,,,
,,,
,,,
,,,
,,,
,,,
,,,
,,,
,,,
,,,
,,,
,,,
,,,
,,,
,,,
,,,
,,,
,,,
,,,
,,,
,,,
,,,
,,,
,,,
,,,
,,,
,,,
,,,
,,,
,,,
,,,
,,,
,,,
,,,
,,,
,,,
,,,
,,,
,,,
,,,
,,,
,,,
,,,
,,,
,,,
,,,
,,,
,,,
,,,
,,,
,,,
,,,
,,,
,,,
,,,
,,,
,,,
,,,
,,,
,,,
,,,
,,,
,,,
,,,
,,,
,,,
,,,
,,,
,,,
,,,
,,,
,,,
,,,
,,,
,,,
,,,
,,,
,,,
,,,
,,,
,,,
,,,
,,,
,,,
,,,
,,,
,,,
,,,
,,,
,,,
,,,
,,,
,,,
,,,
,,,
,,,
,,,
,,,
,,,
,,,
,,,
,,,
,,,
,,,
,,,
,,,
,,,
,,,
,,,
,,,
,,,
,,,
,,,
,,,
,,,
,,,
,,,
,,,
,,,
,,,
,,,
,,,
,,,
,,,
,,,
,,,
,,,
,,,
,,,
,,,
,,,
,,,
,,,
,,,
,,,
,,,
,,,
,,,
,,,
,,,
,,,
,,,
,,,
,,,
,,,
,,,
,,,
,,,
,,,
,,,
,,,
,,,
,,,
,,,
,,,
,,,
,,,
,,,
,,,
,,,
,,,
,,,
,,,
,,,
,,,
,,,
,,,
,,,
,,,
,,,
,,,
,,,
,,,
,,,
,,,
,,,
,,,
,,,
,,,
,,,
,,,
,,,
,,,
,,,
,,,
,,,
,,,
,,,
,,,
,,,
,,,
,,,
,,,
,,,
,,,
,,,
,,,
,,,
,,,
,,,
,,,
,,,
,,,
,,,
,,,
,,,
,,,
,,,
,,,
,,,
,,,
,,,
,,,
,,,
,,,
,,,
,,,
,,,
,,,
,,,
,,,
,,,
,,,
,,,
,,,
,,,
,,,
,,,
,,,
,,,
,,,
,,,
,,,
,,,
,,,
,,,
,,,
,,,
,,,
,,,
,,,
,,,
,,,
,,,
,,,
,,,
,,,
,,,
,,,
,,,
,,,
,,,
,,,
,,,
,,,
,,,
,,,
,,,
,,,
,,,
,,,
,,,
,,,
,,,
,,,
,,,
,,,
,,,
,,,
,,,
,,,
,,,
,,,
,,,
,,,
,,,
,,,
,,,
,,,
,,,
,,,
,,,
,,,
,,,
,,,
,,,
,,,
,,,
,,,
,,,
,,,
,,,
,,,
,,,
,,,
,,,
,,,
,,,
,,,
,,,
,,,
,,,
,,,
,,,
,,,
,,,
,,,
,,,
,,,
,,,
,,,
,,,
,,,
,,,
,,,
,,,
,,,
,,,
,,,
,,,
,,,
,,,
,,,
,,,
,,,
,,,
,,,
,,,
,,,
,,,
,,,
,,,
,,,
,,,
,,,
,,,
,,,
,,,
,,,
,,,
,,,
,,,
,,,
,,,
,,,
,,,
,,,
,,,
,,,
,,,
,,,
,,,
,,,
,,,
,,,
,,,
,,,
,,,
,,,
,,,
,,,
,,,
,,,
,,,
,,,
,,,
,,,
,,,
,,,
,,,
,,,
,,,
,,,
,,,
,,,
,,,
,,,
,,,
,,,
,,,
,,,
,,,
,,,
,,,
,,,
,,,
,,,
,,,
,,,
,,,
,,,
,,,
,,,
,,,
,,,
,,,
,,,
,,,
,,,
,,,
,,,
,,,
,,,
,,,
,,,
,,,
,,,
,,,
,,,
,,,
,,,
,,,
,,,
,,,
,,,
,,,
,,,
,,,
,,,
,,,
,,,
,,,
,,,
,,,
,,,
,,,
,,,
,,,
,,,
,,,
,,,
,,,
,,,
,,,
,,,
,,,
,,,
,,,
,,,
,,,
,,,
,,,
,,,
,,,
,,,
,,,
,,,
,,,
,,,
,,,
,,,
,,,
,,,
,,,
,,,
,,,
,,,
,,,
,,,
,,,
,,,
,,,
,,,
,,,
,,,
,,,
,,,
,,,
,,,
,,,
,,,
,,,
,,,
,,,
,,,
,,,
,,,
,,,
,,,
,,,
,,,
,,,
,,,
,,,
,,,
,,,
,,,
,,,
,,,
,,,
,,,
,,,
,,,
,,,
,,,
,,,
,,,
,,,
,,,
,,,
,,,
,,,
,,,
,,,
,,,
,,,
,,,
,,,
,,,
,,,
,,,
,,,
,,,
,,,
,,,
,,,
,,,
,,,
,,,
,,,
,,,
,,,
,,,
,,,
,,,
,,,
,,,
,,,
,,,
,,,
,,,
,,,
,,,
,,,
,,,
,,,
,,,
,,,
,,,
,,,
,,,
,,,
,,,
,,,
,,,
,,,
,,,
,,,
,,,
,,,
,,,
,,,
,,,
,,,
,,,
,,,
,,,
,,,
,,,
,,,
,,,
,,,
,,,
,,,
,,,
,,,
,,,
,,,
,,,
,,,
,,,
,,,
,,,
,,,
,,,
,,,
,,,
,,,
,,,
,,,
,,,
,,,
,,,
,,,
,,,
,,,
,,,
,,,
,,,
,,,
,,,
,,,
,,,
,,,
,,,
,,,
,,,
,,,
,,,
,,,
,,,
,,,
,,,
,,,
,,,
,,,
,,,
,,,
,,,
,,,
,,,
,,,
,,,
,,,
,,,
,,,
,,,
,,,
,,,
,,,
,,,
,,,
,,,
,,,
,,,
,,,
,,,
,,,
,,,
,,,
,,,
,,,
,,,
,,,
,,,
,,,
,,,
,,,
,,,
,,,
,,,
,,,
,,,
,,,
,,,
,,,
,,,
,,,
,,,
,,,
,,,
,,,
,,,
,,,
,,,
,,,
,,,
,,,
,,,
,,,
,,,
,,,
,,,
,,,
,,,
,,,
,,,
,,,
,,,
,,,
,,,
,,,
,,,
,,,
,,,
,,,
,,,
,,,
,,,
,,,
,,,
,,,
,,,
,,,
,,,
,,,
,,,
,,,
,,,
,,,
,,,
,,,
,,,
,,,
,,,
,,,
,,,
,,,
,,,
,,,
,,,
,,,
,,,
,,,
,,,
,,,
,,,
,,,
,,,
,,,
,,,
,,,
,,,
,,,
,,,
,,,
,,,
,,,
,,,
,,,
,,,
,,,
,,,
,,,
,,,
,,,
,,,
,,,
,,,
,,,
,,,
,,,
,,,
,,,
,,,
,,,
,,,
,,,
,,,
,,,
,,,
,,,
,,,
,,,
,,,
,,,
,,,
,,,
,,,
,,,
,,,
,,,
,,,
,,,
,,,
,,,
,,,
,,,
,,,
,,,
,,,
,,,
,,,
,,,
,,,
,,,
,,,
,,,
,,,
,,,
,,,
,,,
,,,
,,,
,,,
,,,
,,,
,,,
,,,
,,,
,,,
,,,
,,,
,,,
,,,
,,,
,,,
,,,
,,,
,,,
,,,
,,,
,,,
,,,
,,,
,,,
,,,
,,,
,,,
,,,
,,,
,,,
,,,
,,,
,,,
,,,
,,,
,,,
,,,
,,,
,,,
,,,
,,,
,,,
,,,
,,,
,,,
,,,
,,,
,,,
,,,
,,,
,,,
,,,
,,,
,,,
,,,
,,,
,,,
,,,
,,,
,,,
,,,
,,,
,,,
,,,
,,,
,,,
,,,
,,,
,,,
,,,
,,,
,,,
,,,
,,,
,,,
,,,
,,,
,,,
,,,
,,,
,,,
,,,
,,,
,,,
,,,
,,,
,,,
,,,
,,,
,,,
,,,
,,,
,,,
,,,
,,,
,,,
,,,
,,,
,,,
,,,
,,,
,,,
,,,
,,,
,,,
,,,
,,,
,,,
,,,
,,,
,,,
,,,
,,,
,,,
,,,
,,,
,,,
,,,
,,,
,,,
,,,
,,,
,,,
,,,
,,,
,,,
,,,
,,,
,,,
,,,
,,,
,,,
,,,
,,,
,,,
,,,
,,,
,,,
,,,
,,,
,,,
,,,
,,,
,,,
,,,
,,,
,,,
,,,
,,,
,,,
,,,
,,,
,,,
,,,
,,,
,,,
,,,
,,,
,,,
,,,
,,,
,,,
,,,
,,,
,,,
,,,
,,,
,,,
,,,
,,,
,,,
,,,
,,,
,,,
,,,
,,,
,,,
,,,
,,,
,,,
,,,
,,,
,,,
,,,
,,,
,,,
,,,
,,,
,,,
,,,
,,,
,,,
,,,
,,,
,,,
,,,
,,,
,,,
,,,
,,,
,,,
,,,
,,,
,,,
,,,
,,,
,,,
,,,
,,,
,,,
,,,
,,,
,,,
,,,
,,,
,,,
,,,
,,,
,,,
,,,
,,,
,,,
,,,
,,,
,,,
,,,
,,,
,,,
,,,
,,,
,,,
,,,
,,,
,,,
,,,
,,,
,,,
,,,
,,,
,,,
,,,
,,,
,,,
,,,
,,,
,,,
,,,
,,,
,,,
,,,
,,,
,,,
,,,
,,,
,,,
,,,
,,,
,,,
,,,
,,,
,,,
,,,
,,,
,,,
,,,
,,,
,,,
,,,
,,,
,,,
,,,
,,,
,,,
,,,
,,,
,,,
,,,
,,,
,,,
,,,
,,,
,,,
,,,
,,,
,,,
,,,
,,,
,,,
,,,
,,,
,,,
,,,
,,,
,,,
,,,
,,,
,,,
,,,
,,,
,,,
,,,
,,,
,,,
,,,
,,,
,,,
,,,
,,,
,,,
,,,
,,,
,,,
,,,
,,,
,,,
,,,
,,,
,,,
,,,
,,,
,,,
,,,
,,,
,,,
,,,
,,,
,,,
,,,
,,,
,,,
,,,
,,,
,,,
,,,
,,,
,,,
,,,
,,,
,,,
,,,
,,,
,,,
,,,
,,,
,,,
,,,
,,,
,,,
,,,
,,,
,,,
,,,
,,,
,,,
,,,
,,,
,,,
,,,
,,,
,,,
,,,
,,,
,,,
,,,
,,,
,,,
,,,
,,,
,,,
,,,
,,,
,,,
,,,
,,,
,,,
,,,
,,,
,,,
,,,
,,,
,,,
,,,
,,,
,,,
,,,
,,,
,,,
,,,
,,,
,,,
,,,
,,,
,,,
,,,
,,,
,,,
,,,
,,,
,,,
,,,
,,,
,,,
,,,
,,,
,,,
,,,
,,,
,,,
,,,
,,,
,,,
,,,
,,,
,,,
,,,
,,,
,,,
,,,
,,,
,,,
,,,
,,,
,,,
,,,
,,,
,,,
,,,
,,,
,,,
,,,
,,,
,,,
,,,
,,,
,,,
,,,
,,,
,,,
,,,
,,,
,,,
,,,
,,,
,,,
,,,
,,,
,,,
,,,
,,,
,,,
,,,
,,,
,,,
,,,
,,,
,,,
,,,
,,,
,,,
,,,
,,,
,,,
,,,
,,,
,,,
,,,
,,,
,,,
,,,
,,,
,,,
,,,
,,,
,,,
,,,
,,,
,,,
,,,
,,,
,,,
,,,
,,,
,,,
,,,
,,,
,,,
,,,
,,,
,,,
,,,
,,,
,,,
,,,
,,,
,,,
,,,
,,,
,,,
,,,
,,,
,,,
,,,
,,,
,,,
,,,
,,,
,,,
,,,
,,,
,,,
,,,
,,,
,,,
,,,
,,,
,,,
,,,
,,,
,,,
,,,
,,,
,,,
,,,
,,,
,,,
,,,
,,,
,,,
,,,
,,,
,,,
,,,
,,,
,,,
,,,
,,,
,,,
,,,
,,,
,,,
,,,
,,,
,,,
,,,
,,,
,,,
,,,
,,,
,,,
,,,
,,,
,,,
,,,
,,,
,,,
,,,
,,,
,,,
,,,
,,,
,,,
,,,
,,,
,,,
,,,
,,,
,,,
,,,
,,,
,,,
,,,
,,,
,,,
,,,
,,,
,,,
,,,
,,,
,,,
,,,
,,,
,,,
,,,
,,,
,,,
,,,
,,,
,,,
,,,
,,,
,,,
,,,
,,,
,,,
,,,
,,,
,,,
,,,
,,,
,,,
,,,
,,,
,,,
,,,
,,,
,,,
,,,
,,,
,,,
,,,
,,,
,,,
,,,
,,,
,,,
,,,
,,,
,,,
,,,
,,,
,,,
,,,
,,,
,,,
,,,
,,,
,,,
,,,
,,,
,,,
,,,
,,,
,,,
,,,
,,,
,,,
,,,
,,,
,,,
,,,
,,,
,,,
,,,
,,,
,,,
,,,
,,,
,,,
,,,
,,,
,,,
,,,
,,,
,,,
,,,
,,,
,,,
,,,
,,,
,,,
,,,
,,,
,,,
,,,
,,,
,,,
,,,
,,,
,,,
,,,
,,,
,,,
,,,
,,,
,,,
,,,
,,,
,,,
,,,
,,,
,,,
,,,
,,,
,,,
,,,
,,,
,,,
,,,
,,,
,,,
,,,
,,,
,,,
,,,
,,,
,,,
,,,
,,,
,,,
,,,
,,,
,,,
,,,
,,,
,,,
,,,
,,,
,,,
,,,
,,,
,,,
,,,
,,,
,,,
,,,
,,,
,,,
,,,
,,,
,,,
,,,
,,,
,,,
,,,
,,,
,,,
,,,
,,,
,,,
,,,
,,,
,,,
,,,
,,,
,,,
,,,
,,,
,,,
,,,
,,,
,,,
,,,
,,,
,,,
,,,
,,,
,,,
,,,
,,,
,,,
,,,
,,,
,,,
,,,
,,,
,,,
,,,
,,,
,,,
,,,
,,,
,,,
,,,
,,,
,,,
,,,
,,,
,,,
,,,
,,,
,,,
,,,
,,,
,,,
,,,
,,,
,,,
,,,
,,,
,,,
,,,
,,,
,,,
,,,
,,,
,,,
,,,
,,,
,,,
,,,
,,,
,,,
,,,
,,,
,,,
,,,
,,,
,,,
,,,
,,,
,,,
,,,
,,,
,,,
,,,
,,,
,,,
,,,
,,,
,,,
,,,
,,,
,,,
,,,
,,,
,,,
,,,
,,,
,,,
,,,
,,,
,,,
,,,
,,,
,,,
,,,
,,,
,,,
,,,
,,,
,,,
,,,
,,,
,,,
,,,
,,,
,,,
,,,
,,,
,,,
,,,
,,,
,,,
,,,
,,,
,,,
,,,
,,,
,,,
,,,
,,,
,,,
,,,
,,,
,,,
,,,
,,,
,,,
,,,
,,,
,,,
,,,
,,,
,,,
,,,
,,,
,,,
,,,
,,,
,,,
,,,
,,,
,,,
,,,
,,,
,,,
,,,
,,,
,,,
,,,
,,,
,,,
,,,
,,,
,,,
,,,
,,,
,,,
,,,
,,,
,,,
,,,
,,,
,,,
,,,
,,,
,,,
,,,
,,,
,,,
,,,
,,,
,,,
,,,
,,,
,,,
,,,
,,,
,,,
,,,
,,,
,,,
,,,
,,,
,,,
,,,
,,,
,,,
,,,
,,,
,,,
,,,
,,,
,,,
,,,
,,,
,,,
,,,
,,,
,,,
,,,
,,,
,,,
,,,
,,,
,,,
,,,
,,,
,,,
,,,
,,,
,,,
,,,
,,,
,,,
,,,
,,,
,,,
,,,
,,,
,,,
,,,
,,,
,,,
,,,
,,,
,,,
,,,
,,,
,,,
,,,
,,,
,,,
,,,
,,,
,,,
,,,
,,,
,,,
,,,
,,,
,,,
,,,
,,,
,,,
,,,
,,,
,,,
,,,
,,,
,,,
,,,
,,,
,,,
,,,
,,,
,,,
,,,
,,,
,,,
,,,
,,,
,,,
,,,
,,,
,,,
,,,
,,,
,,,
,,,
,,,
,,,
,,,
,,,
,,,
,,,
,,,
,,,
,,,
,,,
,,,
,,,
,,,
,,,
,,,
,,,
,,,
,,,
,,,
,,,
,,,
,,,
,,,
,,,
,,,
,,,
,,,
,,,
,,,
,,,
,,,
,,,
,,,
,,,
,,,
,,,
,,,
,,,
,,,
,,,
,,,
,,,
,,,
,,,
,,,
,,,
,,,
,,,
,,,
,,,
,,,
,,,
,,,
,,,
,,,
,,,
,,,
,,,
,,,
,,,
,,,
,,,
,,,
,,,
,,,
,,,
,,,
,,,
,,,
,,,
,,,
,,,
,,,
,,,
,,,
,,,
,,,
,,,
,,,
,,,
,,,
,,,
,,,
,,,
,,,
,,,
,,,
,,,
,,,
,,,
,,,
,,,
,,,
,,,
,,,
,,,
,,,
,,,
,,,
,,,
,,,
,,,
,,,
,,,
,,,
,,,
,,,
,,,
,,,
,,,
,,,
,,,
,,,
,,,
,,,
,,,
,,,
,,,
,,,
,,,
,,,
,,,
,,,
,,,
,,,
,,,
,,,
,,,
,,,
,,,
,,,
,,,
,,,
,,,
,,,
,,,
,,,
,,,
,,,
,,,
,,,
,,,
,,,
,,,
,,,
,,,
,,,
,,,
,,,
,,,
,,,
,,,
,,,
,,,
,,,
,,,
,,,
,,,
,,,
,,,
,,,
,,,
,,,
,,,
,,,
,,,
,,,
,,,
,,,
,,,
,,,
,,,
,,,
,,,
,,,
,,,
,,,
,,,
,,,
,,,
,,,
,,,
,,,
,,,
,,,
,,,
,,,
,,,
,,,
,,,
,,,
,,,
,,,
,,,
,,,
,,,
,,,
,,,
,,,
,,,
,,,
,,,
,,,
,,,
,,,
,,,
,,,
,,,
,,,
,,,
,,,
,,,
,,,
,,,
,,,
,,,
,,,
,,,
,,,
,,,
,,,
,,,
,,,
,,,
,,,
,,,
,,,
,,,
,,,
,,,
,,,
,,,
,,,
,,,
,,,
,,,
,,,
,,,
,,,
,,,
,,,
,,,
,,,
,,,
,,,
,,,
,,,
,,,
,,,
,,,
,,,
,,,
,,,
,,,
,,,
,,,
,,,
,,,
,,,
,,,
,,,
,,,
,,,
,,,
,,,
,,,
,,,
,,,
,,,
,,,
,,,
,,,
,,,
,,,
,,,
,,,
,,,
,,,
,,,
,,,
,,,
,,,
,,,
,,,
,,,
,,,
,,,
,,,
,,,
,,,
,,,
,,,
,,,
,,,
,,,
,,,
,,,
,,,
,,,
,,,
,,,
,,,
,,,
,,,
,,,
,,,
,,,
,,,
,,,
,,,
,,,
,,,
,,,
,,,
,,,
,,,
,,,
,,,
,,,
,,,
,,,
,,,
,,,
,,,
,,,
,,,
,,,
,,,
,,,
,,,
,,,
,,,
,,,
,,,
,,,
,,,
,,,
,,,
,,,
,,,
,,,
,,,
,,,
,,,
,,,
,,,
,,,
,,,
,,,
,,,
,,,
,,,
,,,
,,,
,,,
,,,
,,,
,,,
,,,
,,,
,,,
,,,
,,,
,,,
,,,
,,,
,,,
,,,
,,,
,,,
,,,
,,,
,,,
,,,
,,,
,,,
,,,
,,,
,,,
,,,
,,,
,,,
,,,
,,,
,,,
,,,
,,,
,,,
,,,
,,,
,,,
,,,
,,,
,,,
,,,
,,,
,,,
,,,
,,,
,,,
,,,
,,,
,,,
,,,
,,,
,,,
,,,
,,,
,,,
,,,
,,,
,,,
,,,
,,,
,,,
,,,
,,,
,,,
,,,
,,,
,,,
,,,
,,,
,,,
,,,
,,,
,,,
,,,
,,,
,,,
,,,
,,,
,,,
,,,
,,,
,,,
,,,
,,,
,,,
,,,
,,,
,,,
,,,
,,,
,,,
,,,
,,,
,,,
,,,
,,,
,,,
,,,
,,,
,,,
,,,
,,,
,,,
,,,
,,,
,,,
,,,
,,,
,,,
,,,
,,,
,,,
,,,
,,,
,,,
,,,
,,,
,,,
,,,
,,,
,,,
,,,
,,,
,,,
,,,
,,,
,,,
,,,
,,,
,,,
,,,
,,,
,,,
,,,
,,,
,,,
,,,
,,,
,,,
,,,
,,,
,,,
,,,
,,,
,,,
,,,
,,,
,,,
,,,
,,,
,,,
,,,
,,,
,,,
,,,
,,,
,,,
,,,
,,,
,,,
,,,
,,,
,,,
,,,
,,,
,,,
,,,
,,,
,,,
,,,
,,,
,,,
,,,
,,,
,,,
,,,
,,,
,,,
,,,
,,,
,,,
,,,
,,,
,,,
,,,
,,,
,,,
,,,
,,,
,,,
,,,
,,,
,,,
,,,
,,,
,,,
,,,
,,,
,,,
,,,
,,,
,,,
,,,
,,,
,,,
,,,
,,,
,,,
,,,
,,,
,,,
,,,
,,,
,,,
,,,
,,,
,,,
,,,
,,,
,,,
,,,
,,,
,,,
,,,
,,,
,,,
,,,
,,,
,,,
,,,
,,,
,,,
,,,
,,,
,,,
,,,
,,,
,,,
,,,
,,,
,,,
,,,
,,,
,,,
,,,
,,,
,,,
,,,
,,,
,,,
,,,
,,,
,,,
,,,
,,,
,,,
,,,
,,,
,,,
,,,
,,,
,,,
,,,
,,,
,,,
,,,
,,,
,,,
,,,
,,,
,,,
,,,
,,,
,,,
,,,
,,,
,,,
,,,
,,,
,,,
,,,
,,,
,,,
,,,
,,,
,,,
,,,
,,,
,,,
,,,
,,,
,,,
,,,
,,,
,,,
,,,
,,,
,,,
,,,
,,,
,,,
,,,
,,,
,,,
,,,
,,,
,,,
,,,
,,,
,,,
,,,
,,,
,,,
,,,
,,,
,,,
,,,
,,,
,,,
,,,
,,,
,,,
,,,
,,,
,,,
,,,
,,,
,,,
,,,
,,,
,,,
,,,
,,,
,,,
,,,
,,,
,,,
,,,
,,,
,,,
,,,
,,,
,,,
,,,
,,,
,,,
,,,
,,,
,,,
,,,
,,,
,,,
,,,
,,,
,,,
,,,
,,,
,,,
,,,
,,,
,,,
,,,
,,,
,,,
,,,
,,,
,,,
,,,
,,,
,,,
,,,
,,,
,,,
,,,
,,,
,,,
,,,
,,,
,,,
,,,
,,,
,,,
,,,
,,,
,,,
,,,
,,,
,,,
,,,
,,,
,,,
,,,
,,,
,,,
,,,
,,,
,,,
,,,
,,,
,,,
,,,
,,,
,,,
,,,
,,,
,,,
,,,
,,,
,,,
,,,
,,,
,,,
,,,
,,,
,,,
,,,
,,,
,,,
,,,
,,,
,,,
,,,
,,,
,,,
,,,
,,,
,,,
,,,
,,,
,,,
,,,
,,,
,,,
,,,
,,,
,,,
,,,
,,,
,,,
,,,
,,,
,,,
,,,
,,,
,,,
,,,
,,,
,,,
,,,
,,,
,,,
,,,
,,,
,,,
,,,
,,,
,,,
,,,
,,,
,,,
,,,
,,,
,,,
,,,
,,,
,,,
,,,
,,,
,,,
,,,
,,,
,,,
,,,
,,,
,,,
,,,
,,,
,,,
,,,
,,,
,,,
,,,
,,,
,,,
,,,
,,,
,,,
,,,
,,,
,,,
,,,
,,,
,,,
,,,
,,,
,,,
,,,
,,,
,,,
,,,
,,,
,,,
,,,
,,,
,,,
,,,
,,,
,,,
,,,
,,,
,,,
,,,
,,,
,,,
,,,
,,,
,,,
,,,
,,,
,,,
,,,
,,,
,,,
,,,
,,,
,,,
,,,
,,,
,,,
,,,
,,,
,,,
,,,
,,,
,,,
,,,
,,,
,,,
,,,
,,,
,,,
,,,
,,,
,,,
,,,
,,,
,,,
,,,
,,,
,,,
,,,
,,,
,,,
,,,
,,,
,,,
,,,
,,,
,,,
,,,
,,,
,,,
,,,
,,,
,,,
,,,
,,,
,,,
,,,
,,,
,,,
,,,
,,,
,,,
,,,
,,,
,,,
,,,
,,,
,,,
,,,
,,,
,,,
,,,
,,,
,,,
,,,
,,,
,,,
,,,
,,,
,,,
,,,
,,,
,,,
,,,
,,,
,,,
,,,
,,,
,,,
,,,
,,,
,,,
,,,
,,,
,,,
,,,
,,,
,,,
,,,
,,,
,,,
,,,
,,,
,,,
,,,
,,,
,,,
,,,
,,,
,,,
,,,
,,,
,,,
,,,
,,,
,,,
,,,
,,,
,,,
,,,
,,,
,,,
,,,
,,,
,,,
,,,
,,,
,,,
,,,
,,,
,,,
,,,
,,,
,,,
,,,
,,,
,,,
,,,
,,,
,,,
,,,
,,,
,,,
,,,
,,,
,,,
,,,
,,,
,,,
,,,
,,,
,,,
,,,
,,,
,,,
,,,
,,,
,,,
,,,
,,,
,,,
,,,
,,,
,,,
,,,
,,,
,,,
,,,
,,,
,,,
,,,
,,,
,,,
,,,
,,,
,,,
,,,
,,,
,,,
,,,
,,,
,,,
,,,
,,,
,,,
,,,
,,,
,,,
,,,
,,,
,,,
,,,
,,,
,,,
,,,
,,,
,,,
,,,
,,,
,,,
,,,
,,,
,,,
,,,
,,,
,,,
,,,
,,,
,,,
,,,
,,,
,,,
,,,
,,,
,,,
,,,
,,,
,,,
,,,
,,,
,,,
,,,
,,,
,,,
,,,
,,,
,,,
,,,
,,,
,,,
,,,
,,,
,,,
,,,
,,,
,,,
,,,
,,,
,,,
,,,
,,,
,,,
,,,
,,,
,,,
,,,
,,,
,,,
,,,
,,,
,,,
,,,
,,,
,,,
,,,
,,,
,,,
,,,
,,,
,,,
,,,
,,,
,,,
,,,
,,,
,,,
,,,
,,,
,,,
,,,
,,,
,,,
,,,
,,,
,,,
,,,
,,,
,,,
,,,
,,,
,,,
,,,
,,,
,,,
,,,
,,,
,,,
,,,
,,,
,,,
,,,
,,,
,,,
,,,
,,,
,,,
,,,
,,,
,,,
,,,
,,,
,,,
,,,
,,,
,,,
,,,
,,,
,,,
,,,
,,,
,,,
,,,
,,,
,,,
,,,
,,,
,,,
,,,
,,,
,,,
,,,
,,,
,,,
,,,
,,,
,,,
,,,
,,,
,,,
,,,
,,,
,,,
,,,
,,,
,,,
,,,
,,,
,,,
,,,
,,,
,,,
,,,
,,,
,,,
,,,
,,,
,,,
,,,
,,,
,,,
,,,
,,,
,,,
,,,
,,,
,,,
,,,
,,,
,,,
,,,
,,,
,,,
,,,
,,,
,,,
,,,
,,,
,,,
,,,
,,,
,,,
,,,
,,,
,,,
,,,
,,,
,,,
,,,
,,,
,,,
,,,
,,,
,,,
,,,
,,,
,,,
,,,
,,,
,,,
,,,
,,,
,,,
,,,
,,,
,,,
,,,
,,,
,,,
,,,
,,,
,,,
,,,
,,,
,,,
,,,
,,,
,,,
,,,
,,,
,,,
,,,
,,,
,,,
,,,
,,,
,,,
,,,
,,,
,,,
,,,
,,,
,,,
,,,
,,,
,,,
,,,
,,,
,,,
,,,
,,,
,,,
,,,
,,,
,,,
,,,
,,,
,,,
,,,
,,,
,,,
,,,
,,,
,,,
,,,
,,,
,,,
,,,
,,,
,,,
,,,
,,,
,,,
,,,
,,,
,,,
,,,
,,,
,,,
,,,
,,,
,,,
,,,
,,,
,,,
,,,
,,,
,,,
,,,
,,,
,,,
,,,
,,,
,,,
,,,
,,,
,,,
,,,
,,,
,,,
,,,
,,,
,,,
,,,
,,,
,,,
,,,
,,,
,,,
,,,
,,,
,,,
,,,
,,,
,,,
,,,
,,,
,,,
,,,
,,,
,,,
,,,
,,,
,,,
,,,
,,,
,,,
,,,
,,,
,,,
,,,
,,,
,,,
,,,
,,,
,,,
,,,
,,,
,,,
,,,
,,,
,,,
,,,
,,,
,,,
,,,
,,,
,,,
,,,
,,,
,,,
,,,
,,,
,,,
,,,
,,,
,,,
,,,
,,,
,,,
,,,
,,,
,,,
,,,
,,,
,,,
,,,
,,,
,,,
,,,
,,,
,,,
,,,
,,,
,,,
,,,
,,,
,,,
,,,
,,,
,,,
,,,
,,,
,,,
,,,
,,,
,,,
,,,
,,,
,,,
,,,
,,,
,,,
,,,
,,,
,,,
,,,
,,,
,,,
,,,
,,,
,,,
,,,
,,,
,,,
,,,
,,,
,,,
,,,
,,,
,,,
,,,
,,,
,,,
,,,
,,,
,,,
,,,
,,,
,,,
,,,
,,,
,,,
,,,
,,,
,,,
,,,
,,,
,,,
,,,
,,,
,,,
,,,
,,,
,,,
,,,
,,,
,,,
,,,
,,,
,,,
,,,
,,,
,,,
,,,
,,,
,,,
,,,
,,,
,,,
,,,
,,,
,,,
,,,
,,,
,,,
,,,
,,,
,,,
,,,
,,,
,,,
,,,
,,,
,,,
,,,
,,,
,,,
,,,
,,,
,,,
,,,
,,,
,,,
,,,
,,,
,,,
,,,
,,,
,,,
,,,
,,,
,,,
,,,
,,,
,,,
,,,
,,,
,,,
,,,
,,,
,,,
,,,
,,,
,,,
,,,
,,,
,,,
,,,
,,,
,,,
,,,
,,,
,,,
,,,
,,,
,,,
,,,
,,,
,,,
,,,
,,,
,,,
,,,
,,,
,,,
,,,
,,,
,,,
,,,
,,,
,,,
,,,
,,,
,,,
,,,
,,,
,,,
,,,
,,,
,,,
,,,
,,,
,,,
,,,
,,,
,,,
,,,
,,,
,,,
,,,
,,,
,,,
,,,
,,,
,,,
,,,
,,,
,,,
,,,
,,,
,,,
,,,
,,,
,,,
,,,
,,,
,,,
,,,
,,,
,,,
,,,
,,,
,,,
,,,
,,,
,,,
,,,
,,,
,,,
,,,
,,,
,,,
,,,
,,,
,,,
,,,
,,,
,,,
,,,
,,,
,,,
,,,
,,,
,,,
,,,
,,,
,,,
,,,
,,,
,,,
,,,
,,,
,,,
,,,
,,,
,,,
,,,
,,,
,,,
,,,
,,,
,,,
,,,
,,,
,,,
,,,
,,,
,,,
,,,
,,,
,,,
,,,
,,,
,,,
,,,
,,,
,,,
,,,
,,,
,,,
,,,
,,,
,,,
,,,
,,,
,,,
,,,
,,,
,,,
,,,
,,,
,,,
,,,
,,,
,,,
,,,
,,,
,,,
,,,
,,,
,,,
,,,
,,,
,,,
,,,
,,,
,,,
,,,
,,,
,,,
,,,
,,,
,,,
,,,
,,,
,,,
,,,
,,,
,,,
,,,
,,,
,,,
,,,
,,,
,,,
,,,
,,,
,,,
,,,
,,,
,,,
,,,
,,,
,,,
,,,
,,,
,,,
,,,
,,,
,,,
,,,
,,,
,,,
,,,
,,,
,,,
,,,
,,,
,,,
,,,
,,,
,,,
,,,
,,,
,,,
,,,
,,,
,,,
,,,
,,,
,,,
,,,
,,,
,,,
,,,
,,,
,,,
,,,
,,,
,,,
,,,
,,,
,,,
,,,
,,,
,,,
,,,
,,,
,,,
,,,
,,,
,,,
,,,
,,,
,,,
,,,
,,,
,,,
,,,
,,,
,,,
,,,
,,,
,,,
,,,
,,,
,,,
,,,
,,,
,,,
,,,
,,,
,,,
,,,
,,,
,,,
,,,
,,,
,,,
,,,
,,,
,,,
,,,
,,,
,,,
,,,
,,,
,,,
,,,
,,,
,,,
,,,
,,,
,,,
,,,
,,,
,,,
,,,
,,,
,,,
,,,
,,,
,,,
,,,
,,,
,,,
,,,
,,,
,,,
,,,
,,,
,,,
,,,
,,,
,,,
,,,
,,,
,,,
,,,
,,,
,,,
,,,
,,,
,,,
,,,
,,,
,,,
,,,
,,,
,,,
,,,
,,,
,,,
,,,
,,,
,,,
,,,
,,,
,,,
,,,
,,,
,,,
,,,
,,,
,,,
,,,
,,,
,,,
,,,
,,,
,,,
,,,
,,,
,,,
,,,
,,,
,,,
,,,
,,,
,,,
,,,
,,,
,,,
,,,
,,,
,,,
,,,
,,,
,,,
,,,
,,,
,,,
,,,
,,,
,,,
,,,
,,,
,,,
,,,
,,,
,,,
,,,
,,,
,,,
,,,
,,,
,,,
,,,
,,,
,,,
,,,
,,,
,,,
,,,
,,,
,,,
,,,
,,,
,,,
,,,
,,,
,,,
,,,
,,,
,,,
,,,
,,,
,,,
,,,
,,,
,,,
,,,
,,,
,,,
,,,
,,,
,,,
,,,
,,,
,,,
,,,
,,,
,,,
,,,
,,,
,,,
,,,
,,,
,,,
,,,
,,,
,,,
,,,
,,,
,,,
,,,
,,,
,,,
,,,
,,,
,,,
,,,
,,,
,,,
,,,
,,,
,,,
,,,
,,,
,,,
,,,
,,,
,,,
,,,
,,,
,,,
,,,
,,,
,,,
,,,
,,,
,,,
,,,
,,,
,,,
,,,
,,,
,,,
,,,
,,,
,,,
,,,
,,,
,,,
,,,
,,,
,,,
,,,
,,,
,,,
,,,
,,,
,,,
,,,
,,,
,,,
,,,
,,,
,,,
,,,
,,,
,,,
,,,
,,,
,,,
,,,
,,,
,,,
,,,
,,,
,,,
,,,
,,,
,,,
,,,
,,,
,,,
,,,
,,,
,,,
,,,
,,,
,,,
,,,
,,,
,,,
,,,
,,,
,,,
,,,
,,,
,,,
,,,
,,,
,,,
,,,
,,,
,,,
,,,
,,,
,,,
,,,
,,,
,,,
,,,
,,,
,,,
,,,
,,,
,,,
,,,
,,,
,,,
,,,
,,,
,,,
,,,
,,,
,,,
,,,
,,,
,,,
,,,
,,,
,,,
,,,
,,,
,,,
,,,
,,,
,,,
,,,
,,,
,,,
,,,
,,,
,,,
,,,
,,,
,,,
,,,
,,,
,,,
,,,
,,,
,,,
,,,
,,,
,,,
,,,
,,,
,,,
,,,
,,,
,,,
,,,
,,,
,,,
,,,
,,,
,,,
,,,
,,,
,,,
,,,
,,,
,,,
,,,
,,,
,,,
,,,
,,,
,,,
,,,
,,,
,,,
,,,
,,,
,,,
,,,
,,,
,,,
,,,
,,,
,,,
,,,
,,,
,,,
,,,
,,,
,,,
,,,
,,,
,,,
,,,
,,,
,,,
,,,
,,,
,,,
,,,
,,,
,,,
,,,
,,,
,,,
,,,
,,,
,,,
,,,
,,,
,,,
,,,
,,,
,,,
,,,
,,,
,,,
,,,
,,,
,,,
,,,
,,,
,,,
,,,
,,,
,,,
,,,
,,,
,,,
,,,
,,,
,,,
,,,
,,,
,,,
,,,
,,,
,,,
,,,
,,,
,,,
,,,
,,,
,,,
,,,
,,,
,,,
,,,
,,,
,,,
,,,
,,,
,,,
,,,
,,,
,,,
,,,
,,,
,,,
,,,
,,,
,,,
,,,
,,,
,,,
,,,
,,,
,,,
,,,
,,,
,,,
,,,
,,,
,,,
,,,
,,,
,,,
,,,
,,,
,,,
,,,
,,,
,,,
,,,
,,,
,,,
,,,
,,,
,,,
,,,
,,,
,,,
,,,
,,,
,,,
,,,
,,,
,,,
,,,
,,,
,,,
,,,
,,,
,,,
,,,
,,,
,,,
,,,
,,,
,,,
,,,
,,,
,,,
,,,
,,,
,,,
,,,
,,,
,,,
,,,
,,,
,,,
,,,
,,,
,,,
,,,
,,,
,,,
,,,
,,,
,,,
,,,
,,,
,,,
,,,
,,,
,,,
,,,
,,,
,,,
,,,
,,,
,,,
,,,
,,,
,,,
,,,
,,,
,,,
,,,
,,,
,,,
,,,
,,,
,,,
,,,
,,,
,,,
,,,
,,,
,,,
,,,
,,,
,,,
,,,
,,,
,,,
,,,
,,,
,,,
,,,
,,,
,,,
,,,
,,,
,,,
,,,
,,,
,,,
,,,
,,,
,,,
,,,
,,,
,,,
,,,
,,,
,,,
,,,
,,,
,,,
,,,
,,,
,,,
,,,
,,,
,,,
,,,
,,,
,,,
,,,
,,,
,,,
,,,
,,,
,,,
,,,
,,,
,,,
,,,
,,,
,,,
,,,
,,,
,,,
,,,
,,,
,,,
,,,
,,,
,,,
,,,
,,,
,,,
,,,
,,,
,,,
,,,
,,,
,,,
,,,
,,,
,,,
,,,
,,,
,,,
,,,
,,,
,,,
,,,
,,,
,,,
,,,
,,,
,,,
,,,
,,,
,,,
,,,
,,,
,,,
,,,
,,,
,,,
,,,
,,,
,,,
,,,
,,,
,,,
,,,
,,,
,,,
,,,
,,,
,,,
,,,
,,,
,,,
,,,
,,,
,,,
,,,
,,,
,,,
,,,
,,,
,,,
,,,
,,,
,,,
,,,
,,,
,,,
,,,
,,,
,,,
,,,
,,,
,,,
,,,
,,,
,,,
,,,
,,,
,,,
,,,
,,,
,,,
,,,
,,,
,,,
,,,
,,,
,,,
,,,
,,,
,,,
,,,
,,,
,,,
,,,
,,,
,,,
,,,
,,,
,,,
,,,
,,,
,,,
,,,
,,,
,,,
,,,
,,,
,,,
,,,
,,,
,,,
,,,
,,,
,,,
,,,
,,,
,,,
,,,
,,,
,,,
,,,
,,,
,,,
,,,
,,,
,,,
,,,
,,,
,,,
,,,
,,,
,,,
,,,
,,,
,,,
,,,
,,,
,,,
,,,
,,,
,,,
,,,
,,,
,,,
,,,
,,,
,,,
,,,
,,,
,,,
,,,
,,,
,,,
,,,
,,,
,,,
,,,
,,,
,,,
,,,
,,,
,,,
,,,
,,,
,,,
,,,
,,,
,,,
,,,
,,,
,,,
,,,
,,,
,,,
,,,
,,,
,,,
,,,
,,,
,,,
,,,
,,,
,,,
,,,
,,,
,,,
,,,
,,,
,,,
,,,
,,,
,,,
,,,
,,,
,,,
,,,
,,,
,,,
,,,
,,,
,,,
,,,
,,,
,,,
,,,
,,,
,,,
,,,
,,,
,,,
,,,
,,,
,,,
,,,
,,,
,,,
,,,
,,,
,,,
,,,
,,,
,,,
,,,
,,,
,,,
,,,
,,,
,,,
,,,
,,,
,,,
,,,
,,,
,,,
,,,
,,,
,,,
,,,
,,,
,,,
,,,
,,,
,,,
,,,
,,,
,,,
,,,
,,,
,,,
,,,
,,,
,,,
,,,
,,,
,,,
,,,
,,,
,,,
,,,
,,,
,,,
,,,
,,,
,,,
,,,
,,,
,,,
,,,
,,,
,,,
,,,
,,,
,,,
,,,
,,,
,,,
,,,
,,,
,,,
,,,
,,,
,,,
,,,
,,,
,,,
,,,
,,,
,,,
,,,
,,,
,,,
,,,
,,,
,,,
,,,
,,,
,,,
,,,
,,,
,,,
,,,
,,,
,,,
,,,
,,,
,,,
,,,
,,,
,,,
,,,
,,,
,,,
,,,
,,,
,,,
,,,
,,,
,,,
,,,
,,,
,,,
,,,
,,,
,,,
,,,
,,,
,,,
,,,
,,,
,,,
,,,
,,,
,,,
,,,
,,,
,,,
,,,
,,,
,,,
,,,
,,,
,,,
,,,
,,,
,,,
,,,
,,,
,,,
,,,
,,,
,,,
,,,
,,,
,,,
,,,
,,,
,,,
,,,
,,,
,,,
,,,
,,,
,,,
,,,
,,,
,,,
,,,
,,,
,,,
,,,
,,,
,,,
,,,
,,,
,,,
,,,
,,,
,,,
,,,
,,,
,,,
,,,
,,,
,,,
,,,
,,,
,,,
,,,
,,,
,,,
,,,
,,,
,,,
,,,
,,,
,,,
,,,
,,,
,,,
,,,
,,,
,,,
,,,
,,,
,,,
,,,
,,,
,,,
,,,
,,,
,,,
,,,
,,,
,,,
,,,
,,,
,,,
,,,
,,,
,,,
,,,
,,,
,,,
,,,
,,,
,,,
,,,
,,,
,,,
,,,
,,,
,,,
,,,
,,,
,,,
,,,
,,,
,,,
,,,
,,,
,,,
,,,
,,,
,,,
,,,
,,,
,,,
,,,
,,,
,,,
,,,
,,,
,,,
,,,
,,,
,,,
,,,
,,,
,,,
,,,
,,,
,,,
,,,
,,,
,,,
,,,
,,,
,,,
,,,
,,,
,,,
,,,
,,,
,,,
,,,
,,,
,,,
,,,
,,,
,,,
,,,
,,,
,,,
,,,
,,,
,,,
,,,
,,,
,,,
,,,
,,,
,,,
,,,
,,,
,,,
,,,
,,,
,,,
,,,
,,,
,,,
,,,
,,,
,,,
,,,
,,,
,,,
,,,
,,,
,,,
,,,
,,,
,,,
,,,
,,,
,,,
,,,
,,,
,,,
,,,
,,,
,,,
,,,
,,,
,,,
,,,
,,,
,,,
,,,
,,,
,,,
,,,
,,,
,,,
,,,
,,,
,,,
,,,
,,,
,,,
,,,
,,,
,,,
,,,
,,,
,,,
,,,
,,,
,,,
,,,
,,,
,,,
,,,
,,,
,,,
,,,
,,,
,,,
,,,
,,,
,,,
,,,
,,,
,,,
,,,
,,,
,,,
,,,
,,,
,,,
,,,
,,,
,,,
,,,
,,,
,,,
,,,
,,,
,,,
,,,
,,,
,,,
,,,
,,,
,,,
,,,
,,,
,,,
,,,
,,,
,,,
,,,
,,,
,,,
,,,
,,,
,,,
,,,
,,,
,,,
,,,
,,,
,,,
,,,
,,,
,,,
,,,
,,,
,,,
,,,
,,,
,,,
,,,
,,,
,,,
,,,
,,,
,,,
,,,
,,,
,,,
,,,
,,,
,,,
,,,
,,,
,,,
,,,
,,,
,,,
,,,
,,,
,,,
,,,
,,,
,,,
,,,
,,,
,,,
,,,
,,,
,,,
,,,
,,,
,,,
,,,
,,,
,,,
,,,
,,,
,,,
,,,
,,,
,,,
,,,
,,,
,,,
,,,
,,,
,,,
,,,
,,,
,,,
,,,
,,,
,,,
,,,
,,,
,,,
,,,
,,,
,,,
,,,
,,,
,,,
,,,
,,,
,,,
,,,
,,,
,,,
,,,
,,,
,,,
,,,
,,,
,,,
,,,
,,,
,,,
,,,
,,,
,,,
,,,
,,,
,,,
,,,
,,,
,,,
,,,
,,,
,,,
,,,
,,,
,,,
,,,
,,,
,,,
,,,
,,,
,,,
,,,
,,,
,,,
,,,
,,,
,,,
,,,
,,,
,,,
,,,
,,,
,,,
,,,
,,,
,,,
,,,
,,,
,,,
,,,
,,,
,,,
,,,
,,,
,,,
,,,
,,,
,,,
,,,
,,,
,,,
,,,
,,,
,,,
,,,
,,,
,,,
,,,
,,,
,,,
,,,
,,,
,,,
,,,
,,,
,,,
,,,
,,,
,,,
,,,
,,,
,,,
,,,
,,,
,,,
,,,
,,,
,,,
,,,
,,,
,,,
,,,
,,,
,,,
,,,
,,,
,,,
,,,
,,,
,,,
,,,
,,,
,,,
,,,
,,,
,,,
,,,
,,,
,,,
,,,
,,,
,,,
,,,
,,,
,,,
,,,
,,,
,,,
,,,
,,,
,,,
,,,
,,,
,,,
,,,
,,,
,,,
,,,
,,,
,,,
,,,
,,,
,,,
,,,
,,,
,,,
,,,
,,,
,,,
,,,
,,,
,,,
,,,
,,,
,,,
,,,
,,,
,,,
,,,
,,,
,,,
,,,
,,,
,,,
,,,
,,,
,,,
,,,
,,,
,,,
,,,
,,,
,,,
,,,
,,,
,,,
,,,
,,,
,,,
,,,
,,,
,,,
,,,
,,,
,,,
,,,
,,,
,,,
,,,
,,,
,,,
,,,
,,,
,,,
,,,
,,,
,,,
,,,
,,,
,,,
,,,
,,,
,,,
,,,
,,,
,,,
,,,
,,,
,,,
,,,
,,,
,,,
,,,
,,,
,,,
,,,
,,,
,,,
,,,
,,,
,,,
,,,
,,,
,,,
,,,
,,,
,,,
,,,
,,,
,,,
,,,
,,,
,,,
,,,
,,,
,,,
,,,
,,,
,,,
,,,
,,,
,,,
,,,
,,,
,,,
,,,
,,,
,,,
,,,
,,,
,,,
,,,
,,,
,,,
,,,
,,,
,,,
,,,
,,,
,,,
,,,
,,,
,,,
,,,
,,,
,,,
,,,
,,,
,,,
,,,
,,,
,,,
,,,
,,,
,,,
,,,
,,,
,,,
,,,
,,,
,,,
,,,
,,,
,,,
,,,
,,,
,,,
,,,
,,,
,,,
,,,
,,,
,,,
,,,
,,,
,,,
,,,
,,,
,,,
,,,
,,,
,,,
,,,
,,,
,,,
,,,
,,,
,,,
,,,
,,,
,,,
,,,
,,,
,,,
,,,
,,,
,,,
,,,
,,,
,,,
,,,
,,,
,,,
,,,
,,,
,,,
,,,
,,,
,,,
,,,
,,,
,,,
,,,
,,,
,,,
,,,
,,,
,,,
,,,
,,,
,,,
,,,
,,,
,,,
,,,
,,,
,,,
,,,
,,,
,,,
,,,
,,,
,,,
,,,
,,,
,,,
,,,
,,,
,,,
,,,
,,,
,,,
,,,
,,,
,,,
,,,
,,,
,,,
,,,
,,,
,,,
,,,
,,,
,,,
,,,
,,,
,,,
,,,
,,,
,,,
,,,
,,,
,,,
,,,
,,,
,,,
,,,
,,,
,,,
,,,
,,,
,,,
,,,
,,,
,,,
,,,
,,,
,,,
,,,
,,,
,,,
,,,
,,,
,,,
,,,
,,,
,,,
,,,
,,,
,,,
,,,
,,,
,,,
,,,
,,,
,,,
,,,
,,,
,,,
,,,
,,,
,,,
,,,
,,,
,,,
,,,
,,,
,,,
,,,
,,,
,,,
,,,
,,,
,,,
,,,
,,,
,,,
,,,
,,,
,,,
,,,
,,,
,,,
,,,
,,,
,,,
,,,
,,,
,,,
,,,
,,,
,,,
,,,
,,,
,,,
,,,
,,,
,,,
,,,
,,,
,,,
,,,
,,,
,,,
,,,
,,,
,,,
,,,
,,,
,,,
,,,
,,,
,,,
,,,
,,,
,,,
,,,
,,,
,,,
,,,
,,,
,,,
,,,
,,,
,,,
,,,
,,,
,,,
,,,
,,,
,,,
,,,
,,,
,,,
,,,
,,,
,,,
,,,
,,,
,,,
,,,
,,,
,,,
,,,
,,,
,,,
,,,
,,,
,,,
,,,
,,,
,,,
,,,
,,,
,,,
,,,
,,,
,,,
,,,
,,,
,,,
,,,
,,,
,,,
,,,
,,,
,,,
,,,
,,,
,,,
,,,
,,,
,,,
,,,
,,,
,,,
,,,
,,,
,,,
,,,
,,,
,,,
,,,
,,,
,,,
,,,
,,,
,,,
,,,
,,,
,,,
,,,
,,,
,,,
,,,
,,,
,,,
,,,
,,,
,,,
,,,
,,,
,,,
,,,
,,,
,,,
,,,
,,,
,,,
,,,
,,,
,,,
,,,
,,,
,,,
,,,
,,,
,,,
,,,
,,,
,,,
,,,
,,,
,,,
,,,
,,,
,,,
,,,
,,,
,,,
,,,
,,,
,,,
,,,
,,,
,,,
,,,
,,,
,,,
,,,
,,,
,,,
,,,
,,,
,,,
,,,
,,,
,,,
,,,
,,,
,,,
,,,
,,,
,,,
,,,
,,,
,,,
,,,
,,,
,,,
,,,
,,,
,,,
,,,
,,,
,,,
,,,
,,,
,,,
,,,
,,,
,,,
,,,
,,,
,,,
,,,
,,,
,,,
,,,
,,,
,,,
,,,
,,,
,,,
,,,
,,,
,,,
,,,
,,,
,,,
,,,
,,,
,,,
,,,
,,,
,,,
,,,
,,,
,,,
,,,
,,,
,,,
,,,
,,,
,,,
,,,
,,,
,,,
,,,
,,,
,,,
,,,
,,,
,,,
,,,
,,,
,,,
,,,
,,,
,,,
,,,
,,,
,,,
,,,
,,,
,,,
,,,
,,,
,,,
,,,
,,,
,,,
,,,
,,,
,,,
,,,
,,,
,,,
,,,
,,,
,,,
,,,
,,,
,,,
,,,
,,,
,,,
,,,
,,,
,,,
,,,
,,,
,,,
,,,
,,,
,,,
,,,
,,,
,,,
,,,
,,,
,,,
,,,
,,,
,,,
,,,
,,,
,,,
,,,
,,,
,,,
,,,
,,,
,,,
,,,
,,,
,,,
,,,
,,,
,,,
,,,
,,,
,,,
,,,
,,,
,,,
,,,
,,,
,,,
,,,
,,,
,,,
,,,
,,,
,,,
,,,
,,,
,,,
,,,
,,,
,,,
,,,
,,,
,,,
,,,
,,,
,,,
,,,
,,,
,,,
,,,
,,,
,,,
,,,
,,,
,,,
,,,
,,,
,,,
,,,
,,,
,,,
,,,
,,,
,,,
,,,
,,,
,,,
,,,
,,,
,,,
,,,
,,,
,,,
,,,
,,,
,,,
,,,
,,,
,,,
,,,
,,,
,,,
,,,
,,,
,,,
,,,
,,,
,,,
,,,
,,,
,,,
,,,
,,,
,,,
,,,
,,,
,,,
,,,
,,,
,,,
,,,
,,,
,,,
,,,
,,,
,,,
,,,
,,,
,,,
,,,
,,,
,,,
,,,
,,,
,,,
,,,
,,,
,,,
,,,
,,,
,,,
,,,
,,,
,,,
,,,
,,,
,,,
,,,
,,,
,,,
,,,
,,,
,,,
,,,
,,,
,,,
,,,
,,,
,,,
,,,
,,,
,,,
,,,
,,,
,,,
,,,
,,,
,,,
,,,
,,,
,,,
,,,
,,,
,,,
,,,
,,,
,,,
,,,
,,,
,,,
,,,
,,,
,,,
,,,
,,,
,,,
,,,
,,,
,,,
,,,
,,,
,,,
,,,
,,,
,,,
,,,
,,,
,,,
,,,
,,,
,,,
,,,
,,,
,,,
,,,
,,,
,,,
,,,
,,,
,,,
,,,
,,,
,,,
,,,
,,,
,,,
,,,
,,,
,,,
,,,
,,,
,,,
,,,
,,,
,,,
,,,
,,,
,,,
,,,
,,,
,,,
,,,
,,,
,,,
,,,
,,,
,,,
,,,
,,,
,,,
,,,
,,,
,,,
,,,
,,,
,,,
,,,
,,,
,,,
,,,
,,,
,,,
,,,
,,,
,,,
,,,
,,,
,,,
,,,
,,,
,,,
,,,
,,,
,,,
,,,
,,,
,,,
,,,
,,,
,,,
,,,
,,,
,,,
,,,
,,,
,,,
,,,
,,,
,,,
,,,
,,,
,,,
,,,
,,,
,,,
,,,
,,,
,,,
,,,
,,,
,,,
,,,
,,,
,,,
,,,
,,,
,,,
,,,
,,,
,,,
,,,
,,,
,,,
,,,
,,,
,,,
,,,
,,,
,,,
,,,
,,,
,,,
,,,
,,,
,,,
,,,
,,,
,,,
,,,
,,,
,,,
,,,
,,,
,,,
,,,
,,,
,,,
,,,
,,,
,,,
,,,
,,,
,,,
,,,
,,,
,,,
,,,
,,,
,,,
,,,
,,,
,,,
,,,
,,,
,,,
,,,
,,,
,,,
,,,
,,,
,,,
,,,
,,,
,,,
,,,
,,,
,,,
,,,
,,,
,,,
,,,
,,,
,,,
,,,
,,,
,,,
,,,
,,,
,,,
,,,
,,,
,,,
,,,
,,,
,,,
,,,
,,,
,,,
,,,
,,,
,,,
,,,
,,,
,,,
,,,
,,,
,,,
,,,
,,,
,,,
,,,
,,,
,,,
,,,
,,,
,,,
,,,
,,,
,,,
,,,
,,,
,,,
,,,
,,,
,,,
,,,
,,,
,,,
,,,
,,,
,,,
,,,
,,,
,,,
,,,
,,,
,,,
,,,
,,,
,,,
,,,
,,,
,,,
,,,
,,,
,,,
,,,
,,,
,,,
,,,
,,,
,,,
,,,
,,,
,,,
,,,
,,,
,,,
,,,
,,,
,,,
,,,
,,,
,,,
,,,
,,,
,,,
,,,
,,,
,,,
,,,
,,,
,,,
,,,
,,,
,,,
,,,
,,,
,,,
,,,
,,,
,,,
,,,
,,,
,,,
,,,
,,,
,,,
,,,
,,,
,,,
,,,
,,,
,,,
,,,
,,,
,,,
,,,
,,,
,,,
,,,
,,,
,,,
,,,
,,,
,,,
,,,
,,,
,,,
,,,
,,,
,,,
,,,
,,,
,,,
,,,
,,,
,,,
,,,
,,,
,,,
,,,
,,,
,,,
,,,
,,,
,,,
,,,
,,,
,,,
,,,
,,,
,,,
,,,
,,,
,,,
,,,
,,,
,,,
,,,
,,,
,,,
,,,
,,,
,,,
,,,
,,,
,,,
,,,
,,,
,,,
,,,
,,,
,,,
,,,
,,,
,,,
,,,
,,,
,,,
,,,
,,,
,,,
,,,
,,,
,,,
,,,
,,,
,,,
,,,
,,,
,,,
,,,
,,,
,,,
,,,
,,,
,,,
,,,
,,,
,,,
,,,
,,,
,,,
,,,
,,,
,,,
,,,
,,,
,,,
,,,
,,,
,,,
,,,
,,,
,,,
,,,
,,,
,,,
,,,
,,,
,,,
,,,
,,,
,,,
,,,
,,,
,,,
,,,
,,,
,,,
,,,
,,,
,,,
,,,
,,,
,,,
,,,
,,,
,,,
,,,
,,,
,,,
,,,
,,,
,,,
,,,
,,,
,,,
,,,
,,,
,,,
,,,
,,,
,,,
,,,
,,,
,,,
,,,
,,,
,,,
,,,
,,,
,,,
,,,
,,,
,,,
,,,
,,,
,,,
,,,
,,,
,,,
,,,
,,,
,,,
,,,
,,,
,,,
,,,
,,,
,,,
,,,
,,,
,,,
,,,
,,,
,,,
,,,
,,,
,,,
,,,
,,,
,,,
,,,
,,,
,,,
,,,
,,,
,,,
,,,
,,,
,,,
,,,
,,,
,,,
,,,
,,,
,,,
,,,
,,,
,,,
,,,
,,,
,,,
,,,
,,,
,,,
,,,
,,,
,,,
,,,
,,,
,,,
,,,
,,,
,,,
,,,
,,,
,,,
,,,
,,,
,,,
,,,
,,,
,,,
,,,
,,,
,,,
,,,
,,,
,,,
,,,
,,,
,,,
,,,
,,,
,,,
,,,
,,,
,,,
,,,
,,,
,,,
,,,
,,,
,,,
,,,
,,,
,,,
,,,
,,,
,,,
,,,
,,,
,,,
,,,
,,,
,,,
,,,
,,,
,,,
,,,
,,,
,,,
,,,
,,,
,,,
,,,
,,,
,,,
,,,
,,,
,,,
,,,
,,,
,,,
,,,
,,,
,,,
,,,
,,,
,,,
,,,
,,,
,,,
,,,
,,,
,,,
,,,
,,,
,,,
,,,
,,,
,,,
,,,
,,,
,,,
,,,
,,,
,,,
,,,
,,,
,,,
,,,
,,,
,,,
,,,
,,,
,,,
,,,
,,,
,,,
,,,
,,,
,,,
,,,
,,,
,,,
,,,
,,,
,,,
,,,
,,,
,,,
,,,
,,,
,,,
,,,
,,,
,,,
,,,
,,,
,,,
,,,
,,,
,,,
,,,
,,,
,,,
,,,
,,,
,,,
,,,
,,,
,,,
,,,
,,,
,,,
,,,
,,,
,,,
,,,
,,,
,,,
,,,
,,,
,,,
,,,
,,,
,,,
,,,
,,,
,,,
,,,
,,,
,,,
,,,
,,,
,,,
,,,
,,,
,,,
,,,
,,,
,,,
,,,
,,,
,,,
,,,
,,,
,,,
,,,
,,,
,,,
,,,
,,,
,,,
,,,
,,,
,,,
,,,
,,,
,,,
,,,
,,,
,,,
,,,
,,,
,,,
,,,
,,,
,,,
,,,
,,,
,,,
,,,
,,,
,,,
,,,
,,,
,,,
,,,
,,,
,,,
,,,
,,,
,,,
,,,
,,,
,,,
,,,
,,,
,,,
,,,
,,,
,,,
,,,
,,,
,,,
,,,
,,,
,,,
,,,
,,,
,,,
,,,
,,,
,,,
,,,
,,,
,,,
,,,
,,,
,,,
,,,
,,,
,,,
,,,
,,,
,,,
,,,
,,,
,,,
,,,
,,,
,,,
,,,
,,,
,,,
,,,
,,,
,,,
,,,
,,,
,,,
,,,
,,,
,,,
,,,
,,,
,,,
,,,
,,,
,,,
,,,
,,,
,,,
,,,
,,,
,,,
,,,
,,,
,,,
,,,
,,,
,,,
,,,
,,,
,,,
,,,
,,,
,,,
,,,
,,,
,,,
,,,
,,,
,,,
,,,
,,,
,,,
,,,
,,,
,,,
,,,
,,,
,,,
,,,
,,,
,,,
,,,
,,,
,,,
,,,
,,,
,,,
,,,
,,,
,,,
,,,
,,,
,,,
,,,
,,,
,,,
,,,
,,,
,,,
,,,
,,,
,,,
,,,
,,,
,,,
,,,
,,,
,,,
,,,
,,,
,,,
,,,
,,,
,,,
,,,
,,,
,,,
,,,
,,,
,,,
,,,
,,,
,,,
,,,
,,,
,,,
,,,
,,,
,,,
,,,
,,,
,,,
,,,
,,,
,,,
,,,
,,,
,,,
,,,
,,,
,,,
,,,
,,,
,,,
,,,
,,,
,,,
,,,
,,,
,,,
,,,
,,,
,,,
,,,
,,,
,,,
,,,
,,,
,,,
,,,
,,,
,,,
,,,
,,,
,,,
,,,
,,,
,,,
,,,
,,,
,,,
,,,
,,,
,,,
,,,
,,,
,,,
,,,
,,,
,,,
,,,
,,,
,,,
,,,
,,,
,,,
,,,
,,,
,,,
,,,
,,,
,,,
,,,
,,,
,,,
,,,
,,,
,,,
,,,
,,,
,,,
,,,
,,,
,,,
,,,
,,,
,,,
,,,
,,,
,,,
,,,
,,,
,,,
,,,
,,,
,,,
,,,
,,,
,,,
,,,
,,,
,,,
,,,
,,,
,,,
,,,
,,,
,,,
,,,
,,,
,,,
,,,
,,,
,,,
,,,
,,,
,,,
,,,
,,,
,,,
,,,
,,,
,,,
,,,
,,,
,,,
,,,
,,,
,,,
,,,
,,,
,,,
,,,
,,,
,,,
,,,
,,,
,,,
,,,
,,,
,,,
,,,
,,,
,,,
,,,
,,,
,,,
,,,
,,,
,,,
,,,
,,,
,,,
,,,
,,,
,,,
,,,
,,,
,,,
,,,
,,,
,,,
,,,
,,,
,,,
,,,
,,,
,,,
,,,
,,,
,,,
,,,
,,,
,,,
,,,
,,,
,,,
,,,
,,,
,,,
,,,
,,,
,,,
,,,
,,,
,,,
,,,
,,,
,,,
,,,
,,,
,,,
,,,
,,,
,,,
,,,
,,,
,,,
,,,
,,,
,,,
,,,
,,,
,,,
,,,
,,,
,,,
,,,
,,,
,,,
,,,
,,,
,,,
,,,
,,,
,,,
,,,
,,,
,,,
,,,
,,,
,,,
,,,
,,,
,,,
,,,
,,,
,,,
,,,
,,,
,,,
,,,
,,,
,,,
,,,
,,,
,,,
,,,
,,,
,,,
,,,
,,,
,,,
,,,
,,,
,,,
,,,
,,,
,,,
,,,
,,,
,,,
,,,
,,,
,,,
,,,
,,,
,,,
,,,
,,,
,,,
,,,
,,,
,,,
,,,
,,,
,,,
,,,
,,,
,,,
,,,
,,,
,,,
,,,
,,,
,,,
,,,
,,,
,,,
,,,
,,,
,,,
,,,
,,,
,,,
,,,
,,,
,,,
,,,
,,,
,,,
,,,
,,,
,,,
,,,
,,,
,,,
,,,
,,,
,,,
,,,
,,,
,,,
,,,
,,,
,,,
,,,
,,,
,,,
,,,
,,,
,,,
,,,
,,,
,,,
,,,
,,,
,,,
,,,
,,,
,,,
,,,
,,,
,,,
,,,
,,,
,,,
,,,
,,,
,,,
,,,
,,,
,,,
,,,
,,,
,,,
,,,
,,,
,,,
,,,
,,,
,,,
,,,
,,,
,,,
,,,
,,,
,,,
,,,
,,,
,,,
,,,
,,,
,,,
,,,
,,,
,,,
,,,
,,,
,,,
,,,
,,,
,,,
,,,
,,,
,,,
,,,
,,,
,,,
,,,
,,,
,,,
,,,
,,,
,,,
,,,
,,,
,,,
,,,
,,,
,,,
,,,
,,,
,,,
,,,
,,,
,,,
,,,
,,,
,,,
,,,
,,,
,,,
,,,
,,,
,,,
,,,
,,,
,,,
,,,
,,,
,,,
,,,
,,,
,,,
,,,
,,,
,,,
,,,
,,,
,,,
,,,
,,,
,,,
,,,
,,,
,,,
,,,
,,,
,,,
,,,
,,,
,,,
,,,
,,,
,,,
,,,
,,,
,,,
,,,
,,,
,,,
,,,
,,,
,,,
,,,
,,,
,,,
,,,
,,,
,,,
,,,
,,,
,,,
,,,
,,,
,,,
,,,
,,,
,,,
,,,
,,,
,,,
,,,
,,,
,,,
,,,
,,,
,,,
,,,
,,,
,,,
,,,
,,,
,,,
,,,
,,,
,,,
,,,
,,,
,,,
,,,
,,,
,,,
,,,
,,,
,,,
,,,
,,,
,,,
,,,
,,,
,,,
,,,
,,,
,,,
,,,
,,,
,,,
,,,
,,,
,,,
,,,
,,,
,,,
,,,
,,,
,,,
,,,
,,,
,,,
,,,
,,,
,,,
,,,
,,,
,,,
,,,
,,,
,,,
,,,
,,,
,,,
,,,
,,,
,,,
,,,
,,,
,,,
,,,
,,,
,,,
,,,
,,,
,,,
,,,
,,,
,,,
,,,
,,,
,,,
,,,
,,,
,,,
,,,
,,,
,,,
,,,
,,,
,,,
,,,
,,,
,,,
,,,
,,,
,,,
,,,
,,,
,,,
,,,
,,,
,,,
,,,
,,,
,,,
,,,
,,,
,,,
,,,
,,,
,,,
,,,
,,,
,,,
,,,
,,,
,,,
,,,
,,,
,,,
,,,
,,,
,,,
,,,
,,,
,,,
,,,
,,,
,,,
,,,
,,,
,,,
,,,
,,,
,,,
,,,
,,,
,,,
,,,
,,,
,,,
,,,
,,,
,,,
,,,
,,,
,,,
,,,
,,,
,,,
,,,
,,,
,,,
,,,
,,,
,,,
,,,
,,,
,,,
,,,
,,,
,,,
,,,
,,,
,,,
,,,
,,,
,,,
,,,
,,,
,,,
,,,
,,,
,,,
,,,
,,,
,,,
,,,
,,,
,,,
,,,
,,,
,,,
,,,
,,,
,,,
,,,
,,,
,,,
,,,
,,,
,,,
,,,
,,,
,,,
,,,
,,,
,,,
,,,
,,,
,,,
,,,
,,,
,,,
,,,
,,,
,,,
,,,
,,,
,,,
,,,
,,,
,,,
,,,
,,,
,,,
,,,
,,,
,,,
,,,
,,,
,,,
,,,
,,,
,,,
,,,
,,,
,,,
,,,
,,,
,,,
,,,
,,,
,,,
,,,
,,,
,,,
,,,
,,,
,,,
,,,
,,,
,,,
,,,
,,,
,,,
,,,
,,,
,,,
,,,
,,,
,,,
,,,
,,,
,,,
,,,
,,,
,,,
,,,
,,,
,,,
,,,
,,,
,,,
,,,
,,,
,,,
,,,
,,,
,,,
,,,
,,,
,,,
,,,
,,,
,,,
,,,
,,,
,,,
,,,
,,,
,,,
,,,
,,,
,,,
,,,
,,,
,,,
,,,
,,,
,,,
,,,
,,,
,,,
,,,
,,,
,,,
,,,
,,,
,,,
,,,
,,,
,,,
,,,
,,,
,,,
,,,
,,,
,,,
,,,
,,,
,,,
,,,
,,,
,,,
,,,
,,,
,,,
,,,
,,,
,,,
,,,
,,,
,,,
,,,
,,,
,,,
,,,
,,,
,,,
,,,
,,,
,,,
,,,
,,,
,,,
,,,
,,,
,,,
,,,
,,,
,,,
,,,
,,,
,,,
,,,
,,,
,,,
,,,
,,,
,,,
,,,
,,,
,,,
,,,
,,,
,,,
,,,
,,,
,,,
,,,
,,,
,,,
,,,
,,,
,,,
,,,
,,,
,,,
,,,
,,,
,,,
,,,
,,,
,,,
,,,
,,,
,,,
,,,
,,,
,,,
,,,
,,,
,,,
,,,
,,,
,,,
,,,
,,,
,,,
,,,
,,,
,,,
,,,
,,,
,,,
,,,
,,,
,,,
,,,
,,,
,,,
,,,
,,,
,,,
,,,
,,,
,,,
,,,
,,,
,,,
,,,
,,,
,,,
,,,
,,,
,,,
,,,
,,,
,,,
,,,
,,,
,,,
,,,
,,,
,,,
,,,
,,,
,,,
,,,
,,,
,,,
,,,
,,,
,,,
,,,
,,,
,,,
,,,
,,,
,,,
,,,
,,,
,,,
,,,
,,,
,,,
,,,
,,,
,,,
,,,
,,,
,,,
,,,
,,,
,,,
,,,
,,,
,,,
,,,
,,,
,,,
,,,
,,,
,,,
,,,
,,,
,,,
,,,
,,,
,,,
,,,
,,,
,,,
,,,
,,,
,,,
,,,
,,,
,,,
,,,
,,,
,,,
,,,
,,,
,,,
,,,
,,,
,,,
,,,
,,,
,,,
,,,
,,,
,,,
,,,
,,,
,,,
,,,
,,,
,,,
,,,
,,,
,,,
,,,
,,,
,,,
,,,
,,,
,,,
,,,
,,,
,,,
,,,
,,,
,,,
,,,
,,,
,,,
,,,
,,,
,,,
,,,
,,,
,,,
,,,
,,,
,,,
,,,
,,,
,,,
,,,
,,,
,,,
,,,
,,,
,,,
,,,
,,,
,,,
,,,
,,,
,,,
,,,
,,,
,,,
,,,
,,,
,,,
,,,
,,,
,,,
,,,
,,,
,,,
,,,
,,,
,,,
,,,
,,,
,,,
,,,
,,,
,,,
,,,
,,,
,,,
,,,
,,,
,,,
,,,
,,,
,,,
,,,
,,,
,,,
,,,
,,,
,,,
,,,
,,,
,,,
,,,
,,,
,,,
,,,
,,,
,,,
,,,
,,,
,,,
,,,
,,,
,,,
,,,
,,,
,,,
,,,
,,,
,,,
,,,
,,,
,,,
,,,
,,,
,,,
,,,
,,,
,,,
,,,
,,,
,,,
,,,
,,,
,,,
,,,
,,,
,,,
,,,
,,,
,,,
,,,
,,,
,,,
,,,
,,,
,,,
,,,
,,,
,,,
,,,
,,,
,,,
,,,
,,,
,,,
,,,
,,,
,,,
,,,
,,,
,,,
,,,
,,,
,,,
,,,
,,,
,,,
,,,
,,,
,,,
,,,
,,,
,,,
,,,
,,,
,,,
,,,
,,,
,,,
,,,
,,,
,,,
,,,
,,,
,,,
,,,
,,,
,,,
,,,
,,,
,,,
,,,
,,,
,,,
,,,
,,,
,,,
,,,
,,,
,,,
,,,
,,,
,,,
,,,
,,,
,,,
,,,
,,,
,,,
,,,
,,,
,,,
,,,
,,,
,,,
,,,
,,,
,,,
,,,
,,,
,,,
,,,
,,,
,,,
,,,
,,,
,,,
,,,
,,,
,,,
,,,
,,,
,,,
,,,
,,,
,,,
,,,
,,,
,,,
,,,
,,,
,,,
,,,
,,,
,,,
,,,
,,,
,,,
,,,
,,,
,,,
,,,
,,,
,,,
,,,
,,,
,,,
,,,
,,,
,,,
,,,
,,,
,,,
,,,
,,,
,,,
,,,
,,,
,,,
,,,
,,,
,,,
,,,
,,,
,,,
,,,
,,,
,,,
,,,
,,,
,,,
,,,
,,,
,,,
,,,
,,,
,,,
,,,
,,,
,,,
,,,
,,,
,,,
,,,
,,,
,,,
,,,
,,,
,,,
,,,
,,,
,,,
,,,
,,,
,,,
,,,
,,,
,,,
,,,
,,,
,,,
,,,
,,,
,,,
,,,
,,,
,,,
,,,
,,,
,,,
,,,
,,,
,,,
,,,
,,,
,,,
,,,
,,,
,,,
,,,
,,,
,,,
,,,
,,,
,,,
,,,
,,,
,,,
,,,
,,,
,,,
,,,
,,,
,,,
,,,
,,,
,,,
,,,
,,,
,,,
,,,
,,,
,,,
,,,
,,,
,,,
,,,
,,,
,,,
,,,
,,,
,,,
,,,
,,,
,,,
,,,
,,,
,,,
,,,
,,,
,,,
,,,
,,,
,,,
,,,
,,,
,,,
,,,
,,,
,,,
,,,
,,,
,,,
,,,
,,,
,,,
,,,
,,,
,,,
,,,
,,,
,,,
,,,
,,,
,,,
,,,
,,,
,,,
,,,
,,,
,,,
,,,
,,,
,,,
,,,
,,,
,,,
,,,
,,,
,,,
,,,
,,,
,,,
,,,
,,,
,,,
,,,
,,,
,,,
,,,
,,,
,,,
,,,
,,,
,,,
,,,
,,,
,,,
,,,
,,,
,,,
,,,
,,,
,,,
,,,
,,,
,,,
,,,
,,,
,,,
,,,
,,,
,,,
,,,
,,,
,,,
,,,
,,,
,,,
,,,
,,,
,,,
,,,
,,,
,,,
,,,
,,,
,,,
,,,
,,,
,,,
,,,
,,,
,,,
,,,
,,,
,,,
,,,
,,,
,,,
,,,
,,,
,,,
,,,
,,,
,,,
,,,
,,,
,,,
,,,
,,,
,,,
,,,
,,,
,,,
,,,
,,,
,,,
,,,
,,,
,,,
,,,
,,,
,,,
,,,
,,,
,,,
,,,
,,,
,,,
,,,
,,,
,,,
,,,
,,,
,,,
,,,
,,,
,,,
,,,
,,,
,,,
,,,
,,,
,,,
,,,
,,,
,,,
,,,
,,,
,,,
,,,
,,,
,,,
,,,
,,,
,,,
,,,
,,,
,,,
,,,
,,,
,,,
,,,
,,,
,,,
,,,
,,,
,,,
,,,
,,,
,,,
,,,
,,,
,,,
,,,
,,,
,,,
,,,
,,,
,,,
,,,
,,,
,,,
,,,
,,,
,,,
,,,
,,,
,,,
,,,
,,,
,,,
,,,
,,,
,,,
,,,
,,,
,,,
,,,
,,,
,,,
,,,
,,,
,,,
,,,
,,,
,,,
,,,
,,,
,,,
,,,
,,,
,,,
,,,
,,,
,,,
,,,
,,,
,,,
,,,
,,,
,,,
,,,
,,,
,,,
,,,
,,,
,,,
,,,
,,,
,,,
,,,
,,,
,,,
,,,
,,,
,,,
,,,
,,,
,,,
,,,
,,,
,,,
,,,
,,,
,,,
,,,
,,,
,,,
,,,
,,,
,,,
,,,
,,,
,,,
,,,
,,,
,,,
,,,
,,,
,,,
,,,
,,,
,,,
,,,
,,,
,,,
,,,
,,,
,,,
,,,
,,,
,,,
,,,
,,,
,,,
,,,
,,,
,,,
,,,
,,,
,,,
,,,
,,,
,,,
,,,
,,,
,,,
,,,
,,,
,,,
,,,
,,,
,,,
,,,
,,,
,,,
,,,
,,,
,,,
,,,
,,,
,,,
,,,
,,,
,,,
,,,
,,,
,,,
,,,
,,,
,,,
,,,
,,,
,,,
,,,
,,,
,,,
,,,
,,,
,,,
,,,
,,,
,,,
,,,
,,,
,,,
,,,
,,,
,,,
,,,
,,,
,,,
,,,
,,,
,,,
,,,
,,,
,,,
,,,
,,,
,,,
,,,
,,,
,,,
,,,
,,,
,,,
,,,
,,,
,,,
,,,
,,,
,,,
,,,
,,,
,,,
,,,
,,,
,,,
,,,
,,,
,,,
,,,
,,,
,,,
,,,
,,,
,,,
,,,
,,,
,,,
,,,
,,,
,,,
,,,
,,,
,,,
,,,
,,,
,,,
,,,
,,,
,,,
,,,
,,,
,,,
,,,
,,,
,,,
,,,
,,,
,,,
,,,
,,,
,,,
,,,
,,,
,,,
,,,
,,,
,,,
,,,
,,,
,,,
,,,
,,,
,,,
,,,
,,,
,,,
,,,
,,,
,,,
,,,
,,,
,,,
,,,
,,,
,,,
,,,
,,,
,,,
,,,
,,,
,,,
,,,
,,,
,,,
,,,
,,,
,,,
,,,
,,,
,,,
,,,
,,,
,,,
,,,
,,,
,,,
,,,
,,,
,,,
,,,
,,,
,,,
,,,
,,,
,,,
,,,
,,,
,,,
,,,
,,,
,,,
,,,
,,,
,,,
,,,
,,,
,,,
,,,
,,,
,,,
,,,
,,,
,,,
,,,
,,,
,,,
,,,
,,,
,,,
,,,
,,,
,,,
,,,
,,,
,,,
,,,
,,,
,,,
,,,
,,,
,,,
,,,
,,,
,,,
,,,
,,,
,,,
,,,
,,,
,,,
,,,
,,,
,,,
,,,
,,,
,,,
,,,
,,,
,,,
,,,
,,,
,,,
,,,
,,,
,,,
,,,
,,,
,,,
,,,
,,,
,,,
,,,
,,,
,,,
,,,
,,,
,,,
,,,
,,,
,,,
,,,
,,,
,,,
,,,
,,,
,,,
,,,
,,,
,,,
,,,
,,,
,,,
,,,
,,,
,,,
,,,
,,,
,,,
,,,
,,,
,,,
,,,
,,,
,,,
,,,
,,,
,,,
,,,
,,,
,,,
,,,
,,,
,,,
,,,
,,,
,,,
,,,
,,,
,,,
,,,
,,,
,,,
,,,
,,,
,,,
,,,
,,,
,,,
,,,
,,,
,,,
,,,
,,,
,,,
,,,
,,,
,,,
,,,
,,,
,,,
,,,
,,,
,,,
,,,
,,,
,,,
,,,
,,,
,,,
,,,
,,,
,,,
,,,
,,,
,,,
,,,
,,,
,,,
,,,
,,,
,,,
,,,
,,,
,,,
,,,
,,,
,,,
,,,
,,,
,,,
,,,
,,,
,,,
,,,
,,,
,,,
,,,
,,,
,,,
,,,
,,,
,,,
,,,
,,,
,,,
,,,
,,,
,,,
,,,
,,,
,,,
,,,
,,,
,,,
,,,
,,,
,,,
,,,
,,,
,,,
,,,
,,,
,,,
,,,
,,,
,,,
,,,
,,,
,,,
,,,
,,,
,,,
,,,
,,,
,,,
,,,
,,,
,,,
,,,
,,,
,,,
,,,
,,,
,,,
,,,
,,,
,,,
,,,
,,,
,,,
,,,
,,,
,,,
,,,
,,,
,,,
,,,
,,,
,,,
,,,
,,,
,,,
,,,
,,,
,,,
,,,
,,,
,,,
,,,
,,,
,,,
,,,
,,,
,,,
,,,
,,,
,,,
,,,
,,,
,,,
,,,
,,,
,,,
,,,
,,,
,,,
,,,
,,,
,,,
,,,
,,,
,,,
,,,
,,,
,,,
,,,
,,,
,,,
,,,
,,,
,,,
,,,
,,,
,,,
,,,
,,,
,,,
,,,
,,,
,,,
,,,
,,,
,,,
,,,
,,,
,,,
,,,
,,,
,,,
,,,
,,,
,,,
,,,
,,,
,,,
,,,
,,,
,,,
,,,
,,,
,,,
,,,
,,,
,,,
,,,
,,,
,,,
,,,
,,,
,,,
,,,
,,,
,,,
,,,
,,,
,,,
,,,
,,,
,,,
,,,
,,,
,,,
,,,
,,,
,,,
,,,
,,,
,,,
,,,
,,,
,,,
,,,
,,,
,,,
,,,
,,,
,,,
,,,
,,,
,,,
,,,
,,,
,,,
,,,
,,,
,,,
,,,
,,,
,,,
,,,
,,,
,,,
,,,
,,,
,,,
,,,
,,,
,,,
,,,
,,,
,,,
,,,
,,,
,,,
,,,
,,,
,,,
,,,
,,,
,,,
,,,
,,,
,,,
,,,
,,,
,,,
,,,
,,,
,,,
,,,
,,,
,,,
,,,
,,,
,,,
,,,
,,,
,,,
,,,
,,,
,,,
,,,
,,,
,,,
,,,
,,,
,,,
,,,
,,,
,,,
,,,
,,,
,,,
,,,
,,,
,,,
,,,
,,,
,,,
,,,
,,,
,,,
,,,
,,,
,,,
,,,
,,,
,,,
,,,
,,,
,,,
,,,
,,,
,,,
,,,
,,,
,,,
,,,
,,,
,,,
,,,
,,,
,,,
,,,
,,,
,,,
,,,
,,,
,,,
,,,
,,,
,,,
,,,
,,,
,,,
,,,
,,,
,,,
,,,
,,,
,,,
,,,
,,,
,,,
,,,
,,,
,,,
,,,
,,,
,,,
,,,
,,,
,,,
,,,
,,,
,,,
,,,
,,,
,,,
,,,
,,,
,,,
,,,
,,,
,,,
,,,
,,,
,,,
,,,
,,,
,,,
,,,
,,,
,,,
,,,
,,,
,,,
,,,
,,,
,,,
,,,
,,,
,,,
,,,
,,,
,,,
,,,
,,,
,,,
,,,
,,,
,,,
,,,
,,,
,,,
,,,
,,,
,,,
,,,
,,,
,,,
,,,
,,,
,,,
,,,
,,,
,,,
,,,
,,,
,,,
,,,
,,,
,,,
,,,
,,,
,,,
,,,
,,,
,,,
,,,
,,,
,,,
,,,
,,,
,,,
,,,
,,,
,,,
,,,
,,,
,,,
,,,
,,,
,,,
,,,
,,,
,,,
,,,
,,,
,,,
,,,
,,,
,,,
,,,
,,,
,,,
,,,
,,,
,,,
,,,
,,,
,,,
,,,
,,,
,,,
,,,
,,,
,,,
,,,
,,,
,,,
,,,
,,,
,,,
,,,
,,,
,,,
,,,
,,,
,,,
,,,
,,,
,,,
,,,
,,,
,,,
,,,
,,,
,,,
,,,
,,,
,,,
,,,
,,,
,,,
,,,
,,,
,,,
,,,
,,,
,,,
,,,
,,,
,,,
,,,
,,,
,,,
,,,
,,,
,,,
,,,
,,,
,,,
,,,
,,,
,,,
,,,
,,,
,,,
,,,
,,,
,,,
,,,
,,,
,,,
,,,
,,,
,,,
,,,
,,,
,,,
,,,
,,,
,,,
,,,
,,,
,,,
,,,
,,,
,,,
,,,
,,,
,,,
,,,
,,,
,,,
,,,
,,,
,,,
,,,
,,,
,,,
,,,
,,,
,,,
,,,
,,,
,,,
,,,
,,,
,,,
,,,
,,,
,,,
,,,
,,,
,,,
,,,
,,,
,,,
,,,
,,,
,,,
,,,
,,,
,,,
,,,
,,,
,,,
,,,
,,,
,,,
,,,
,,,
,,,
,,,
,,,
,,,
,,,
,,,
,,,
,,,
,,,
,,,
,,,
,,,
,,,
,,,
,,,
,,,
,,,
,,,
,,,
,,,
,,,
,,,
,,,
,,,
,,,
,,,
,,,
,,,
,,,
,,,
,,,
,,,
,,,
,,,
,,,
,,,
,,,
,,,
,,,
,,,
,,,
,,,
,,,
,,,
,,,
,,,
,,,
,,,
,,,
,,,
,,,
,,,
,,,
,,,
,,,
,,,
,,,
,,,
,,,
,,,
,,,
,,,
,,,
,,,
,,,
,,,
,,,
,,,
,,,
,,,
,,,
,,,
,,,
,,,
,,,
,,,
,,,
,,,
,,,
,,,
,,,
,,,
,,,
,,,
,,,
,,,
,,,
,,,
,,,
,,,
,,,
,,,
,,,
,,,
,,,
,,,
,,,
,,,
,,,
,,,
,,,
,,,
,,,
,,,
,,,
,,,
,,,
,,,
,,,
,,,
,,,
,,,
,,,
,,,
,,,
,,,
,,,
,,,
,,,
,,,
,,,
,,,
,,,
,,,
,,,
,,,
,,,
,,,
,,,
,,,
,,,
,,,
,,,
,,,
,,,
,,,
,,,
,,,
,,,
,,,
,,,
,,,
,,,
,,,
,,,
,,,
,,,
,,,
,,,
,,,
,,,
,,,
,,,
,,,
,,,
,,,
,,,
,,,
,,,
,,,
,,,
,,,
,,,
,,,
,,,
,,,
,,,
,,,
,,,
,,,
,,,
,,,
,,,
,,,
,,,
,,,
,,,
,,,
,,,
,,,
,,,
,,,
,,,
,,,
,,,
,,,
,,,
,,,
,,,
,,,
,,,
,,,
,,,
,,,
,,,
,,,
,,,
,,,
,,,
,,,
,,,
,,,
,,,
,,,
,,,
,,,
,,,
,,,
,,,
,,,
,,,
,,,
,,,
,,,
,,,
,,,
,,,
,,,
,,,
,,,
,,,
,,,
,,,
,,,
,,,
,,,
,,,
,,,
,,,
,,,
,,,
,,,
,,,
,,,
,,,
,,,
,,,
,,,
,,,
,,,
,,,
,,,
,,,
,,,
,,,
,,,
,,,
,,,
,,,
,,,
,,,
,,,
,,,
,,,
,,,
,,,
,,,
,,,
,,,
,,,
,,,
,,,
,,,
,,,
,,,
,,,
,,,
,,,
,,,
,,,
,,,
,,,
,,,
,,,
,,,
,,,
,,,
,,,
,,,
,,,
,,,
,,,
,,,
,,,
,,,
,,,
,,,
,,,
,,,
,,,
,,,
,,,
,,,
,,,
,,,
,,,
,,,
,,,
,,,
,,,
,,,
,,,
,,,
,,,
,,,
,,,
,,,
,,,
,,,
,,,
,,,
,,,
,,,
,,,
,,,
,,,
,,,
,,,
,,,
,,,
,,,
,,,
,,,
,,,
,,,
,,,
,,,
,,,
,,,
,,,
,,,
,,,
,,,
,,,
,,,
,,,
,,,
,,,
,,,
,,,
,,,
,,,
,,,
,,,
,,,
,,,
,,,
,,,
,,,
,,,
,,,
,,,
,,,
,,,
,,,
,,,
,,,
,,,
,,,
,,,
,,,
,,,
,,,
,,,
,,,
,,,
,,,
,,,
,,,
,,,
,,,
,,,
,,,
,,,
,,,
,,,
,,,
,,,
,,,
,,,
,,,
,,,
,,,
,,,
,,,
,,,
,,,
,,,
,,,
,,,
,,,
,,,
,,,
,,,
,,,
,,,
,,,
,,,
,,,
,,,
,,,
,,,
,,,
,,,
,,,
,,,
,,,
,,,
,,,
,,,
,,,
,,,
,,,
,,,
,,,
,,,
,,,
,,,
,,,
,,,
,,,
,,,
,,,
,,,
,,,
,,,
,,,
,,,
,,,
,,,
,,,
,,,
,,,
,,,
,,,
,,,
,,,
,,,
,,,
,,,
,,,
,,,
,,,
,,,
,,,
,,,
,,,
,,,
,,,
,,,
,,,
,,,
,,,
,,,
,,,
,,,
,,,
,,,
,,,
,,,
,,,
,,,
,,,
,,,
,,,
,,,
,,,
,,,
,,,
,,,
,,,
,,,
,,,
,,,
,,,
,,,
,,,
,,,
,,,
,,,
,,,
,,,
,,,
,,,
,,,
,,,
,,,
,,,
,,,
,,,
,,,
,,,
,,,
,,,
,,,
,,,
,,,
,,,
,,,
,,,
,,,
,,,
,,,
,,,
,,,
,,,
,,,
,,,
,,,
,,,
,,,
,,,
,,,
,,,
,,,
,,,
,,,
,,,
,,,
,,,
,,,
,,,
,,,
,,,
,,,
,,,
,,,
,,,
,,,
,,,
,,,
,,,
,,,
,,,
,,,
,,,
,,,
,,,
,,,
,,,
,,,
,,,
,,,
,,,
,,,
,,,
,,,
,,,
,,,
,,,
,,,
,,,
,,,
,,,
,,,
,,,
,,,
,,,
,,,
,,,
,,,
,,,
,,,
,,,
,,,
,,,
,,,
,,,
,,,
,,,
,,,
,,,
,,,
,,,
,,,
,,,
,,,
,,,
,,,
,,,
,,,
,,,
,,,
,,,
,,,
,,,
,,,
,,,
,,,
,,,
,,,
,,,
,,,
,,,
,,,
,,,
,,,
,,,
,,,
,,,
,,,
,,,
,,,
,,,
,,,
,,,
,,,
,,,
,,,
,,,
,,,
,,,
,,,
,,,
,,,
,,,
,,,
,,,
,,,
,,,
,,,
,,,
,,,
,,,
,,,
,,,
,,,
,,,
,,,
,,,
,,,
,,,
,,,
,,,
,,,
,,,
,,,
,,,
,,,
,,,
,,,
,,,
,,,
,,,
,,,
,,,
,,,
,,,
,,,
,,,
,,,
,,,
,,,
,,,
,,,
,,,
,,,
,,,
,,,
,,,
,,,
,,,
,,,
,,,
,,,
,,,
,,,
,,,
,,,
,,,
,,,
,,,
,,,
,,,
,,,
,,,
,,,
,,,
,,,
,,,
,,,
,,,
,,,
,,,
,,,
,,,
,,,
,,,
,,,
,,,
,,,
,,,
,,,
,,,
,,,
,,,
,,,
,,,
,,,
,,,
,,,
,,,
,,,
,,,
,,,
,,,
,,,
,,,
,,,
,,,
,,,
,,,
,,,
,,,
,,,
,,,
,,,
,,,
,,,
,,,
,,,
,,,
,,,
,,,
,,,
,,,
,,,
,,,
,,,
,,,
,,,
,,,
,,,
,,,
,,,
,,,
,,,
,,,
,,,
,,,
,,,
,,,
,,,
,,,
,,,
,,,
,,,
,,,
,,,
,,,
,,,
,,,
,,,
,,,
,,,
,,,
,,,
,,,
,,,
,,,
,,,
,,,
,,,
,,,
,,,
,,,
,,,
,,,
,,,
,,,
,,,
,,,
,,,
,,,
,,,
,,,
,,,
,,,
,,,
,,,
,,,
,,,
,,,
,,,
,,,
,,,
,,,
,,,
,,,
,,,
,,,
,,,
,,,
,,,
,,,
,,,
,,,
,,,
,,,
,,,
,,,
,,,
,,,
,,,
,,,
,,,
,,,
,,,
,,,
,,,
,,,
,,,
,,,
,,,
,,,
,,,
,,,
,,,
,,,
,,,
,,,
,,,
,,,
,,,
,,,
,,,
,,,
,,,
,,,
,,,
,,,
,,,
,,,
,,,
,,,
,,,
,,,
,,,
,,,
,,,
,,,
,,,
,,,
,,,
,,,
,,,
,,,
,,,
,,,
,,,
,,,
,,,
,,,
,,,
,,,
,,,
,,,
,,,
,,,
,,,
,,,
,,,
,,,
,,,
,,,
,,,
,,,
,,,
,,,
,,,
,,,
,,,
,,,
,,,
,,,
,,,
,,,
,,,
,,,
,,,
,,,
,,,
,,,
,,,
,,,
,,,
,,,
,,,
,,,
,,,
,,,
,,,
,,,
,,,
,,,
,,,
,,,
,,,
,,,
,,,
,,,
,,,
,,,
,,,
,,,
,,,
,,,
,,,
,,,
,,,
,,,
,,,
,,,
,,,
,,,
,,,
,,,
,,,
,,,
,,,
,,,
,,,
,,,
,,,
,,,
,,,
,,,
,,,
,,,
,,,
,,,
,,,
,,,
,,,
,,,
,,,
,,,
,,,
,,,
,,,
,,,
,,,
,,,
,,,
,,,
,,,
,,,
,,,
,,,
,,,
,,,
,,,
,,,
,,,
,,,
,,,
,,,
,,,
,,,
,,,
,,,
,,,
,,,
,,,
,,,
,,,
,,,
,,,
,,,
,,,
,,,
,,,
,,,
,,,
,,,
,,,
,,,
,,,
,,,
,,,
,,,
,,,
,,,
,,,
,,,
,,,
,,,
,,,
,,,
,,,
,,,
,,,
,,,
,,,
,,,
,,,
,,,
,,,
,,,
,,,
,,,
,,,
,,,
,,,
,,,
,,,
,,,
,,,
,,,
,,,
,,,
,,,
,,,
,,,
,,,
,,,
,,,
,,,
,,,
,,,
,,,
,,,
,,,
,,,
,,,
,,,
,,,
,,,
,,,
,,,
,,,
,,,
,,,
,,,
,,,
,,,
,,,
,,,
,,,
,,,
,,,
,,,
,,,
,,,
,,,
,,,
,,,
,,,
,,,
,,,
,,,
,,,
,,,
,,,
,,,
,,,
,,,
,,,
,,,
,,,
,,,
,,,
,,,
,,,
,,,
,,,
,,,
,,,
,,,
,,,
,,,
,,,
,,,
,,,
,,,
,,,
,,,
,,,
,,,
,,,
,,,
,,,
,,,
,,,
,,,
,,,
,,,
,,,
,,,
,,,
,,,
,,,
,,,
,,,
,,,
,,,
,,,
,,,
,,,
,,,
,,,
,,,
,,,
,,,
,,,
,,,
,,,
,,,
,,,
,,,
,,,
,,,
,,,
,,,
,,,
,,,
,,,
,,,
,,,
,,,
,,,
,,,
,,,
,,,
,,,
,,,
,,,
,,,
,,,
,,,
,,,
,,,
,,,
,,,
,,,
,,,
,,,
,,,
,,,
,,,
,,,
,,,
,,,
,,,
,,,
,,,
,,,
,,,
,,,
,,,
,,,
,,,
,,,
,,,
,,,
,,,
,,,
,,,
,,,
,,,
,,,
,,,
,,,
,,,
,,,
,,,
,,,
,,,
,,,
,,,
,,,
,,,
,,,
,,,
,,,
,,,
,,,
,,,
,,,
,,,
,,,
,,,
,,,
,,,
,,,
,,,
,,,
,,,
,,,
,,,
,,,
,,,
,,,
,,,
,,,
,,,
,,,
,,,
,,,
,,,
,,,
,,,
,,,
,,,
,,,
,,,
,,,
,,,
,,,
,,,
,,,
,,,
,,,
,,,
,,,
,,,
,,,
,,,
,,,
,,,
,,,
,,,
,,,
,,,
,,,
,,,
,,,
,,,
,,,
,,,
,,,
,,,
,,,
,,,
,,,
,,,
,,,
,,,
,,,
,,,
,,,
,,,
,,,
,,,
,,,
,,,
,,,
,,,
,,,
,,,
,,,
,,,
,,,
,,,
,,,
,,,
,,,
,,,
,,,
,,,
,,,
,,,
,,,
,,,
,,,
,,,
,,,
,,,
,,,
,,,
,,,
,,,
,,,
,,,
,,,
,,,
,,,
,,,
,,,
,,,
,,,
,,,
,,,
,,,
,,,
,,,
,,,
,,,
,,,
,,,
,,,
,,,
,,,
,,,
,,,
,,,
,,,
,,,
,,,
,,,
,,,
,,,
,,,
,,,
,,,
,,,
,,,
,,,
,,,
,,,
,,,
,,,
,,,
,,,
,,,
,,,
,,,
,,,
,,,
,,,
,,,
,,,
,,,
,,,
,,,
,,,
,,,
,,,
,,,
,,,
,,,
,,,
,,,
,,,
,,,
,,,
,,,
,,,
,,,
,,,
,,,
,,,
,,,
,,,
,,,
,,,
,,,
,,,
,,,
,,,
,,,
,,,
,,,
,,,
,,,
,,,
,,,
,,,
,,,
,,,
,,,
,,,
,,,
,,,
,,,
,,,
,,,
,,,
,,,
,,,
,,,
,,,
,,,
,,,
,,,
,,,
,,,
,,,
,,,
,,,
,,,
,,,
,,,
,,,
,,,
,,,
,,,
,,,
,,,
,,,
,,,
,,,
,,,
,,,
,,,
,,,
,,,
,,,
,,,
,,,
,,,
,,,
,,,
,,,
,,,
,,,
,,,
,,,
,,,
,,,
,,,
,,,
,,,
,,,
,,,
,,,
,,,
,,,
,,,
,,,
,,,
,,,
,,,
,,,
,,,
,,,
,,,
,,,
,,,
,,,
,,,
,,,
,,,
,,,
,,,
,,,
,,,
,,,
,,,
,,,
,,,
,,,
,,,
,,,
,,,
,,,
,,,
,,,
,,,
,,,
,,,
,,,
,,,
,,,
,,,
,,,
,,,
,,,
,,,
,,,
,,,
,,,
,,,
,,,
,,,
,,,
,,,
,,,
,,,
,,,
,,,
,,,
,,,
,,,
,,,
,,,
,,,
,,,
,,,
,,,
,,,
,,,
,,,
,,,
,,,
,,,
,,,
,,,
,,,
,,,
,,,
,,,
,,,
,,,
,,,
,,,
,,,
,,,
,,,
,,,
,,,
,,,
,,,
,,,
,,,
,,,
,,,
,,,
,,,
,,,
,,,
,,,
,,,
,,,
,,,
,,,
,,,
,,,
,,,
,,,
,,,
,,,
,,,
,,,
,,,
,,,
,,,
,,,
,,,
,,,
,,,
,,,
,,,
,,,
,,,
,,,
,,,
,,,
,,,
,,,
,,,
,,,
,,,
,,,
,,,
,,,
,,,
,,,
,,,
,,,
,,,
,,,
,,,
,,,
,,,
,,,
,,,
,,,
,,,
,,,
,,,
,,,
,,,
,,,
,,,
,,,
,,,
,,,
,,,
,,,
,,,
,,,
,,,
,,,
,,,
,,,
,,,
,,,
,,,
,,,
,,,
,,,
,,,
,,,
,,,
,,,
,,,
,,,
,,,
,,,
,,,
,,,
,,,
,,,
,,,
,,,
,,,
,,,
,,,
,,,
,,,
,,,
,,,
,,,
,,,
,,,
,,,
,,,
,,,
,,,
,,,
,,,
,,,
,,,
,,,
,,,
,,,
,,,
,,,
,,,
,,,
,,,
,,,
,,,
,,,
,,,
,,,
,,,
,,,
,,,
,,,
,,,
,,,
,,,
,,,
,,,
,,,
,,,
,,,
,,,
,,,
,,,
,,,
,,,
,,,
,,,
,,,
,,,
,,,
,,,
,,,
,,,
,,,
,,,
,,,
,,,
,,,
,,,
,,,
,,,
,,,
,,,
,,,
,,,
,,,
,,,
,,,
,,,
,,,
,,,
,,,
,,,
,,,
,,,
,,,
,,,
,,,
,,,
,,,
,,,
,,,
,,,
,,,
,,,
,,,
,,,
,,,
,,,
,,,
,,,
,,,
,,,
,,,
,,,
,,,
,,,
,,,
,,,
,,,
,,,
,,,
,,,
,,,
,,,
,,,
,,,
,,,
,,,
,,,
,,,
,,,
,,,
,,,
,,,
,,,
,,,
,,,
,,,
,,,
,,,
,,,
,,,
,,,
,,,
,,,
,,,
,,,
,,,
,,,
,,,
,,,
,,,
,,,
,,,
,,,
,,,
,,,
,,,
,,,
,,,
,,,
,,,
,,,
,,,
,,,
,,,
,,,
,,,
,,,
,,,
,,,
,,,
,,,
,,,
,,,
,,,
,,,
,,,
,,,
,,,
,,,
,,,
,,,
,,,
,,,
,,,
,,,
,,,
,,,
,,,
,,,
,,,
,,,
,,,
,,,
,,,
,,,
,,,
,,,
,,,
,,,
,,,
,,,
,,,
,,,
,,,
,,,
,,,
,,,
,,,
,,,
,,,
,,,
,,,
,,,
,,,
,,,
,,,
,,,
,,,
,,,
,,,
,,,
,,,
,,,
,,,
,,,
,,,
,,,
,,,
,,,
,,,
,,,
,,,
,,,
,,,
,,,
,,,
,,,
,,,
,,,
,,,
,,,
,,,
,,,
,,,
,,,
,,,
,,,
,,,
,,,
,,,
,,,
,,,
,,,
,,,
,,,
,,,
,,,
,,,
,,,
,,,
,,,
,,,
,,,
,,,
,,,
,,,
,,,
,,,
,,,
,,,
,,,
,,,
,,,
,,,
,,,
,,,
,,,
,,,
,,,
,,,
,,,
,,,
,,,
,,,
,,,
,,,
,,,
,,,
,,,
,,,
,,,
,,,
,,,
,,,
,,,
,,,
,,,
,,,
,,,
,,,
,,,
,,,
,,,
,,,
,,,
,,,
,,,
,,,
,,,
,,,
,,,
,,,
,,,
,,,
,,,
,,,
,,,
,,,
,,,
,,,
,,,
,,,
,,,
,,,
,,,
,,,
,,,
,,,
,,,
,,,
,,,
,,,
,,,
,,,
,,,
,,,
,,,
,,,
,,,
,,,
,,,
,,,
,,,
,,,
,,,
,,,
,,,
,,,
,,,
,,,
,,,
,,,
,,,
,,,
,,,
,,,
,,,
,,,
,,,
,,,
,,,
,,,
,,,
,,,
,,,
,,,
,,,
,,,
,,,
,,,
,,,
,,,
,,,
,,,
,,,
,,,
,,,
,,,
,,,
,,,
,,,
,,,
,,,
,,,
,,,
,,,
,,,
,,,
,,,
,,,
,,,
,,,
,,,
,,,
,,,
,,,
,,,
,,,
,,,
,,,
,,,
,,,
,,,
,,,
,,,
,,,
,,,
,,,
,,,
,,,
,,,
,,,
,,,
,,,
,,,
,,,
,,,
,,,
,,,
,,,
,,,
,,,
,,,
,,,
,,,
,,,
,,,
,,,
,,,
,,,
,,,
,,,
,,,
,,,
,,,
,,,
,,,
,,,
,,,
,,,
,,,
,,,
,,,
,,,
,,,
,,,
,,,
,,,
,,,
,,,
,,,
,,,
,,,
,,,
,,,
,,,
,,,
,,,
,,,
,,,
,,,
,,,
,,,
,,,
,,,
,,,
,,,
,,,
,,,
,,,
,,,
,,,
,,,
,,,
,,,
,,,
,,,
,,,
,,,
,,,
,,,
,,,
,,,
,,,
,,,
,,,
,,,
,,,
,,,
,,,
,,,
,,,
,,,
,,,
,,,
,,,
,,,
,,,
,,,
,,,
,,,
,,,
,,,
,,,
,,,
,,,
,,,
,,,
,,,
,,,
,,,
,,,
,,,
,,,
,,,
,,,
,,,
,,,
,,,
,,,
,,,
,,,
,,,
,,,
,,,
,,,
,,,
,,,
,,,
,,,
,,,
,,,
,,,
,,,
,,,
,,,
,,,
,,,
,,,
,,,
,,,
,,,
,,,
,,,
,,,
,,,
,,,
,,,
,,,
,,,
,,,
,,,
,,,
,,,
,,,
,,,
,,,
,,,
,,,
,,,
,,,
,,,
,,,
,,,
,,,
,,,
,,,
,,,
,,,
,,,
,,,
,,,
,,,
,,,
,,,
,,,
,,,
,,,
,,,
,,,
,,,
,,,
,,,
,,,
,,,
,,,
,,,
,,,
,,,
,,,
,,,
,,,
,,,
,,,
,,,
,,,
,,,
,,,
,,,
,,,
,,,
,,,
,,,
,,,
,,,
,,,
,,,
,,,
,,,
,,,
,,,
,,,
,,,
,,,
,,,
,,,
,,,
,,,
,,,
,,,
,,,
,,,
,,,
,,,
,,,
,,,
,,,
,,,
,,,
,,,
,,,
,,,
,,,
,,,
,,,
,,,
,,,
,,,
,,,
,,,
,,,
,,,
,,,
,,,
,,,
,,,
,,,
,,,
,,,
,,,
,,,
,,,
,,,
,,,
,,,
,,,
,,,
,,,
,,,
,,,
,,,
,,,
,,,
,,,
,,,
,,,
,,,
,,,
,,,
,,,
,,,
,,,
,,,
,,,
,,,
,,,
,,,
,,,
,,,
,,,
,,,
,,,
,,,
,,,
,,,
,,,
,,,
,,,
,,,
,,,
,,,
,,,
,,,
,,,
,,,
,,,
,,,
,,,
,,,
,,,
,,,
,,,
,,,
,,,
,,,
,,,
,,,
,,,
,,,
,,,
,,,
,,,
,,,
,,,
,,,
,,,
,,,
,,,
,,,
,,,
,,,
,,,
,,,
,,,
,,,
,,,
,,,
,,,
,,,
,,,
,,,
,,,
,,,
,,,
,,,
,,,
,,,
,,,
,,,
,,,
,,,
,,,
,,,
,,,
,,,
,,,
,,,
,,,
,,,
,,,
,,,
,,,
,,,
,,,
,,,
,,,
,,,
,,,
,,,
,,,
,,,
,,,
,,,
,,,
,,,
,,,
,,,
,,,
,,,
,,,
,,,
,,,
,,,
,,,
,,,
,,,
,,,
,,,
,,,
,,,
,,,
,,,
,,,
,,,
,,,
,,,
,,,
,,,
,,,
,,,
,,,
,,,
,,,
,,,
,,,
,,,
,,,
,,,
,,,
,,,
,,,
,,,
,,,
,,,
,,,
,,,
,,,
,,,
,,,
,,,
,,,
,,,
,,,
,,,
,,,
,,,
,,,
,,,
,,,
,,,
,,,
,,,
,,,
,,,
,,,
,,,
,,,
,,,
,,,
,,,
,,,
,,,
,,,
,,,
,,,
,,,
,,,
,,,
,,,
,,,
,,,
,,,
,,,
,,,
,,,
,,,
,,,
,,,
,,,
,,,
,,,
,,,
,,,
,,,
,,,
,,,
,,,
,,,
,,,
,,,
,,,
,,,
,,,
,,,
,,,
,,,
,,,
,,,
,,,
,,,
,,,
,,,
,,,
,,,
,,,
,,,
,,,
,,,
,,,
,,,
,,,
,,,
,,,
,,,
,,,
,,,
,,,
,,,
,,,
,,,
,,,
,,,
,,,
,,,
,,,
,,,
,,,
,,,
,,,
,,,
,,,
,,,
,,,
,,,
,,,
,,,
,,,
,,,
,,,
,,,
,,,
,,,
,,,
,,,
,,,
,,,
,,,
,,,
,,,
,,,
,,,
,,,
,,,
,,,
,,,
,,,
,,,
,,,
,,,
,,,
,,,
,,,
,,,
,,,
,,,
,,,
,,,
,,,
,,,
,,,
,,,
,,,
,,,
,,,
,,,
,,,
,,,
,,,
,,,
,,,
,,,
,,,
,,,
,,,
,,,
,,,
,,,
,,,
,,,
,,,
,,,
,,,
,,,
,,,
,,,
,,,
,,,
,,,
,,,
,,,
,,,
,,,
,,,
,,,
,,,
,,,
,,,
,,,
,,,
,,,
,,,
,,,
,,,
,,,
,,,
,,,
,,,
,,,
,,,
,,,
,,,
,,,
,,,
,,,
,,,
,,,
,,,
,,,
,,,
,,,
,,,
,,,
,,,
,,,
,,,
,,,
,,,
,,,
,,,
,,,
,,,
,,,
,,,
,,,
,,,
,,,
,,,
,,,
,,,
,,,
,,,
,,,
,,,
,,,
,,,
,,,
,,,
,,,
,,,
,,,
,,,
,,,
,,,
,,,
,,,
,,,
,,,
,,,
,,,
,,,
,,,
,,,
,,,
,,,
,,,
,,,
,,,
,,,
,,,
,,,
,,,
,,,
,,,
,,,
,,,
,,,
,,,
,,,
,,,
,,,
,,,
,,,
,,,
,,,
,,,
,,,
,,,
,,,
,,,
,,,
,,,
,,,
,,,
,,,
,,,
,,,
,,,
,,,
,,,
,,,
,,,
,,,
,,,
,,,
,,,
,,,
,,,
,,,
,,,
,,,
,,,
,,,
,,,
,,,
,,,
,,,
,,,
,,,
,,,
,,,
,,,
,,,
,,,
,,,
,,,
,,,
,,,
,,,
,,,
,,,
,,,
,,,
,,,
,,,
,,,
,,,
,,,
,,,
,,,
,,,
,,,
,,,
,,,
,,,
,,,
,,,
,,,
,,,
,,,
,,,
,,,
,,,
,,,
,,,
,,,
,,,
,,,
,,,
,,,
,,,
,,,
,,,
,,,
,,,
,,,
,,,
,,,
,,,
,,,
,,,
,,,
,,,
,,,
,,,
,,,
,,,
,,,
,,,
,,,
,,,
,,,
,,,
,,,
,,,
,,,
,,,
,,,
,,,
,,,
,,,
,,,
,,,
,,,
,,,
,,,
,,,
,,,
,,,
,,,
,,,
,,,
,,,
,,,
,,,
,,,
,,,
,,,
,,,
,,,
,,,
,,,
,,,
,,,
,,,
,,,
,,,
,,,
,,,
,,,
,,,
,,,
,,,
,,,
,,,
,,,
,,,
,,,
,,,
,,,
,,,
,,,
,,,
,,,
,,,
,,,
,,,
,,,
,,,
,,,
,,,
,,,
,,,
,,,
,,,
,,,
,,,
,,,
,,,
,,,
,,,
,,,
,,,
,,,
,,,
,,,
,,,
,,,
,,,
,,,
,,,
,,,
,,,
,,,
,,,
,,,
,,,
,,,
,,,
,,,
,,,
,,,
,,,
,,,
,,,
,,,
,,,
,,,
,,,
,,,
,,,
,,,
,,,
,,,
,,,
,,,
,,,
,,,
,,,
,,,
,,,
,,,
,,,
,,,
,,,
,,,
,,,
,,,
,,,
,,,
,,,
,,,
,,,
,,,
,,,
,,,
,,,
,,,
,,,
,,,
,,,
,,,
,,,
,,,
,,,
,,,
,,,
,,,
,,,
,,,
,,,
,,,
,,,
,,,
,,,
,,,
,,,
,,,
,,,
,,,
,,,
,,,
,,,
,,,
,,,
,,,
,,,
,,,
,,,
,,,
,,,
,,,
,,,
,,,
,,,
,,,
,,,
,,,
,,,
,,,
,,,
,,,
,,,
,,,
,,,
,,,
,,,
,,,
,,,
,,,
,,,
,,,
,,,
,,,
,,,
,,,
,,,
,,,
,,,
,,,
,,,
,,,
,,,
,,,
,,,
,,,
,,,
,,,
,,,
,,,
,,,
,,,
,,,
,,,
,,,
,,,
,,,
,,,
,,,
,,,
,,,
,,,
,,,
,,,
,,,
,,,
,,,
,,,
,,,
,,,
,,,
,,,
,,,
,,,
,,,
,,,
,,,
,,,
,,,
,,,
,,,
,,,
,,,
,,,
,,,
,,,
,,,
,,,
,,,
,,,
,,,
,,,
,,,
,,,
,,,
,,,
,,,
,,,
,,,
,,,
,,,
,,,
,,,
,,,
,,,
,,,
,,,
,,,
,,,
,,,
,,,
,,,
,,,
,,,
,,,
,,,
,,,
,,,
,,,
,,,
,,,
,,,
,,,
,,,
,,,
,,,
,,,
,,,
,,,
,,,
,,,
,,,
,,,
,,,
,,,
,,,
,,,
,,,
,,,
,,,
,,,
,,,
,,,
,,,
,,,
,,,
,,,
,,,
,,,
,,,
,,,
,,,
,,,
,,,
,,,
,,,
,,,
,,,
,,,
,,,
,,,
,,,
,,,
,,,
,,,
,,,
,,,
,,,
,,,
,,,
,,,
,,,
,,,
,,,
,,,
,,,
,,,
,,,
,,,
,,,
,,,
,,,
,,,
,,,
,,,
,,,
,,,
,,,
,,,
,,,
,,,
,,,
,,,
,,,
,,,
,,,
,,,
,,,
,,,
,,,
,,,
,,,
,,,
,,,
,,,
,,,
,,,
,,,
,,,
,,,
,,,
,,,
,,,
,,,
,,,
,,,
,,,
,,,
,,,
,,,
,,,
,,,
,,,
,,,
,,,
,,,
,,,
,,,
,,,
,,,
,,,
,,,
,,,
,,,
,,,
,,,
,,,
,,,
,,,
,,,
,,,
,,,
,,,
,,,
,,,
,,,
,,,
,,,
,,,
,,,
,,,
,,,
,,,
,,,
,,,
,,,
,,,
,,,
,,,
,,,
,,,
,,,
,,,
,,,
,,,
,,,
,,,
,,,
,,,
,,,
,,,
,,,
,,,
,,,
,,,
,,,
,,,
,,,
,,,
,,,
,,,
,,,
,,,
,,,
,,,
,,,
,,,
,,,
,,,
,,,
,,,
,,,
,,,
,,,
,,,
,,,
,,,
,,,
,,,
,,,
,,,
,,,
,,,
,,,
,,,
,,,
,,,
,,,
,,,
,,,
,,,
,,,
,,,
,,,
,,,
,,,
,,,
,,,
,,,
,,,
,,,
,,,
,,,
,,,
,,,
,,,
,,,
,,,
,,,
,,,
,,,
,,,
,,,
,,,
,,,
,,,
,,,
,,,
,,,
,,,
,,,
,,,
,,,
,,,
,,,
,,,
,,,
,,,
,,,
,,,
,,,
,,,
,,,
,,,
,,,
,,,
,,,
,,,
,,,
,,,
,,,
,,,
,,,
,,,
,,,
,,,
,,,
,,,
,,,
,,,
,,,
,,,
,,,
,,,
,,,
,,,
,,,
,,,
,,,
,,,
,,,
,,,
,,,
,,,
,,,
,,,
,,,
,,,
,,,
,,,
,,,
,,,
,,,
,,,
,,,
,,,
,,,
,,,
,,,
,,,
,,,
,,,
,,,
,,,
,,,
,,,
,,,
,,,
,,,
,,,
,,,
,,,
,,,
,,,
,,,
,,,
,,,
,,,
,,,
,,,
,,,
,,,
,,,
,,,
,,,
,,,
,,,
,,,
,,,
,,,
,,,
,,,
,,,
,,,
,,,
,,,
,,,
,,,
,,,
,,,
,,,
,,,
,,,
,,,
,,,
,,,
,,,
,,,
,,,
,,,
,,,
,,,
,,,
,,,
,,,
,,,
,,,
,,,
,,,
,,,
,,,
,,,
,,,
,,,
,,,
,,,
,,,
,,,
,,,
,,,
,,,
,,,
,,,
,,,
,,,
,,,
,,,
,,,
,,,
,,,
,,,
,,,
,,,
,,,
,,,
,,,
,,,
,,,
,,,
,,,
,,,
,,,
,,,
,,,
,,,
,,,
,,,
,,,
,,,
,,,
,,,
,,,
,,,
,,,
,,,
,,,
,,,
,,,
,,,
,,,
,,,
,,,
,,,
,,,
,,,
,,,
,,,
,,,
,,,
,,,
,,,
,,,
,,,
,,,
,,,
,,,
,,,
,,,
,,,
,,,
,,,
,,,
,,,
,,,
,,,
,,,
,,,
,,,
,,,
,,,
,,,
,,,
,,,
,,,
,,,
,,,
,,,
,,,
,,,
,,,
,,,
,,,
,,,
,,,
,,,
,,,
,,,
,,,
,,,
,,,
,,,
,,,
,,,
,,,
,,,
,,,
,,,
,,,
,,,
,,,
,,,
,,,
,,,
,,,
,,,
,,,
,,,
,,,
,,,
,,,
,,,
,,,
,,,
,,,
,,,
,,,
,,,
,,,
,,,
,,,
,,,
,,,
,,,
,,,
,,,
,,,
,,,
,,,
,,,
,,,
,,,
,,,
,,,
,,,
,,,
,,,
,,,
,,,
,,,
,,,
,,,
,,,
,,,
,,,
,,,
,,,
,,,
,,,
,,,
,,,
,,,
,,,
,,,
,,,
,,,
,,,
,,,
,,,
,,,
,,,
,,,
,,,
,,,
,,,
,,,
,,,
,,,
,,,
,,,
,,,
,,,
,,,
,,,
,,,
,,,
,,,
,,,
,,,
,,,
,,,
,,,
,,,
,,,
,,,
,,,
,,,
,,,
,,,
,,,
,,,
,,,
,,,
,,,
,,,
,,,
,,,
,,,
,,,
,,,
,,,
,,,
,,,
,,,
,,,
,,,
,,,
,,,
,,,
,,,
,,,
,,,
,,,
,,,
,,,
,,,
,,,
,,,
,,,
,,,
,,,
,,,
,,,
,,,
,,,
,,,
,,,
,,,
,,,
,,,
,,,
,,,
,,,
,,,
,,,
,,,
,,,
,,,
,,,
,,,
,,,
,,,
,,,
,,,
,,,
,,,
,,,
,,,
,,,
,,,
,,,
,,,
,,,
,,,
,,,
,,,
,,,
,,,
,,,
,,,
,,,
,,,
,,,
,,,
,,,
,,,
,,,
,,,
,,,
,,,
,,,
,,,
,,,
,,,
,,,
,,,
,,,
,,,
,,,
,,,
,,,
,,,
,,,
,,,
,,,
,,,
,,,
,,,
,,,
,,,
,,,
,,,
,,,
,,,
,,,
,,,
,,,
,,,
,,,
,,,
,,,
,,,
,,,
,,,
,,,
,,,
,,,
,,,
,,,
,,,
,,,
,,,
,,,
,,,
,,,
,,,
,,,
,,,
,,,
,,,
,,,
,,,
,,,
,,,
,,,
,,,
,,,
,,,
,,,
,,,
,,,
,,,
,,,
,,,
,,,
,,,
,,,
,,,
,,,
,,,
,,,
,,,
,,,
,,,
,,,
,,,
,,,
,,,
,,,
,,,
,,,
,,,
,,,
,,,
,,,
,,,
,,,
,,,
,,,
,,,
,,,
,,,
,,,
,,,
,,,
,,,
,,,
,,,
,,,
,,,
,,,
,,,
,,,
,,,
,,,
,,,
,,,
,,,
,,,
,,,
,,,
,,,
,,,
,,,
,,,
,,,
,,,
,,,
,,,
,,,
,,,
,,,
,,,
,,,
,,,
,,,
,,,
,,,
,,,
,,,
,,,
,,,
,,,
,,,
,,,
,,,
,,,
,,,
,,,
,,,
,,,
,,,
,,,
,,,
,,,
,,,
,,,
,,,
,,,
,,,
,,,
,,,
,,,
,,,
,,,
,,,
,,,
,,,
,,,
,,,
,,,
,,,
,,,
,,,
,,,
,,,
,,,
,,,
,,,
,,,
,,,
,,,
,,,
,,,
,,,
,,,
,,,
,,,
,,,
,,,
,,,
,,,
,,,
,,,
,,,
,,,
,,,
,,,
,,,
,,,
,,,
,,,
,,,
,,,
,,,
,,,
,,,
,,,
,,,
,,,
,,,
,,,
,,,
,,,
,,,
,,,
,,,
,,,
,,,
,,,
,,,
,,,
,,,
,,,
,,,
,,,
,,,
,,,
,,,
,,,
,,,
,,,
,,,
,,,
,,,
,,,
,,,
,,,
,,,
,,,
,,,
,,,
,,,
,,,
,,,
,,,
,,,
,,,
,,,
,,,
,,,
,,,
,,,
,,,
,,,
,,,
,,,
,,,
,,,
,,,
,,,
,,,
,,,
,,,
,,,
,,,
,,,
,,,
,,,
,,,
,,,
,,,
,,,
,,,
,,,
,,,
,,,
,,,
,,,
,,,
,,,
,,,
,,,
,,,
,,,
,,,
,,,
,,,
,,,
,,,
,,,
,,,
,,,
,,,
,,,
,,,
,,,
,,,
,,,
,,,
,,,
,,,
,,,
,,,
,,,
,,,
,,,
,,,
,,,
,,,
,,,
,,,
,,,
,,,
,,,
,,,
,,,
,,,
,,,
,,,
,,,
,,,
,,,
,,,
,,,
,,,
,,,
,,,
,,,
,,,
,,,
,,,
,,,
,,,
,,,
,,,
,,,
,,,
,,,
,,,
,,,
,,,
,,,
,,,
,,,
,,,
,,,
,,,
,,,
,,,
,,,
,,,
,,,
,,,
,,,
,,,
,,,
,,,
,,,
,,,
,,,
,,,
,,,
,,,
,,,
,,,
,,,
,,,
,,,
,,,
,,,
,,,
,,,
,,,
,,,
,,,
,,,
,,,
,,,
,,,
,,,
,,,
,,,
,,,
,,,
,,,
,,,
,,,
,,,
,,,
,,,
,,,
,,,
,,,
,,,
,,,
,,,
,,,
,,,
,,,
,,,
,,,
,,,
,,,
,,,
,,,
,,,
,,,
,,,
,,,
,,,
,,,
,,,
,,,
,,,
,,,
,,,
,,,
,,,
,,,
,,,
,,,
,,,
,,,
,,,
,,,
,,,
,,,
,,,
,,,
,,,
,,,
,,,
,,,
,,,
,,,
,,,
,,,
,,,
,,,
,,,
,,,
,,,
,,,
,,,
,,,
,,,
,,,
,,,
,,,
,,,
,,,
,,,
,,,
,,,
,,,
,,,
,,,
,,,
,,,
,,,
,,,
,,,
,,,
,,,
,,,
,,,
,,,
,,,
,,,
,,,
,,,
,,,
,,,
,,,
,,,
,,,
,,,
,,,
,,,
,,,
,,,
,,,
,,,
,,,
,,,
,,,
,,,
,,,
,,,
,,,
,,,
,,,
,,,
,,,
,,,
,,,
,,,
,,,
,,,
,,,
,,,
,,,
,,,
,,,
,,,
,,,
,,,
,,,
,,,
,,,
,,,
,,,
,,,
,,,
,,,
,,,
,,,
,,,
,,,
,,,
,,,
,,,
,,,
,,,
,,,
,,,
,,,
,,,
,,,
,,,
,,,
,,,
,,,
,,,
,,,
,,,
,,,
,,,
,,,
,,,
,,,
,,,
,,,
,,,
,,,
,,,
,,,
,,,
,,,
,,,
,,,
,,,
,,,
,,,
,,,
,,,
,,,
,,,
,,,
,,,
,,,
,,,
,,,
,,,
,,,
,,,
,,,
,,,
,,,
,,,
,,,
,,,
,,,
,,,
,,,
,,,
,,,
,,,
,,,
,,,
,,,
,,,
,,,
,,,
,,,
,,,
,,,
,,,
,,,
,,,
,,,
,,,
,,,
,,,
,,,
,,,
,,,
,,,
,,,
,,,
,,,
,,,
,,,
,,,
,,,
,,,
,,,
,,,
,,,
,,,
,,,
,,,
,,,
,,,
,,,
,,,
,,,
,,,
,,,
,,,
,,,
,,,
,,,
,,,
,,,
,,,
,,,
,,,
,,,
,,,
,,,
,,,
,,,
,,,
,,,
,,,
,,,
,,,
,,,
,,,
,,,
,,,
,,,
,,,
,,,
,,,
,,,
,,,
,,,
,,,
,,,
,,,
,,,
,,,
,,,
,,,
,,,
,,,
,,,
,,,
,,,
,,,
,,,
,,,
,,,
,,,
,,,
,,,
,,,
,,,
,,,
,,,
,,,
,,,
,,,
,,,
,,,
,,,
,,,
,,,
,,,
,,,
,,,
,,,
,,,
,,,
,,,
,,,
,,,
,,,
,,,
,,,
,,,
,,,
,,,
,,,
,,,
,,,
,,,
,,,
,,,
,,,
,,,
,,,
,,,
,,,
,,,
,,,
,,,
,,,
,,,
,,,
,,,
,,,
,,,
,,,
,,,
,,,
,,,
,,,
,,,
,,,
,,,
,,,
,,,
,,,
,,,
,,,
,,,
,,,
,,,
,,,
,,,
,,,
,,,
,,,
,,,
,,,
,,,
,,,
,,,
,,,
,,,
,,,
,,,
,,,
,,,
,,,
,,,
,,,
,,,
,,,
,,,
,,,
,,,
,,,
,,,
,,,
,,,
,,,
,,,
,,,
,,,
,,,
,,,
,,,
,,,
,,,
,,,
,,,
,,,
,,,
,,,
,,,
,,,
,,,
,,,
,,,
,,,
,,,
,,,
,,,
,,,
,,,
,,,
,,,
,,,
,,,
,,,
,,,
,,,
,,,
,,,
,,,
,,,
,,,
,,,
,,,
,,,
,,,
,,,
,,,
,,,
,,,
,,,
,,,
,,,
,,,
,,,
,,,
,,,
,,,
,,,
,,,
,,,
,,,
,,,
,,,
,,,
,,,
,,,
,,,
,,,
,,,
,,,
,,,
,,,
,,,
,,,
,,,
,,,
,,,
,,,
,,,
,,,
,,,
,,,
,,,
,,,
,,,
,,,
,,,
,,,
,,,
,,,
,,,
,,,
,,,
,,,
,,,
,,,
,,,
,,,
,,,
,,,
,,,
,,,
,,,
,,,
,,,
,,,
,,,
,,,
,,,
,,,
,,,
,,,
,,,
,,,
,,,
,,,
,,,
,,,
,,,
,,,
,,,
,,,
,,,
,,,
,,,
,,,
,,,
,,,
,,,
,,,
,,,
,,,
,,,
,,,
,,,
,,,
,,,
,,,
,,,
,,,
,,,
,,,
,,,
,,,
,,,
,,,
,,,
,,,
,,,
,,,
,,,
,,,
,,,
,,,
,,,
,,,
,,,
,,,
,,,
,,,
,,,
,,,
,,,
,,,
,,,
,,,
,,,
,,,
,,,
,,,
,,,
,,,
,,,
,,,
,,,
,,,
,,,
,,,
,,,
,,,
,,,
,,,
,,,
,,,
,,,
,,,
,,,
,,,
,,,
,,,
,,,
,,,
,,,
,,,
,,,
,,,
,,,
,,,
,,,
,,,
,,,
,,,
,,,
,,,
,,,
,,,
,,,
,,,
,,,
,,,
,,,
,,,
,,,
,,,
,,,
,,,
,,,
,,,
,,,
,,,
,,,
,,,
,,,
,,,
,,,
,,,
,,,
,,,
,,,
,,,
,,,
,,,
,,,
,,,
,,,
,,,
,,,
,,,
,,,
,,,
,,,
,,,
,,,
,,,
,,,
,,,
,,,
,,,
,,,
,,,
,,,
,,,
,,,
,,,
,,,
,,,
,,,
,,,
,,,
,,,
,,,
,,,
,,,
,,,
,,,
,,,
,,,
,,,
,,,
,,,
,,,
,,,
,,,
,,,
,,,
,,,
,,,
,,,
,,,
,,,
,,,
,,,
,,,
,,,
,,,
,,,
,,,
,,,
,,,
,,,
,,,
,,,
,,,
,,,
,,,
,,,
,,,
,,,
,,,
,,,
,,,
,,,
,,,
,,,
,,,
,,,
,,,
,,,
,,,
,,,
,,,
,,,
,,,
,,,
,,,
,,,
,,,
,,,
,,,
,,,
,,,
,,,
,,,
,,,
,,,
,,,
,,,
,,,
,,,
,,,
,,,
,,,
,,,
,,,
,,,
,,,
,,,
,,,
,,,
,,,
,,,
,,,
,,,
,,,
,,,
,,,
,,,
,,,
,,,
,,,
,,,
,,,
,,,
,,,
,,,
,,,
,,,
,,,
,,,
,,,
,,,
,,,
,,,
,,,
,,,
,,,
,,,
,,,
,,,
,,,
,,,
,,,
,,,
,,,
,,,
,,,
,,,
,,,
,,,
,,,
,,,
,,,
,,,
,,,
,,,
,,,
,,,
,,,
,,,
,,,
,,,
,,,
,,,
,,,
,,,
,,,
,,,
,,,
,,,
,,,
,,,
,,,
,,,
,,,
,,,
,,,
,,,
,,,
,,,
,,,
,,,
,,,
,,,
,,,
,,,
,,,
,,,
,,,
,,,
,,,
,,,
,,,
,,,
,,,
,,,
,,,
,,,
,,,
,,,
,,,
,,,
,,,
,,,
,,,
,,,
,,,
,,,
,,,
,,,
,,,
,,,
,,,
,,,
,,,
,,,
,,,
,,,
,,,
,,,
,,,
,,,
,,,
,,,
,,,
,,,
,,,
,,,
,,,
,,,
,,,
,,,
,,,
,,,
,,,
,,,
,,,
,,,
,,,
,,,
,,,
,,,
,,,
,,,
,,,
,,,
,,,
,,,
,,,
,,,
,,,
,,,
,,,
,,,
,,,
,,,
,,,
,,,
,,,
,,,
,,,
,,,
,,,
,,,
,,,
,,,
,,,
,,,
,,,
,,,
,,,
,,,
,,,
,,,
,,,
,,,
,,,
,,,
,,,
,,,
,,,
,,,
,,,
,,,
,,,
,,,
,,,
,,,
,,,
,,,
,,,
,,,
,,,
,,,
,,,
,,,
,,,
,,,
,,,
,,,
,,,
,,,
,,,
,,,
,,,
,,,
,,,
,,,
,,,
,,,
,,,
,,,
,,,
,,,
,,,
,,,
,,,
,,,
,,,
,,,
,,,
,,,
,,,
,,,
,,,
,,,
,,,
,,,
,,,
,,,
,,,
,,,
,,,
,,,
,,,
,,,
,,,
,,,
,,,
,,,
,,,
,,,
,,,
,,,
,,,
,,,
,,,
,,,
,,,
,,,
,,,
,,,
,,,
,,,
,,,
,,,
,,,
,,,
,,,
,,,
,,,
,,,
,,,
,,,
,,,
,,,
,,,
,,,
,,,
,,,
,,,
,,,
,,,
,,,
,,,
,,,
,,,
,,,
,,,
,,,
,,,
,,,
,,,
,,,
,,,
,,,
,,,
,,,
,,,
,,,
,,,
,,,
,,,
,,,
,,,
,,,
,,,
,,,
,,,
,,,
,,,
,,,
,,,
,,,
,,,
,,,
,,,
,,,
,,,
,,,
,,,
,,,
,,,
,,,
,,,
,,,
,,,
,,,
,,,
,,,
,,,
,,,
,,,
,,,
,,,
,,,
,,,
,,,
,,,
,,,
,,,
,,,
,,,
,,,
,,,
,,,
,,,
,,,
,,,
,,,
,,,
,,,
,,,
,,,
,,,
,,,
,,,
,,,
,,,
,,,
,,,
,,,
,,,
,,,
,,,
,,,
,,,
,,,
,,,
,,,
,,,
,,,
,,,
,,,
,,,
,,,
,,,
,,,
,,,
,,,
,,,
,,,
,,,
,,,
,,,
,,,
,,,
,,,
,,,
,,,
,,,
,,,
,,,
,,,
,,,
,,,
,,,
,,,
,,,
,,,
,,,
,,,
,,,
,,,
,,,
,,,
,,,
,,,
,,,
,,,
,,,
,,,
,,,
,,,
,,,
,,,
,,,
,,,
,,,
,,,
,,,
,,,
,,,
,,,
,,,
,,,
,,,
,,,
,,,
,,,
,,,
,,,
,,,
,,,
,,,
,,,
,,,
,,,
,,,
,,,
,,,
,,,
,,,
,,,
,,,
,,,
,,,
,,,
,,,
,,,
,,,
,,,
,,,
,,,
,,,
,,,
,,,
,,,
,,,
,,,
,,,
,,,
,,,
,,,
,,,
,,,
,,,
,,,
,,,
,,,
,,,
,,,
,,,
,,,
,,,
,,,
,,,
,,,
,,,
,,,
,,,
,,,
,,,
,,,
,,,
,,,
,,,
,,,
,,,
,,,
,,,
,,,
,,,
,,,
,,,
,,,
,,,
,,,
,,,
,,,
,,,
,,,
,,,
,,,
,,,
,,,
,,,
,,,
,,,
,,,
,,,
,,,
,,,
,,,
,,,
,,,
,,,
,,,
,,,
,,,
,,,
,,,
,,,
,,,
,,,
,,,
,,,
,,,
,,,
,,,
,,,
,,,
,,,
,,,
,,,
,,,
,,,
,,,
,,,
,,,
,,,
,,,
,,,
,,,
,,,
,,,
,,,
,,,
,,,
,,,
,,,
,,,
,,,
,,,
,,,
,,,
,,,
,,,
,,,
,,,
,,,
,,,
,,,
,,,
,,,
,,,
,,,
,,,
,,,
,,,
,,,
,,,
,,,
,,,
,,,
,,,
,,,
,,,
,,,
,,,
,,,
,,,
,,,
,,,
,,,
,,,
,,,
,,,
,,,
,,,
,,,
,,,
,,,
,,,
,,,
,,,
,,,
,,,
,,,
,,,
,,,
,,,
,,,
,,,
,,,
,,,
,,,
,,,
,,,
,,,
,,,
,,,
,,,
,,,
,,,
,,,
,,,
,,,
,,,
,,,
,,,
,,,
,,,
,,,
,,,
,,,
,,,
,,,
,,,
,,,
,,,
,,,
,,,
,,,
,,,
,,,
,,,
,,,
,,,
,,,
,,,
,,,
,,,
,,,
,,,
,,,
,,,
,,,
,,,
,,,
,,,
,,,
,,,
,,,
,,,
,,,
,,,
,,,
,,,
,,,
,,,
,,,
,,,
,,,
,,,
,,,
,,,
,,,
,,,
,,,
,,,
,,,
,,,
,,,
,,,
,,,
,,,
,,,
,,,
,,,
,,,
,,,
,,,
,,,
,,,
,,,
,,,
,,,
,,,
,,,
,,,
,,,
,,,
,,,
,,,
,,,
,,,
,,,
,,,
,,,
,,,
,,,
,,,
,,,
,,,
,,,
,,,
,,,
,,,
,,,
,,,
,,,
,,,
,,,
,,,
,,,
,,,
,,,
,,,
,,,
,,,
,,,
,,,
,,,
,,,
,,,
,,,
,,,
,,,
,,,
,,,
,,,
,,,
,,,
,,,
,,,
,,,
,,,
,,,
,,,
,,,
,,,
,,,
,,,
,,,
,,,
,,,
,,,
,,,
,,,
,,,
,,,
,,,
,,,
,,,
,,,
,,,
,,,
,,,
,,,
,,,
,,,
,,,
,,,
,,,
,,,
,,,
,,,
,,,
,,,
,,,
,,,
,,,
,,,
,,,
,,,
,,,
,,,
,,,
,,,
,,,
,,,
,,,
,,,
,,,
,,,
,,,
,,,
,,,
,,,
,,,
,,,
,,,
,,,
,,,
,,,
,,,
,,,
,,,
,,,
,,,
,,,
,,,
,,,
,,,
,,,
,,,
,,,
,,,
,,,
,,,
,,,
,,,
,,,
,,,
,,,
,,,
,,,
,,,
,,,
,,,
,,,
,,,
,,,
,,,
,,,
,,,
,,,
,,,
,,,
,,,
,,,
,,,
,,,
,,,
,,,
,,,
,,,
,,,
,,,
,,,
,,,
,,,
,,,
,,,
,,,
,,,
,,,
,,,
,,,
,,,
,,,
,,,
,,,
,,,
,,,
,,,
,,,
,,,
,,,
,,,
,,,
,,,
,,,
,,,
,,,
,,,
,,,
,,,
,,,
,,,
,,,
,,,
,,,
,,,
,,,
,,,
,,,
,,,
,,,
,,,
,,,
,,,
,,,
,,,
,,,
,,,
,,,
,,,
,,,
,,,
,,,
,,,
,,,
,,,
,,,
,,,
,,,
,,,
,,,
,,,
,,,
,,,
,,,
,,,
,,,
,,,
,,,
,,,
,,,
,,,
,,,
,,,
,,,
,,,
,,,
,,,
,,,
,,,
,,,
,,,
,,,
,,,
,,,
,,,
,,,
,,,
,,,
,,,
,,,
,,,
,,,
,,,
,,,
,,,
,,,
,,,
,,,
,,,
,,,
,,,
,,,
,,,
,,,
,,,
,,,
,,,
,,,
,,,
,,,
,,,
,,,
,,,
,,,
,,,
,,,
,,,
,,,
,,,
,,,
,,,
,,,
,,,
,,,
,,,
,,,
,,,
,,,
,,,
,,,
,,,
,,,
,,,
,,,
,,,
,,,
,,,
,,,
,,,
,,,
,,,
,,,
,,,
,,,
,,,
,,,
,,,
,,,
,,,
,,,
,,,
,,,
,,,
,,,
,,,
,,,
,,,
,,,
,,,
,,,
,,,
,,,
,,,
,,,
,,,
,,,
,,,
,,,
,,,
,,,
,,,
,,,
,,,
,,,
,,,
,,,
,,,
,,,
,,,
,,,
,,,
,,,
,,,
,,,
,,,
,,,
,,,
,,,
,,,
,,,
,,,
,,,
,,,
,,,
,,,
,,,
,,,
,,,
,,,
,,,
,,,
,,,
,,,
,,,
,,,
,,,
,,,
,,,
,,,
,,,
,,,
,,,
,,,
,,,
,,,
,,,
,,,
,,,
,,,
,,,
,,,
,,,
,,,
,,,
,,,
,,,
,,,
,,,
,,,
,,,
,,,
,,,
,,,
,,,
,,,
,,,
,,,
,,,
,,,
,,,
,,,
,,,
,,,
,,,
,,,
,,,
,,,
,,,
,,,
,,,
,,,
,,,
,,,
,,,
,,,
,,,
,,,
,,,
,,,
,,,
,,,
,,,
,,,
,,,
,,,
,,,
,,,
,,,
,,,
,,,
,,,
,,,
,,,
,,,
,,,
,,,
,,,
,,,
,,,
,,,
,,,
,,,
,,,
,,,
,,,
,,,
,,,
,,,
,,,
,,,
,,,
,,,
,,,
,,,
,,,
,,,
,,,
,,,
,,,
,,,
,,,
,,,
,,,
,,,
,,,
,,,
,,,
,,,
,,,
,,,
,,,
,,,
,,,
,,,
,,,
,,,
,,,
,,,
,,,
,,,
,,,
,,,
,,,
,,,
,,,
,,,
,,,
,,,
,,,
,,,
,,,
,,,
,,,
,,,
,,,
,,,
,,,
,,,
,,,
,,,
,,,
,,,
,,,
,,,
,,,
,,,
,,,
,,,
,,,
,,,
,,,
,,,
,,,
,,,
,,,
,,,
,,,
,,,
,,,
,,,
,,,
,,,
,,,
,,,
,,,
,,,
,,,
,,,
,,,
,,,
,,,
,,,
,,,
,,,
,,,
,,,
,,,
,,,
,,,
,,,
,,,
,,,
,,,
,,,
,,,
,,,
,,,
,,,
,,,
,,,
,,,
,,,
,,,
,,,
,,,
,,,
,,,
,,,
,,,
,,,
,,,
,,,
,,,
,,,
,,,
,,,
,,,
,,,
,,,
,,,
,,,
,,,
,,,
,,,
,,,
,,,
,,,
,,,
,,,
,,,
,,,
,,,
,,,
,,,
,,,
,,,
,,,
,,,
,,,
,,,
,,,
,,,
,,,
,,,
,,,
,,,
,,,
,,,
,,,
,,,
,,,
,,,
,,,
,,,
,,,
,,,
,,,
,,,
,,,
,,,
,,,
,,,
,,,
,,,
,,,
,,,
,,,
,,,
,,,
,,,
,,,
,,,
,,,
,,,
,,,
,,,
,,,
,,,
,,,
,,,
,,,
,,,
,,,
,,,
,,,
,,,
,,,
,,,
,,,
,,,
,,,
,,,
,,,
,,,
,,,
,,,
,,,
,,,
,,,
,,,
,,,
,,,
,,,
,,,
,,,
,,,
,,,
,,,
,,,
,,,
,,,
,,,
,,,
,,,
,,,
,,,
,,,
,,,
,,,
,,,
,,,
,,,
,,,
,,,
,,,
,,,
,,,
,,,
,,,
,,,
,,,
,,,
,,,
,,,
,,,
,,,
,,,
,,,
,,,
,,,
,,,
,,,
,,,
,,,
,,,
,,,
,,,
,,,
,,,
,,,
,,,
,,,
,,,
,,,
,,,
,,,
,,,
,,,
,,,
,,,
,,,
,,,
,,,
,,,
,,,
,,,
,,,
,,,
,,,
,,,
,,,
,,,
,,,
,,,
,,,
,,,
,,,
,,,
,,,
,,,
,,,
,,,
,,,
,,,
,,,
,,,
,,,
,,,
,,,
,,,
,,,
,,,
,,,
,,,
,,,
,,,
,,,
,,,
,,,
,,,
,,,
,,,
,,,
,,,
,,,
,,,
,,,
,,,
,,,
,,,
,,,
,,,
,,,
,,,
,,,
,,,
,,,
,,,
,,,
,,,
,,,
,,,
,,,
,,,
,,,
,,,
,,,
,,,
,,,
,,,
,,,
,,,
,,,
,,,
,,,
,,,
,,,
,,,
,,,
,,,
,,,
,,,
,,,
,,,
,,,
,,,
,,,
,,,
,,,
,,,
,,,
,,,
,,,
,,,
,,,
,,,
,,,
,,,
,,,
,,,
,,,
,,,
,,,
,,,
,,,
,,,
,,,
,,,
,,,
,,,
,,,
,,,
,,,
,,,
,,,
,,,
,,,
,,,
,,,
,,,
,,,
,,,
,,,
,,,
,,,
,,,
,,,
,,,
,,,
,,,
,,,
,,,
,,,
,,,
,,,
,,,
,,,
,,,
,,,
,,,
,,,
,,,
,,,
,,,
,,,
,,,
,,,
,,,
,,,
,,,
,,,
,,,
,,,
,,,
,,,
,,,
,,,
,,,
,,,
,,,
,,,
,,,
,,,
,,,
,,,
,,,
,,,
,,,
,,,
,,,
,,,
,,,
,,,
,,,
,,,
,,,
,,,
,,,
,,,
,,,
,,,
,,,
,,,
,,,
,,,
,,,
,,,
,,,
,,,
,,,
,,,
,,,
,,,
,,,
,,,
,,,
,,,
,,,
,,,
,,,
,,,
,,,
,,,
,,,
,,,
,,,
,,,
,,,
,,,
,,,
,,,
,,,
,,,
,,,
,,,
,,,
,,,
,,,
,,,
,,,
,,,
,,,
,,,
,,,
,,,
,,,
,,,
,,,
,,,
,,,
,,,
,,,
,,,
,,,
,,,
,,,
,,,
,,,
,,,
,,,
,,,
,,,
,,,
,,,
,,,
,,,
,,,
,,,
,,,
,,,
,,,
,,,
,,,
,,,
,,,
,,,
,,,
,,,
,,,
,,,
,,,
,,,
,,,
,,,
,,,
,,,
,,,
,,,
,,,
,,,
,,,
,,,
,,,
,,,
,,,
,,,
,,,
,,,
,,,
,,,
,,,
,,,
,,,
,,,
,,,
,,,
,,,
,,,
,,,
,,,
,,,
,,,
,,,
,,,
,,,
,,,
,,,
,,,
,,,
,,,
,,,
,,,
,,,
,,,
,,,
,,,
,,,
,,,
,,,
,,,
,,,
,,,
,,,
,,,
,,,
,,,
,,,
,,,
,,,
,,,
,,,
,,,
,,,
,,,
,,,
,,,
,,,
,,,
,,,
,,,
,,,
,,,
,,,
,,,
,,,
,,,
,,,
,,,
,,,
,,,
,,,
,,,
,,,
,,,
,,,
,,,
,,,
,,,
,,,
,,,
,,,
,,,
,,,
,,,
,,,
,,,
,,,
,,,
,,,
,,,
,,,
,,,
,,,
,,,
,,,
,,,
,,,
,,,
,,,
,,,
,,,
,,,
,,,
,,,
,,,
,,,
,,,
,,,
,,,
,,,
,,,
,,,
,,,
,,,
,,,
,,,
,,,
,,,
,,,
,,,
,,,
,,,
,,,
,,,
,,,
,,,
,,,
,,,
,,,
,,,
,,,
,,,
,,,
,,,
,,,
,,,
,,,
,,,
,,,
,,,
,,,
,,,
,,,
,,,
,,,
,,,
,,,
,,,
,,,
,,,
,,,
,,,
,,,
,,,
,,,
,,,
,,,
,,,
,,,
,,,
,,,
,,,
,,,
,,,
,,,
,,,
,,,
,,,
,,,
,,,
,,,
,,,
,,,
,,,
,,,
,,,
,,,
,,,
,,,
,,,
,,,
,,,
,,,
,,,
,,,
,,,
,,,
,,,
,,,
,,,
,,,
,,,
,,,
,,,
,,,
,,,
,,,
,,,
,,,
,,,
,,,
,,,
,,,
,,,
,,,
,,,
,,,
,,,
,,,
,,,
,,,
,,,
,,,
,,,
,,,
,,,
,,,
,,,
,,,
,,,
,,,
,,,
,,,
,,,
,,,
,,,
,,,
,,,
,,,
,,,
,,,
,,,
,,,
,,,
,,,
,,,
,,,
,,,
,,,
,,,
,,,
,,,
,,,
,,,
,,,
,,,
,,,
,,,
,,,
,,,
,,,
,,,
,,,
,,,
,,,
,,,
,,,
,,,
,,,
,,,
,,,
,,,
,,,
,,,
,,,
,,,
,,,
,,,
,,,
,,,
,,,
,,,
,,,
,,,
,,,
,,,
,,,
,,,
,,,
,,,
,,,
,,,
,,,
,,,
,,,
,,,
,,,
,,,
,,,
,,,
,,,
,,,
,,,
,,,
,,,
,,,
,,,
,,,
,,,
,,,
,,,
,,,
,,,
,,,
,,,
,,,
,,,
,,,
,,,
,,,
,,,
,,,
,,,
,,,
,,,
,,,
,,,
,,,
,,,
,,,
,,,
,,,
,,,
,,,
,,,
,,,
,,,
,,,
,,,
,,,
,,,
,,,
,,,
,,,
,,,
,,,
,,,
,,,
,,,
,,,
,,,
,,,
,,,
,,,
,,,
,,,
,,,
,,,
,,,
,,,
,,,
,,,
,,,
,,,
,,,
,,,
,,,
,,,
,,,
,,,
,,,
,,,
,,,
,,,
,,,
,,,
,,,
,,,
,,,
,,,
,,,
,,,
,,,
,,,
,,,
,,,
,,,
,,,
,,,
,,,
,,,
,,,
,,,
,,,
,,,
,,,
,,,
,,,
,,,
,,,
,,,
,,,
,,,
,,,
,,,
,,,
,,,
,,,
,,,
,,,
,,,
,,,
,,,
,,,
,,,
,,,
,,,
,,,
,,,
,,,
,,,
,,,
,,,
,,,
,,,
,,,
,,,
,,,
,,,
,,,
,,,
,,,
,,,
,,,
,,,
,,,
,,,
,,,
,,,
,,,
,,,
,,,
,,,
,,,
,,,
,,,
,,,
,,,
,,,
,,,
,,,
,,,
,,,
,,,
,,,
,,,
,,,
,,,
,,,
,,,
,,,
,,,
,,,
,,,
,,,
,,,
,,,
,,,
,,,
,,,
,,,
,,,
,,,
,,,
,,,
,,,
,,,
,,,
,,,
,,,
,,,
,,,
,,,
,,,
,,,
,,,
,,,
,,,
,,,
,,,
,,,
,,,
,,,
,,,
,,,
,,,
,,,
,,,
,,,
,,,
,,,
,,,
,,,
,,,
,,,
,,,
,,,
,,,
,,,
,,,
,,,
,,,
,,,
,,,
,,,
,,,
,,,
,,,
,,,
,,,
,,,
,,,
,,,
,,,
,,,
,,,
,,,
,,,
,,,
,,,
,,,
,,,
,,,
,,,
,,,
,,,
,,,
,,,
,,,
,,,
,,,
,,,
,,,
,,,
,,,
,,,
,,,
,,,
,,,
,,,
,,,
,,,
,,,
,,,
,,,
,,,
,,,
,,,
,,,
,,,
,,,
,,,
,,,
,,,
,,,
,,,
,,,
,,,
,,,
,,,
,,,
,,,
,,,
,,,
,,,
,,,
,,,
,,,
,,,
,,,
,,,
,,,
,,,
,,,
,,,
,,,
,,,
,,,
,,,
,,,
,,,
,,,
,,,
,,,
,,,
,,,
,,,
,,,
,,,
,,,
,,,
,,,
,,,
,,,
,,,
,,,
,,,
,,,
,,,
,,,
,,,
,,,
,,,
,,,
,,,
,,,
,,,
,,,
,,,
,,,
,,,
,,,
,,,
,,,
,,,
,,,
,,,
,,,
,,,
,,,
,,,
,,,
,,,
,,,
,,,
,,,
,,,
,,,
,,,
,,,
,,,
,,,
,,,
,,,
,,,
,,,
,,,
,,,
,,,
,,,
,,,
,,,
,,,
,,,
,,,
,,,
,,,
,,,
,,,
,,,
,,,
,,,
,,,
,,,
,,,
,,,
,,,
,,,
,,,
,,,
,,,
,,,
,,,
,,,
,,,
,,,
,,,
,,,
,,,
,,,
,,,
,,,
,,,
,,,
,,,
,,,
,,,
,,,
,,,
,,,
,,,
,,,
,,,
,,,
,,,
,,,
,,,
,,,
,,,
,,,
,,,
,,,
,,,
,,,
,,,
,,,
,,,
,,,
,,,
,,,
,,,
,,,
,,,
,,,
,,,
,,,
,,,
,,,
,,,
,,,
,,,
,,,
,,,
,,,
,,,
,,,
,,,
,,,
,,,
,,,
,,,
,,,
,,,
,,,
,,,
,,,
,,,
,,,
,,,
,,,
,,,
,,,
,,,
,,,
,,,
,,,
,,,
,,,
,,,
,,,
,,,
,,,
,,,
,,,
,,,
,,,
,,,
,,,
,,,
,,,
,,,
,,,
,,,
,,,
,,,
,,,
,,,
,,,
,,,
,,,
,,,
,,,
,,,
,,,
,,,
,,,
,,,
,,,
,,,
,,,
,,,
,,,
,,,
,,,
,,,
,,,
,,,
,,,
,,,
,,,
,,,
,,,
,,,
,,,
,,,
,,,
,,,
,,,
,,,
,,,
,,,
,,,
,,,
,,,
,,,
,,,
,,,
,,,
,,,
,,,
,,,
,,,
,,,
,,,
,,,
,,,
,,,
,,,
,,,
,,,
,,,
,,,
,,,
,,,
,,,
,,,
,,,
,,,
,,,
,,,
,,,
,,,
,,,
,,,
,,,
,,,
,,,
,,,
,,,
,,,
,,,
,,,
,,,
,,,
,,,
,,,
,,,
,,,
,,,
,,,
,,,
,,,
,,,
,,,
,,,
,,,
,,,
,,,
,,,
,,,
,,,
,,,
,,,
,,,
,,,
,,,
,,,
,,,
,,,
,,,
,,,
,,,
,,,
,,,
,,,
,,,
,,,
,,,
,,,
,,,
,,,
,,,
,,,
,,,
,,,
,,,
,,,
,,,
,,,
,,,
,,,
,,,
,,,
,,,
,,,
,,,
,,,
,,,
,,,
,,,
,,,
,,,
,,,
,,,
,,,
,,,
,,,
,,,
,,,
,,,
,,,
,,,
,,,
,,,
,,,
,,,
,,,
,,,
,,,
,,,
,,,
,,,
,,,
,,,
,,,
,,,
,,,
,,,
,,,
,,,
,,,
,,,
,,,
,,,
,,,
,,,
,,,
,,,
,,,
,,,
,,,
,,,
,,,
,,,
,,,
,,,
,,,
,,,
,,,
,,,
,,,
,,,
,,,
,,,
,,,
,,,
,,,
,,,
,,,
,,,
,,,
,,,
,,,
,,,
,,,
,,,
,,,
,,,
,,,
,,,
,,,
,,,
,,,
,,,
,,,
,,,
,,,
,,,
,,,
,,,
,,,
,,,
,,,
,,,
,,,
,,,
,,,
,,,
,,,
,,,
,,,
,,,
,,,
,,,
,,,
,,,
,,,
,,,
,,,
,,,
,,,
,,,
,,,
,,,
,,,
,,,
,,,
,,,
,,,
,,,
,,,
,,,
,,,
,,,
,,,
,,,
,,,
,,,
,,,
,,,
,,,
,,,
,,,
,,,
,,,
,,,
,,,
,,,
,,,
,,,
,,,
,,,
,,,
,,,
,,,
,,,
,,,
,,,
,,,
,,,
,,,
,,,
,,,
,,,
,,,
,,,
,,,
,,,
,,,
,,,
,,,
,,,
,,,
,,,
,,,
,,,
,,,
,,,
,,,
,,,
,,,
,,,
,,,
,,,
,,,
,,,
,,,
,,,
,,,
,,,
,,,
,,,
,,,
,,,
,,,
,,,
,,,
,,,
,,,
,,,
,,,
,,,
,,,
,,,
,,,
,,,
,,,
,,,
,,,
,,,
,,,
,,,
,,,
,,,
,,,
,,,
,,,
,,,
,,,
,,,
,,,
,,,
,,,
,,,
,,,
,,,
,,,
,,,
,,,
,,,
,,,
,,,
,,,
,,,
,,,
,,,
,,,
,,,
,,,
,,,
,,,
,,,
,,,
,,,
,,,
,,,
,,,
,,,
,,,
,,,
,,,
,,,
,,,
,,,
,,,
,,,
,,,
,,,
,,,
,,,
,,,
,,,
,,,
,,,
,,,
,,,
,,,
,,,
,,,
,,,
,,,
,,,
,,,
,,,
,,,
,,,
,,,
,,,
,,,
,,,
,,,
,,,
,,,
,,,
,,,
,,,
,,,
,,,
,,,
,,,
,,,
,,,
,,,
,,,
,,,
,,,
,,,
,,,
,,,
,,,
,,,
,,,
,,,
,,,
,,,
,,,
,,,
,,,
,,,
,,,
,,,
,,,
,,,
,,,
,,,
,,,
,,,
,,,
,,,
,,,
,,,
,,,
,,,
,,,
,,,
,,,
,,,
,,,
,,,
,,,
,,,
,,,
,,,
,,,
,,,
,,,
,,,
,,,
,,,
,,,
,,,
,,,
,,,
,,,
,,,
,,,
,,,
,,,
,,,
,,,
,,,
,,,
,,,
,,,
,,,
,,,
,,,
,,,
,,,
,,,
,,,
,,,
,,,
,,,
,,,
,,,
,,,
,,,
,,,
,,,
,,,
,,,
,,,
,,,
,,,
,,,
,,,
,,,
,,,
,,,
,,,
,,,
,,,
,,,
,,,
,,,
,,,
,,,
,,,
,,,
,,,
,,,
,,,
,,,
,,,
,,,
,,,
,,,
,,,
,,,
,,,
,,,
,,,
,,,
,,,
,,,
,,,
,,,
,,,
,,,
,,,
,,,
,,,
,,,
,,,
,,,
,,,
,,,
,,,
,,,
,,,
,,,
,,,
,,,
,,,
,,,
,,,
,,,
,,,
,,,
,,,
,,,
,,,
,,,
,,,
,,,
,,,
,,,
,,,
,,,
,,,
,,,
,,,
,,,
,,,
,,,
,,,
,,,
,,,
,,,
,,,
,,,
,,,
,,,
,,,
,,,
,,,
,,,
,,,
,,,
,,,
,,,
,,,
,,,
,,,
,,,
,,,
,,,
,,,
,,,
,,,
,,,
,,,
,,,
,,,
,,,
,,,
,,,
,,,
,,,
,,,
,,,
,,,
,,,
,,,
,,,
,,,
,,,
,,,
,,,
,,,
,,,
,,,
,,,
,,,
,,,
,,,
,,,
,,,
,,,
,,,
,,,
,,,
,,,
,,,
,,,
,,,
,,,
,,,
,,,
,,,
,,,
,,,
,,,
,,,
,,,
,,,
,,,
,,,
,,,
,,,
,,,
,,,
,,,
,,,
,,,
,,,
,,,
,,,
,,,
,,,
,,,
,,,
,,,
,,,
,,,
,,,
,,,
,,,
,,,
,,,
,,,
,,,
,,,
,,,
,,,
,,,
,,,
,,,
,,,
,,,
,,,
,,,
,,,
,,,
,,,
,,,
,,,
,,,
,,,
,,,
,,,
,,,
,,,
,,,
,,,
,,,
,,,
,,,
,,,
,,,
,,,
,,,
,,,
,,,
,,,
,,,
,,,
,,,
,,,
,,,
,,,
,,,
,,,
,,,
,,,
,,,
,,,
,,,
,,,
,,,
,,,
,,,
,,,
,,,
,,,
,,,
,,,
,,,
,,,
,,,
,,,
,,,
,,,
,,,
,,,
,,,
,,,
,,,
,,,
,,,
,,,
,,,
,,,
,,,
,,,
,,,
,,,
,,,
,,,
,,,
,,,
,,,
,,,
,,,
,,,
,,,
,,,
,,,
,,,
,,,
,,,
,,,
,,,
,,,
,,,
,,,
,,,
,,,
,,,
,,,
,,,
,,,
,,,
,,,
,,,
,,,
,,,
,,,
,,,
,,,
,,,
,,,
,,,
,,,
,,,
,,,
,,,
,,,
,,,
,,,
,,,
,,,
,,,
,,,
,,,
,,,
,,,
,,,
,,,
,,,
,,,
,,,
,,,
,,,
,,,
,,,
,,,
,,,
,,,
,,,
,,,
,,,
,,,
,,,
,,,
,,,
,,,
,,,
,,,
,,,
,,,
,,,
,,,
,,,
,,,
,,,
,,,
,,,
,,,
,,,
,,,
,,,
,,,
,,,
,,,
,,,
,,,
,,,
,,,
,,,
,,,
,,,
,,,
,,,
,,,
,,,
,,,
,,,
,,,
,,,
,,,
,,,
,,,
,,,
,,,
,,,
,,,
,,,
,,,
,,,
,,,
,,,
,,,
,,,
,,,
,,,
,,,
,,,
,,,
,,,
,,,
,,,
,,,
,,,
,,,
,,,
,,,
,,,
,,,
,,,
,,,
,,,
,,,
,,,
,,,
,,,
,,,
,,,
,,,
,,,
,,,
,,,
,,,
,,,
,,,
,,,
,,,
,,,
,,,
,,,
,,,
,,,
,,,
,,,
,,,
,,,
,,,
,,,
,,,
,,,
,,,
,,,
,,,
,,,
,,,
,,,
,,,
,,,
,,,
,,,
,,,
,,,
,,,
,,,
,,,
,,,
,,,
,,,
,,,
,,,
,,,
,,,
,,,
,,,
,,,
,,,
,,,
,,,
,,,
,,,
,,,
,,,
,,,
,,,
,,,
,,,
,,,
,,,
,,,
,,,
,,,
,,,
,,,
,,,
,,,
,,,
,,,
,,,
,,,
,,,
,,,
,,,
,,,
,,,
,,,
,,,
,,,
,,,
,,,
,,,
,,,
,,,
,,,
,,,
,,,
,,,
,,,
,,,
,,,
,,,
,,,
,,,
,,,
,,,
,,,
,,,
,,,
,,,
,,,
,,,
,,,
,,,
,,,
,,,
,,,
,,,
,,,
,,,
,,,
,,,
,,,
,,,
,,,
,,,
,,,
,,,
,,,
,,,
,,,
,,,
,,,
,,,
,,,
,,,
,,,
,,,
,,,
,,,
,,,
,,,
,,,
,,,
,,,
,,,
,,,
,,,
,,,
,,,
,,,
,,,
,,,
,,,
,,,
,,,
,,,
,,,
,,,
,,,
,,,
,,,
,,,
,,,
,,,
,,,
,,,
,,,
,,,
,,,
,,,
,,,
,,,
,,,
,,,
,,,
,,,
,,,
,,,
,,,
,,,
,,,
,,,
,,,
,,,
,,,
,,,
,,,
,,,
,,,
,,,
,,,
,,,
,,,
,,,
,,,
,,,
,,,
,,,
,,,
,,,
,,,
,,,
,,,
,,,
,,,
,,,
,,,
,,,
,,,
,,,
,,,
,,,
,,,
,,,
,,,
,,,
,,,
,,,
,,,
,,,
,,,
,,,
,,,
,,,
,,,
,,,
,,,
,,,
,,,
,,,
,,,
,,,
,,,
,,,
,,,
,,,
,,,
,,,
,,,
,,,
,,,
,,,
,,,
,,,
,,,
,,,
,,,
,,,
,,,
,,,
,,,
,,,
,,,
,,,
,,,
,,,
,,,
,,,
,,,
,,,
,,,
,,,
,,,
,,,
,,,
,,,
,,,
,,,
,,,
,,,
,,,
,,,
,,,
,,,
,,,
,,,
,,,
,,,
,,,
,,,
,,,
,,,
,,,
,,,
,,,
,,,
,,,
,,,
,,,
,,,
,,,
,,,
,,,
,,,
,,,
,,,
,,,
,,,
,,,
,,,
,,,
,,,
,,,
,,,
,,,
,,,
,,,
,,,
,,,
,,,
,,,
,,,
,,,
,,,
,,,
,,,
,,,
,,,
,,,
,,,
,,,
,,,
,,,
,,,
,,,
,,,
,,,
,,,
,,,
,,,
,,,
,,,
,,,
,,,
,,,
,,,
,,,
,,,
,,,
,,,
,,,
,,,
,,,
,,,
,,,
,,,
,,,
,,,
,,,
,,,
,,,
,,,
,,,
,,,
,,,
,,,
,,,
,,,
,,,
,,,
,,,
,,,
,,,
,,,
,,,
,,,
,,,
,,,
,,,
,,,
,,,
,,,
,,,
,,,
,,,
,,,
,,,
,,,
,,,
,,,
,,,
,,,
,,,
,,,
,,,
,,,
,,,
,,,
,,,
,,,
,,,
,,,
,,,
,,,
,,,
,,,
,,,
,,,
,,,
,,,
,,,
,,,
,,,
,,,
,,,
,,,
,,,
,,,
,,,
,,,
,,,
,,,
,,,
,,,
,,,
,,,
,,,
,,,
,,,
,,,
,,,
,,,
,,,
,,,
,,,
,,,
,,,
,,,
,,,
,,,
,,,
,,,
,,,
,,,
,,,
,,,
,,,
,,,
,,,
,,,
,,,
,,,
,,,
,,,
,,,
,,,
,,,
,,,
,,,
,,,
,,,
,,,
,,,
,,,
,,,
,,,
,,,
,,,
,,,
,,,
,,,
,,,
,,,
,,,
,,,
,,,
,,,
,,,
,,,
,,,
,,,
,,,
,,,
,,,
,,,
,,,
,,,
,,,
,,,
,,,
,,,
,,,
,,,
,,,
,,,
,,,
,,,
,,,
,,,
,,,
,,,
,,,
,,,
,,,
,,,
,,,
,,,
,,,
,,,
,,,
,,,
,,,
,,,
,,,
,,,
,,,
,,,
,,,
,,,
,,,
,,,
,,,
,,,
,,,
,,,
,,,
,,,
,,,
,,,
,,,
,,,
,,,
,,,
,,,
,,,
,,,
,,,
,,,
,,,
,,,
,,,
,,,
,,,
,,,
,,,
,,,
,,,
,,,
,,,
,,,
,,,
,,,
,,,
,,,
,,,
,,,
,,,
,,,
,,,
,,,
,,,
,,,
,,,
,,,
,,,
,,,
,,,
,,,
,,,
,,,
,,,
,,,
,,,
,,,
,,,
,,,
,,,
,,,
,,,
,,,
,,,
,,,
,,,
,,,
,,,
,,,
,,,
,,,
,,,
,,,
,,,
,,,
,,,
,,,
,,,
,,,
,,,
,,,
,,,
,,,
,,,
,,,
,,,
,,,
,,,
,,,
,,,
,,,
,,,
,,,
,,,
,,,
,,,
,,,
,,,
,,,
,,,
,,,
,,,
,,,
,,,
,,,
,,,
,,,
,,,
,,,
,,,
,,,
,,,
,,,
,,,
,,,
,,,
,,,
,,,
,,,
,,,
,,,
,,,
,,,
,,,
,,,
,,,
,,,
,,,
,,,
,,,
,,,
,,,
,,,
,,,
,,,
,,,
,,,
,,,
,,,
,,,
,,,
,,,
,,,
,,,
,,,
,,,
,,,
,,,
,,,
,,,
,,,
,,,
,,,
,,,
,,,
,,,
,,,
,,,
,,,
,,,
,,,
,,,
,,,
,,,
,,,
,,,
,,,
,,,
,,,
,,,
,,,
,,,
,,,
,,,
,,,
,,,
,,,
,,,
,,,
,,,
,,,
,,,
,,,
,,,
,,,
,,,
,,,
,,,
,,,
,,,
,,,
,,,
,,,
,,,
,,,
,,,
,,,
,,,
,,,
,,,
,,,
,,,
,,,
,,,
,,,
,,,
,,,
,,,
,,,
,,,
,,,
,,,
,,,
,,,
,,,
,,,
,,,
,,,
,,,
,,,
,,,
,,,
,,,
,,,
,,,
,,,
,,,
,,,
,,,
,,,
,,,
,,,
,,,
,,,
,,,
,,,
,,,
,,,
,,,
,,,
,,,
,,,
,,,
,,,
,,,
,,,
,,,
,,,
,,,
,,,
,,,
,,,
,,,
,,,
,,,
,,,
,,,
,,,
,,,
,,,
,,,
,,,
,,,
,,,
,,,
,,,
,,,
,,,
,,,
,,,
,,,
,,,
,,,
,,,
,,,
,,,
,,,
,,,
,,,
,,,
,,,
,,,
,,,
,,,
,,,
,,,
,,,
,,,
,,,
,,,
,,,
,,,
,,,
,,,
,,,
,,,
,,,
,,,
,,,
,,,
,,,
,,,
,,,
,,,
,,,
,,,
,,,
,,,
,,,
,,,
,,,
,,,
,,,
,,,
,,,
,,,
,,,
,,,
,,,
,,,
,,,
,,,
,,,
,,,
,,,
,,,
,,,
,,,
,,,
,,,
,,,
,,,
,,,
,,,
,,,
,,,
,,,
,,,
,,,
,,,
,,,
,,,
,,,
,,,
,,,
,,,
,,,
,,,
,,,
,,,
,,,
,,,
,,,
,,,
,,,
,,,
,,,
,,,
,,,
,,,
,,,
,,,
,,,
,,,
,,,
,,,
,,,
,,,
,,,
,,,
,,,
,,,
,,,
,,,
,,,
,,,
,,,
,,,
,,,
,,,
,,,
,,,
,,,
,,,
,,,
,,,
,,,
,,,
,,,
,,,
,,,
,,,
,,,
,,,
,,,
,,,
,,,
,,,
,,,
,,,
,,,
,,,
,,,
,,,
,,,
,,,
,,,
,,,
,,,
,,,
,,,
,,,
,,,
,,,
,,,
,,,
,,,
,,,
,,,
,,,
,,,
,,,
,,,
,,,
,,,
,,,
,,,
,,,
,,,
,,,
,,,
,,,
,,,
,,,
,,,
,,,
,,,
,,,
,,,
,,,
,,,
,,,
,,,
,,,
,,,
,,,
,,,
,,,
,,,
,,,
,,,
,,,
,,,
,,,
,,,
,,,
,,,
,,,
,,,
,,,
,,,
,,,
,,,
,,,
,,,
,,,
,,,
,,,
,,,
,,,
,,,
,,,
,,,
,,,
,,,
,,,
,,,
,,,
,,,
,,,
,,,
,,,
,,,
,,,
,,,
,,,
,,,
,,,
,,,
,,,
,,,
,,,
,,,
,,,
,,,
,,,
,,,
,,,
,,,
,,,
,,,
,,,
,,,
,,,
,,,
,,,
,,,
,,,
,,,
,,,
,,,
,,,
,,,
,,,
,,,
,,,
,,,
,,,
,,,
,,,
,,,
,,,
,,,
,,,
,,,
,,,
,,,
,,,
,,,
,,,
,,,
,,,
,,,
,,,
,,,
,,,
,,,
,,,
,,,
,,,
,,,
,,,
,,,
,,,
,,,
,,,
,,,
,,,
,,,
,,,
,,,
,,,
,,,
,,,
,,,
,,,
,,,
,,,
,,,
,,,
,,,
,,,
,,,
,,,
,,,
,,,
,,,
,,,
,,,
,,,
,,,
,,,
,,,
,,,
,,,
,,,
,,,
,,,
,,,
,,,
,,,
,,,
,,,
,,,
,,,
,,,
,,,
,,,
,,,
,,,
,,,
,,,
,,,
,,,
,,,
,,,
,,,
,,,
,,,
,,,
,,,
,,,
,,,
,,,
,,,
,,,
,,,
,,,
,,,
,,,
,,,
,,,
,,,
,,,
,,,
,,,
,,,
,,,
,,,
,,,
,,,
,,,
,,,
,,,
,,,
,,,
,,,
,,,
,,,
,,,
,,,
,,,
,,,
,,,
,,,
,,,
,,,
,,,
,,,
,,,
,,,
,,,
,,,
,,,
,,,
,,,
,,,
,,,
,,,
,,,
,,,
,,,
,,,
,,,
,,,
,,,
,,,
,,,
,,,
,,,
,,,
,,,
,,,
,,,
,,,
,,,
,,,
,,,
,,,
,,,
,,,
,,,
,,,
,,,
,,,
,,,
,,,
,,,
,,,
,,,
,,,
,,,
,,,
,,,
,,,
,,,
,,,
,,,
,,,
,,,
,,,
,,,
,,,
,,,
,,,
,,,
,,,
,,,
,,,
,,,
,,,
,,,
,,,
,,,
,,,
,,,
,,,
,,,
,,,
,,,
,,,
,,,
,,,
,,,
,,,
,,,
,,,
,,,
,,,
,,,
,,,
,,,
,,,
,,,
,,,
,,,
,,,
,,,
,,,
,,,
,,,
,,,
,,,
,,,
,,,
,,,
,,,
,,,
,,,
,,,
,,,
,,,
,,,
,,,
,,,
,,,
,,,
,,,
,,,
,,,
,,,
,,,
,,,
,,,
,,,
,,,
,,,
,,,
,,,
,,,
,,,
,,,
,,,
,,,
,,,
,,,
,,,
,,,
,,,
,,,
,,,
,,,
,,,
,,,
,,,
,,,
,,,
,,,
,,,
,,,
,,,
,,,
,,,
,,,
,,,
,,,
,,,
,,,
,,,
,,,
,,,
,,,
,,,
,,,
,,,
,,,
,,,
,,,
,,,
,,,
,,,
,,,
,,,
,,,
,,,
,,,
,,,
,,,
,,,
,,,
,,,
,,,
,,,
,,,
,,,
,,,
,,,
,,,
,,,
,,,
,,,
,,,
,,,
,,,
,,,
,,,
,,,
,,,
,,,
,,,
,,,
,,,
,,,
,,,
,,,
,,,
,,,
,,,
,,,
,,,
,,,
,,,
,,,
,,,
,,,
,,,
,,,
,,,
,,,
,,,
,,,
,,,
,,,
,,,
,,,
,,,
,,,
,,,
,,,
,,,
,,,
,,,
,,,
,,,
,,,
,,,
,,,
,,,
,,,
,,,
,,,
,,,
,,,
,,,
,,,
,,,
,,,
,,,
,,,
,,,
,,,
,,,
,,,
,,,
,,,
,,,
,,,
,,,
,,,
,,,
,,,
,,,
,,,
,,,
,,,
,,,
,,,
,,,
,,,
,,,
,,,
,,,
,,,
,,,
,,,
,,,
,,,
,,,
,,,
,,,
,,,
,,,
,,,
,,,
,,,
,,,
,,,
,,,
,,,
,,,
,,,
,,,
,,,
,,,
,,,
,,,
,,,
,,,
,,,
,,,
,,,
,,,
,,,
,,,
,,,
,,,
,,,
,,,
,,,
,,,
,,,
,,,
,,,
,,,
,,,
,,,
,,,
,,,
,,,
,,,
,,,
,,,
,,,
,,,
,,,
,,,
,,,
,,,
,,,
,,,
,,,
,,,
,,,
,,,
,,,
,,,
,,,
,,,
,,,
,,,
,,,
,,,
,,,
,,,
,,,
,,,
,,,
,,,
,,,
,,,
,,,
,,,
,,,
,,,
,,,
,,,
,,,
,,,
,,,
,,,
,,,
,,,
,,,
,,,
,,,
,,,
,,,
,,,
,,,
,,,
,,,
,,,
,,,
,,,
,,,
,,,
,,,
,,,
,,,
,,,
,,,
,,,
,,,
,,,
,,,
,,,
,,,
,,,
,,,
,,,
,,,
,,,
,,,
,,,
,,,
,,,
,,,
,,,
,,,
,,,
,,,
,,,
,,,
,,,
,,,
,,,
,,,
,,,
,,,
,,,
,,,
,,,
,,,
,,,
,,,
,,,
,,,
,,,
,,,
,,,
,,,
,,,
,,,
,,,
,,,
,,,
,,,
,,,
,,,
,,,
,,,
,,,
,,,
,,,
,,,
,,,
,,,
,,,
,,,
,,,
,,,
,,,
,,,
,,,
,,,
,,,
,,,
,,,
,,,
,,,
,,,
,,,
,,,
,,,
,,,
,,,
,,,
,,,
,,,
,,,
,,,
,,,
,,,
,,,
,,,
,,,
,,,
,,,
,,,
,,,
,,,
,,,
,,,
,,,
,,,
,,,
,,,
,,,
,,,
,,,
,,,
,,,
,,,
,,,
,,,
,,,
,,,
,,,
,,,
,,,
,,,
,,,
,,,
,,,
,,,
,,,
,,,
,,,
,,,
,,,
,,,
,,,
,,,
,,,
,,,
,,,
,,,
,,,
,,,
,,,
,,,
,,,
,,,
,,,
,,,
,,,
,,,
,,,
,,,
,,,
,,,
,,,
,,,
,,,
,,,
,,,
,,,
,,,
,,,
,,,
,,,
,,,
,,,
,,,
,,,
,,,
,,,
,,,
,,,
,,,
,,,
,,,
,,,
,,,
,,,
,,,
,,,
,,,
,,,
,,,
,,,
,,,
,,,
,,,
,,,
,,,
,,,
,,,
,,,
,,,
,,,
,,,
,,,
,,,
,,,
,,,
,,,
,,,
,,,
,,,
,,,
,,,
,,,
,,,
,,,
,,,
,,,
,,,
,,,
,,,
,,,
,,,
,,,
,,,
,,,
,,,
,,,
,,,
,,,
,,,
,,,
,,,
,,,
,,,
,,,
,,,
,,,
,,,
,,,
,,,
,,,
,,,
,,,
,,,
,,,
,,,
,,,
,,,
,,,
,,,
,,,
,,,
,,,
,,,
,,,
,,,
,,,
,,,
,,,
,,,
,,,
,,,
,,,
,,,
,,,
,,,
,,,
,,,
,,,
,,,
,,,
,,,
,,,
,,,
,,,
,,,
,,,
,,,
,,,
,,,
,,,
,,,
,,,
,,,
,,,
,,,
,,,
,,,
,,,
,,,
,,,
,,,
,,,
,,,
,,,
,,,
,,,
,,,
,,,
,,,
,,,
,,,
,,,
,,,
,,,
,,,
,,,
,,,
,,,
,,,
,,,
,,,
,,,
,,,
,,,
,,,
,,,
,,,
,,,
,,,
,,,
,,,
,,,
,,,
,,,
,,,
,,,
,,,
,,,
,,,
,,,
,,,
,,,
,,,
,,,
,,,
,,,
,,,
,,,
,,,
,,,
,,,
,,,
,,,
,,,
,,,
,,,
,,,
,,,
,,,
,,,
,,,
,,,
,,,
,,,
,,,
,,,
,,,
,,,
,,,
,,,
,,,
,,,
,,,
,,,
,,,
,,,
,,,
,,,
,,,
,,,
,,,
,,,
,,,
,,,
,,,
,,,
,,,
,,,
,,,
,,,
,,,
,,,
,,,
,,,
,,,
,,,
,,,
,,,
,,,
,,,
,,,
,,,
,,,
,,,
,,,
,,,
,,,
,,,
,,,
,,,
,,,
,,,
,,,
,,,
,,,
,,,
,,,
,,,
,,,
,,,
,,,
,,,
,,,
,,,
,,,
,,,
,,,
,,,
,,,
,,,
,,,
,,,
,,,
,,,
,,,
,,,
,,,
,,,
,,,
,,,
,,,
,,,
,,,
,,,
,,,
,,,
,,,
,,,
,,,
,,,
,,,
,,,
,,,
,,,
,,,
,,,
,,,
,,,
,,,
,,,
,,,
,,,
,,,
,,,
,,,
,,,
,,,
,,,
,,,
,,,
,,,
,,,
,,,
,,,
,,,
,,,
,,,
,,,
,,,
,,,
,,,
,,,
,,,
,,,
,,,
,,,
,,,
,,,
,,,
,,,
,,,
,,,
,,,
,,,
,,,
,,,
,,,
,,,
,,,
,,,
,,,
,,,
,,,
,,,
,,,
,,,
,,,
,,,
,,,
,,,
,,,
,,,
,,,
,,,
,,,
,,,
,,,
,,,
,,,
,,,
,,,
,,,
,,,
,,,
,,,
,,,
,,,
,,,
,,,
,,,
,,,
,,,
,,,
,,,
,,,
,,,
,,,
,,,
,,,
,,,
,,,
,,,
,,,
,,,
,,,
,,,
,,,
,,,
,,,
,,,
,,,
,,,
,,,
,,,
,,,
,,,
,,,
,,,
,,,
,,,
,,,
,,,
,,,
,,,
,,,
,,,
,,,
,,,
,,,
,,,
,,,
,,,
,,,
,,,
,,,
,,,
,,,
,,,
,,,
,,,
,,,
,,,
,,,
,,,
,,,
,,,
,,,
,,,
,,,
,,,
,,,
,,,
,,,
,,,
,,,
,,,
,,,
,,,
,,,
,,,
,,,
,,,
,,,
,,,
,,,
,,,
,,,
,,,
,,,
,,,
,,,
,,,
,,,
,,,
,,,
,,,
,,,
,,,
,,,
,,,
,,,
,,,
,,,
,,,
,,,
,,,
,,,
,,,
,,,
,,,
,,,
,,,
,,,
,,,
,,,
,,,
,,,
,,,
,,,
,,,
,,,
,,,
,,,
,,,
,,,
,,,
,,,
,,,
,,,
,,,
,,,
,,,
,,,
,,,
,,,
,,,
,,,
,,,
,,,
,,,
,,,
,,,
,,,
,,,
,,,
,,,
,,,
,,,
,,,
,,,
,,,
,,,
,,,
,,,
,,,
,,,
,,,
,,,
,,,
,,,
,,,
,,,
,,,
,,,
,,,
,,,
,,,
,,,
,,,
,,,
,,,
,,,
,,,
,,,
,,,
,,,
,,,
,,,
,,,
,,,
,,,
,,,
,,,
,,,
,,,
,,,
,,,
,,,
,,,
,,,
,,,
,,,
,,,
,,,
,,,
,,,
,,,
,,,
,,,
,,,
,,,
,,,
,,,
,,,
,,,
,,,
,,,
,,,
,,,
,,,
,,,
,,,
,,,
,,,
,,,
,,,
,,,
,,,
,,,
,,,
,,,
,,,
,,,
,,,
,,,
,,,
,,,
,,,
,,,
,,,
,,,
,,,
,,,
,,,
,,,
,,,
,,,
,,,
,,,
,,,
,,,
,,,
,,,
,,,
,,,
,,,
,,,
,,,
,,,
,,,
,,,
,,,
,,,
,,,
,,,
,,,
,,,
,,,
,,,
,,,
,,,
,,,
,,,
,,,
,,,
,,,
,,,
,,,
,,,
,,,
,,,
,,,
,,,
,,,
,,,
,,,
,,,
,,,
,,,
,,,
,,,
,,,
,,,
,,,
,,,
,,,
,,,
,,,
,,,
,,,
,,,
,,,
,,,
,,,
,,,
,,,
,,,
,,,
,,,
,,,
,,,
,,,
,,,
,,,
,,,
,,,
,,,
,,,
,,,
,,,
,,,
,,,
,,,
,,,
,,,
,,,
,,,
,,,
,,,
,,,
,,,
,,,
,,,
,,,
,,,
,,,
,,,
,,,
,,,
,,,
,,,
,,,
,,,
,,,
,,,
,,,
,,,
,,,
,,,
,,,
,,,
,,,
,,,
,,,
,,,
,,,
,,,
,,,
,,,
,,,
,,,
,,,
,,,
,,,
,,,
,,,
,,,
,,,
,,,
,,,
,,,
,,,
,,,
,,,
,,,
,,,
,,,
,,,
,,,
,,,
,,,
,,,
,,,
,,,
,,,
,,,
,,,
,,,
,,,
,,,
,,,
,,,
,,,
,,,
,,,
,,,
,,,
,,,
,,,
,,,
,,,
,,,
,,,
,,,
,,,
,,,
,,,
,,,
,,,
,,,
,,,
,,,
,,,
,,,
,,,
,,,
,,,
,,,
,,,
,,,
,,,
,,,
,,,
,,,
,,,
,,,
,,,
,,,
,,,
,,,
,,,
,,,
,,,
,,,
,,,
,,,
,,,
,,,
,,,
,,,
,,,
,,,
,,,
,,,
,,,
,,,
,,,
,,,
,,,
,,,
,,,
,,,
,,,
,,,
,,,
,,,
,,,
,,,
,,,
,,,
,,,
,,,
,,,
,,,
,,,
,,,
,,,
,,,
,,,
,,,
,,,
,,,
,,,
,,,
,,,
,,,
,,,
,,,
,,,
,,,
,,,
,,,
,,,
,,,
,,,
,,,
,,,
,,,
,,,
,,,
,,,
,,,
,,,
,,,
,,,
,,,
,,,
,,,
,,,
,,,
,,,
,,,
,,,
,,,
,,,
,,,
,,,
,,,
,,,
,,,
,,,
,,,
,,,
,,,
,,,
,,,
,,,
,,,
,,,
,,,
,,,
,,,
,,,
,,,
,,,
,,,
,,,
,,,
,,,
,,,
,,,
,,,
,,,
,,,
,,,
,,,
,,,
,,,
,,,
,,,
,,,
,,,
,,,
,,,
,,,
,,,
,,,
,,,
,,,
,,,
,,,
,,,
,,,
,,,
,,,
,,,
,,,
,,,
,,,
,,,
,,,
,,,
,,,
,,,
,,,
,,,
,,,
,,,
,,,
,,,
,,,
,,,
,,,
,,,
,,,
,,,
,,,
,,,
,,,
,,,
,,,
,,,
,,,
,,,
,,,
,,,
,,,
,,,
,,,
,,,
,,,
,,,
,,,
,,,
,,,
,,,
,,,
,,,
,,,
,,,
,,,
,,,
,,,
,,,
,,,
,,,
,,,
,,,
,,,
,,,
,,,
,,,
,,,
,,,
,,,
,,,
,,,
,,,
,,,
,,,
,,,
,,,
,,,
,,,
,,,
,,,
,,,
,,,
,,,
,,,
,,,
,,,
,,,
,,,
,,,
,,,
,,,
,,,
,,,
,,,
,,,
,,,
,,,
,,,
,,,
,,,
,,,
,,,
,,,
,,,
,,,
,,,
,,,
,,,
,,,
,,,
,,,
,,,
,,,
,,,
,,,
,,,
,,,
,,,
,,,
,,,
,,,
,,,
,,,
,,,
,,,
,,,
,,,
,,,
,,,
,,,
,,,
,,,
,,,
,,,
,,,
,,,
,,,
,,,
,,,
,,,
,,,
,,,
,,,
,,,
,,,
,,,
,,,
,,,
,,,
,,,
,,,
,,,
,,,
,,,
,,,
,,,
,,,
,,,
,,,
,,,
,,,
,,,
,,,
,,,
,,,
,,,
,,,
,,,
,,,
,,,
,,,
,,,
,,,
,,,
,,,
,,,
,,,
,,,
,,,
,,,
,,,
,,,
,,,
,,,
,,,
,,,
,,,
,,,
,,,
,,,
,,,
,,,
,,,
,,,
,,,
,,,
,,,
,,,
,,,
,,,
,,,
,,,
,,,
,,,
,,,
,,,
,,,
,,,
,,,
,,,
,,,
,,,
,,,
,,,
,,,
,,,
,,,
,,,
,,,
,,,
,,,
,,,
,,,
,,,
,,,
,,,
,,,
,,,
,,,
,,,
,,,
,,,
,,,
,,,
,,,
,,,
,,,
,,,
,,,
,,,
,,,
,,,
,,,
,,,
,,,
,,,
,,,
,,,
,,,
,,,
,,,
,,,
,,,
,,,
,,,
,,,
,,,
,,,
,,,
,,,
,,,
,,,
,,,
,,,
,,,
,,,
,,,
,,,
,,,
,,,
,,,
,,,
,,,
,,,
,,,
,,,
,,,
,,,
,,,
,,,
,,,
,,,
,,,
,,,
,,,
,,,
,,,
,,,
,,,
,,,
,,,
,,,
,,,
,,,
,,,
,,,
,,,
,,,
,,,
,,,
,,,
,,,
,,,
,,,
,,,
,,,
,,,
,,,
,,,
,,,
,,,
,,,
,,,
,,,
,,,
,,,
,,,
,,,
,,,
,,,
,,,
,,,
,,,
,,,
,,,
,,,
,,,
,,,
,,,
,,,
,,,
,,,
,,,
,,,
,,,
,,,
,,,
,,,
,,,
,,,
,,,
,,,
,,,
,,,
,,,
,,,
,,,
,,,
,,,
,,,
,,,
,,,
,,,
,,,
,,,
,,,
,,,
,,,
,,,
,,,
,,,
,,,
,,,
,,,
,,,
,,,
,,,
,,,
,,,
,,,
,,,
,,,
,,,
,,,
,,,
,,,
,,,
,,,
,,,
,,,
,,,
,,,
,,,
,,,
,,,
,,,
,,,
,,,
,,,
,,,
,,,
,,,
,,,
,,,
,,,
,,,
,,,
,,,
,,,
,,,
,,,
,,,
,,,
,,,
,,,
,,,
,,,
,,,
,,,
,,,
,,,
,,,
,,,
,,,
,,,
,,,
,,,
,,,
,,,
,,,
,,,
,,,
,,,
,,,
,,,
,,,
,,,
,,,
,,,
,,,
,,,
,,,
,,,
,,,
,,,
,,,
,,,
,,,
,,,
,,,
,,,
,,,
,,,
,,,
,,,
,,,
,,,
,,,
,,,
,,,
,,,
,,,
,,,
,,,
,,,
,,,
,,,
,,,
,,,
,,,
,,,
,,,
,,,
,,,
,,,
,,,
,,,
,,,
,,,
,,,
,,,
,,,
,,,
,,,
,,,
,,,
,,,
,,,
,,,
,,,
,,,
,,,
,,,
,,,
,,,
,,,
,,,
,,,
,,,
,,,
,,,
,,,
,,,
,,,
,,,
,,,
,,,
,,,
,,,
,,,
,,,
,,,
,,,
,,,
,,,
,,,
,,,
,,,
,,,
,,,
,,,
,,,
,,,
,,,
,,,
,,,
,,,
,,,
,,,
,,,
,,,
,,,
,,,
,,,
,,,
,,,
,,,
,,,
,,,
,,,
,,,
,,,
,,,
,,,
,,,
,,,
,,,
,,,
,,,
,,,
,,,
,,,
,,,
,,,
,,,
,,,
,,,
,,,
,,,
,,,
,,,
,,,
,,,
,,,
,,,
,,,
,,,
,,,
,,,
,,,
,,,
,,,
,,,
,,,
,,,
,,,
,,,
,,,
,,,
,,,
,,,
,,,
,,,
,,,
,,,
,,,
,,,
,,,
,,,
,,,
,,,
,,,
,,,
,,,
,,,
,,,
,,,
,,,
,,,
,,,
,,,
,,,
,,,
,,,
,,,
,,,
,,,
,,,
,,,
,,,
,,,
,,,
,,,
,,,
,,,
,,,
,,,
,,,
,,,
,,,
,,,
,,,
,,,
,,,
,,,
,,,
,,,
,,,
,,,
,,,
,,,
,,,
,,,
,,,
,,,
,,,
,,,
,,,
,,,
,,,
,,,
,,,
,,,
,,,
,,,
,,,
,,,
,,,
,,,
,,,
,,,
,,,
,,,
,,,
,,,
,,,
,,,
,,,
,,,
,,,
,,,
,,,
,,,
,,,
,,,
,,,
,,,
,,,
,,,
,,,
,,,
,,,
,,,
,,,
,,,
,,,
,,,
,,,
,,,
,,,
,,,
,,,
,,,
,,,
,,,
,,,
,,,
,,,
,,,
,,,
,,,
,,,
,,,
,,,
,,,
,,,
,,,
,,,
,,,
,,,
,,,
,,,
,,,
,,,
,,,
,,,
,,,
,,,
,,,
,,,
,,,
,,,
,,,
,,,
,,,
,,,
,,,
,,,
,,,
,,,
,,,
,,,
,,,
,,,
,,,
,,,
,,,
,,,
,,,
,,,
,,,
,,,
,,,
,,,
,,,
,,,
,,,
,,,
,,,
,,,
,,,
,,,
,,,
,,,
,,,
,,,
,,,
,,,
,,,
,,,
,,,
,,,
,,,
,,,
,,,
,,,
,,,
,,,
,,,
,,,
,,,
,,,
,,,
,,,
,,,
,,,
,,,
,,,
,,,
,,,
,,,
,,,
,,,
,,,
,,,
,,,
,,,
,,,
,,,
,,,
,,,
,,,
,,,
,,,
,,,
,,,
,,,
,,,
,,,
,,,
,,,
,,,
,,,
,,,
,,,
,,,
,,,
,,,
,,,
,,,
,,,
,,,
,,,
,,,
,,,
,,,
,,,
,,,
,,,
,,,
,,,
,,,
,,,
,,,
,,,
,,,
,,,
,,,
,,,
,,,
,,,
,,,
,,,
,,,
,,,
,,,
,,,
,,,
,,,
,,,
,,,
,,,
,,,
,,,
,,,
,,,
,,,
,,,
,,,
,,,
,,,
,,,
,,,
,,,
,,,
,,,
,,,
,,,
,,,
,,,
,,,
,,,
,,,
,,,
,,,
,,,
,,,
,,,
,,,
,,,
,,,
,,,
,,,
,,,
,,,
,,,
,,,
,,,
,,,
,,,
,,,
,,,
,,,
,,,
,,,
,,,
,,,
,,,
,,,
,,,
,,,
,,,
,,,
,,,
,,,
,,,
,,,
,,,
,,,
,,,
,,,
,,,
,,,
,,,
,,,
,,,
,,,
,,,
,,,
,,,
,,,
,,,
,,,
,,,
,,,
,,,
,,,
,,,
,,,
,,,
,,,
,,,
,,,
,,,
,,,
,,,
,,,
,,,
,,,
,,,
,,,
,,,
,,,
,,,
,,,
,,,
,,,
,,,
,,,
,,,
,,,
,,,
,,,
,,,
,,,
,,,
,,,
,,,
,,,
,,,
,,,
,,,
,,,
,,,
,,,
,,,
,,,
,,,
,,,
,,,
,,,
,,,
,,,
,,,
,,,
,,,
,,,
,,,
,,,
,,,
,,,
,,,
,,,
,,,
,,,
,,,
,,,
,,,
,,,
,,,
,,,
,,,
,,,
,,,
,,,
,,,
,,,
,,,
,,,
,,,
,,,
,,,
,,,
,,,
,,,
,,,
,,,
,,,
,,,
,,,
,,,
,,,
,,,
,,,
,,,
,,,
,,,
,,,
,,,
,,,
,,,
,,,
,,,
,,,
,,,
,,,
,,,
,,,
,,,
,,,
,,,
,,,
,,,
,,,
,,,
,,,
,,,
,,,
,,,
,,,
,,,
,,,
,,,
,,,
,,,
,,,
,,,
,,,
,,,
,,,
,,,
,,,
,,,
,,,
,,,
,,,
,,,
,,,
,,,
,,,
,,,
,,,
,,,
,,,
,,,
,,,
,,,
,,,
,,,
,,,
,,,
,,,
,,,
,,,
,,,
,,,
,,,
,,,
,,,
,,,
,,,
,,,
,,,
,,,
,,,
,,,
,,,
,,,
,,,
,,,
,,,
,,,
,,,
,,,
,,,
,,,
,,,
,,,
,,,
,,,
,,,
,,,
,,,
,,,
,,,
,,,
,,,
,,,
,,,
,,,
,,,
,,,
,,,
,,,
,,,
,,,
,,,
,,,
,,,
,,,
,,,
,,,
,,,
,,,
,,,
,,,
,,,
,,,
,,,
,,,
,,,
,,,
,,,
,,,
,,,
,,,
,,,
,,,
,,,
,,,
,,,
,,,
,,,
,,,
,,,
,,,
,,,
,,,
,,,
,,,
,,,
,,,
,,,
,,,
,,,
,,,
,,,
,,,
,,,
,,,
,,,
,,,
,,,
,,,
,,,
,,,
,,,
,,,
,,,
,,,
,,,
,,,
,,,
,,,
,,,
,,,
,,,
,,,
,,,
,,,
,,,
,,,
,,,
,,,
,,,
,,,
,,,
,,,
,,,
,,,
,,,
,,,
,,,
,,,
,,,
,,,
,,,
,,,
,,,
,,,
,,,
,,,
,,,
,,,
,,,
,,,
,,,
,,,
,,,
,,,
,,,
,,,
,,,
,,,
,,,
,,,
,,,
,,,
,,,
,,,
,,,
,,,
,,,
,,,
,,,
,,,
,,,
,,,
,,,
,,,
,,,
,,,
,,,
,,,
,,,
,,,
,,,
,,,
,,,
,,,
,,,
,,,
,,,
,,,
,,,
,,,
,,,
,,,
,,,
,,,
,,,
,,,
,,,
,,,
,,,
,,,
,,,
,,,
,,,
,,,
,,,
,,,
,,,
,,,
,,,
,,,
,,,
,,,
,,,
,,,
,,,
,,,
,,,
,,,
,,,
,,,
,,,
,,,
,,,
,,,
,,,
,,,
,,,
,,,
,,,
,,,
,,,
,,,
,,,
,,,
,,,
,,,
,,,
,,,
,,,
,,,
,,,
,,,
,,,
,,,
,,,
,,,
,,,
,,,
,,,
,,,
,,,
,,,
,,,
,,,
,,,
,,,
,,,
,,,
,,,
,,,
,,,
,,,
,,,
,,,
,,,
,,,
,,,
,,,
,,,
,,,
,,,
,,,
,,,
,,,
,,,
,,,
,,,
,,,
,,,
,,,
,,,
,,,
,,,
,,,
,,,
,,,
,,,
,,,
,,,
,,,
,,,
,,,
,,,
,,,
,,,
,,,
,,,
,,,
,,,
,,,
,,,
,,,
,,,
,,,
,,,
,,,
,,,
,,,
,,,
,,,
,,,
,,,
,,,
,,,
,,,
,,,
,,,
,,,
,,,
,,,
,,,
,,,
,,,
,,,
,,,
,,,
,,,
,,,
,,,
,,,
,,,
,,,
,,,
,,,
,,,
,,,
,,,
,,,
,,,
,,,
,,,
,,,
,,,
,,,
,,,
,,,
,,,
,,,
,,,
,,,
,,,
,,,
,,,
,,,
,,,
,,,
,,,
,,,
,,,
,,,
,,,
,,,
,,,
,,,
,,,
,,,
,,,
,,,
,,,
,,,
,,,
,,,
,,,
,,,
,,,
,,,
,,,
,,,
,,,
,,,
,,,
,,,
,,,
,,,
,,,
,,,
,,,
,,,
,,,
,,,
,,,
,,,
,,,
,,,
,,,
,,,
,,,
,,,
,,,
,,,
,,,
,,,
,,,
,,,
,,,
,,,
,,,
,,,
,,,
,,,
,,,
,,,
,,,
,,,
,,,
,,,
,,,
,,,
,,,
,,,
,,,
,,,
,,,
,,,
,,,
,,,
,,,
,,,
,,,
,,,
,,,
,,,
,,,
,,,
,,,
,,,
,,,
,,,
,,,
,,,
,,,
,,,
,,,
,,,
,,,
,,,
,,,
,,,
,,,
,,,
,,,
,,,
,,,
,,,
,,,
,,,
,,,
,,,
,,,
,,,
,,,
,,,
,,,
,,,
,,,
,,,
,,,
,,,
,,,
,,,
,,,
,,,
,,,
,,,
,,,
,,,
,,,
,,,
,,,
,,,
,,,
,,,
,,,
,,,
,,,
,,,
,,,
,,,
,,,
,,,
,,,
,,,
,,,
,,,
,,,
,,,
,,,
,,,
,,,
,,,
,,,
,,,
,,,
,,,
,,,
,,,
,,,
,,,
,,,
,,,
,,,
,,,
,,,
,,,
,,,
,,,
,,,
,,,
,,,
,,,
,,,
,,,
,,,
,,,
,,,
,,,
,,,
,,,
,,,
,,,
,,,
,,,
,,,
,,,
,,,
,,,
,,,
,,,
,,,
,,,
,,,
,,,
,,,
,,,
,,,
,,,
,,,
,,,
,,,
,,,
,,,
,,,
,,,
,,,
,,,
,,,
,,,
,,,
,,,
,,,
,,,
,,,
,,,
,,,
,,,
,,,
,,,
,,,
,,,
,,,
,,,
,,,
,,,
,,,
,,,
,,,
,,,
,,,
,,,
,,,
,,,
,,,
,,,
,,,
,,,
,,,
,,,
,,,
,,,
,,,
,,,
,,,
,,,
,,,
,,,
,,,
,,,
,,,
,,,
,,,
,,,
,,,
,,,
,,,
,,,
,,,
,,,
,,,
,,,
,,,
,,,
,,,
,,,
,,,
,,,
,,,
,,,
,,,
,,,
,,,
,,,
,,,
,,,
,,,
,,,
,,,
,,,
,,,
,,,
,,,
,,,
,,,
,,,
,,,
,,,
,,,
,,,
,,,
,,,
,,,
,,,
,,,
,,,
,,,
,,,
,,,
,,,
,,,
,,,
,,,
,,,
,,,
,,,
,,,
,,,
,,,
,,,
,,,
,,,
,,,
,,,
,,,
,,,
,,,
,,,
,,,
,,,
,,,
,,,
,,,
,,,
,,,
,,,
,,,
,,,
,,,
,,,
,,,
,,,
,,,
,,,
,,,
,,,
,,,
,,,
,,,
,,,
,,,
,,,
,,,
,,,
,,,
,,,
,,,
,,,
,,,
,,,
,,,
,,,
,,,
,,,
,,,
,,,
,,,
,,,
,,,
,,,
,,,
,,,
,,,
,,,
,,,
,,,
,,,
,,,
,,,
,,,
,,,
,,,
,,,
,,,
,,,
,,,
,,,
,,,
,,,
,,,
,,,
,,,
,,,
,,,
,,,
,,,
,,,
,,,
,,,
,,,
,,,
,,,
,,,
,,,
,,,
,,,
,,,
,,,
,,,
,,,
,,,
,,,
,,,
,,,
,,,
,,,
,,,
,,,
,,,
,,,
,,,
,,,
,,,
,,,
,,,
,,,
,,,
,,,
,,,
,,,
,,,
,,,
,,,
,,,
,,,
,,,
,,,
,,,
,,,
,,,
,,,
,,,
,,,
,,,
,,,
,,,
,,,
,,,
,,,
,,,
,,,
,,,
,,,
,,,
,,,
,,,
,,,
,,,
,,,
,,,
,,,
,,,
,,,
,,,
,,,
,,,
,,,
,,,
,,,
,,,
,,,
,,,
,,,
,,,
,,,
,,,
,,,
,,,
,,,
,,,
,,,
,,,
,,,
,,,
,,,
,,,
,,,
,,,
,,,
,,,
,,,
,,,
,,,
,,,
,,,
,,,
,,,
,,,
,,,
,,,
,,,
,,,
,,,
,,,
,,,
,,,
,,,
,,,
,,,
,,,
,,,
,,,
,,,
,,,
,,,
,,,
,,,
,,,
,,,
,,,
,,,
,,,
,,,
,,,
,,,
,,,
,,,
,,,
,,,
,,,
,,,
,,,
,,,
,,,
,,,
,,,
,,,
,,,
,,,
,,,
,,,
,,,
,,,
,,,
,,,
,,,
,,,
,,,
,,,
,,,
,,,
,,,
,,,
,,,
,,,
,,,
,,,
,,,
,,,
,,,
,,,
,,,
,,,
,,,
,,,
,,,
,,,
,,,
,,,
,,,
,,,
,,,
,,,
,,,
,,,
,,,
,,,
,,,
,,,
,,,
,,,
,,,
,,,
,,,
,,,
,,,
,,,
,,,
,,,
,,,
,,,
,,,
,,,
,,,
,,,
,,,
,,,
,,,
,,,
,,,
,,,
,,,
,,,
,,,
,,,
,,,
,,,
,,,
,,,
,,,
,,,
,,,
,,,
,,,
,,,
,,,
,,,
,,,
,,,
,,,
,,,
,,,
,,,
,,,
,,,
,,,
,,,
,,,
,,,
,,,
,,,
,,,
,,,
,,,
,,,
,,,
,,,
,,,
,,,
,,,
,,,
,,,
,,,
,,,
,,,
,,,
,,,
,,,
,,,
,,,
,,,
,,,
,,,
,,,
,,,
,,,
,,,
,,,
,,,
,,,
,,,
,,,
,,,
,,,
,,,
,,,
,,,
,,,
,,,
,,,
,,,
,,,
,,,
,,,
,,,
,,,
,,,
,,,
,,,
,,,
,,,
,,,
,,,
,,,
,,,
,,,
,,,
,,,
,,,
,,,
,,,
,,,
,,,
,,,
,,,
,,,
,,,
,,,
,,,
,,,
,,,
,,,
,,,
,,,
,,,
,,,
,,,
,,,
,,,
,,,
,,,
,,,
,,,
,,,
,,,
,,,
,,,
,,,
,,,
,,,
,,,
,,,
,,,
,,,
,,,
,,,
,,,
,,,
,,,
,,,
,,,
,,,
,,,
,,,
,,,
,,,
,,,
,,,
,,,
,,,
,,,
,,,
,,,
,,,
,,,
,,,
,,,
,,,
,,,
,,,
,,,
,,,
,,,
,,,
,,,
,,,
,,,
,,,
,,,
,,,
,,,
,,,
,,,
,,,
,,,
,,,
,,,
,,,
,,,
,,,
,,,
,,,
,,,
,,,
,,,
,,,
,,,
,,,
,,,
,,,
,,,
,,,
,,,
,,,
,,,
,,,
,,,
,,,
,,,
,,,
,,,
,,,
,,,
,,,
,,,
,,,
,,,
,,,
,,,
,,,
,,,
,,,
,,,
,,,
,,,
,,,
,,,
,,,
,,,
,,,
,,,
,,,
,,,
,,,
,,,
,,,
,,,
,,,
,,,
,,,
,,,
,,,
,,,
,,,
,,,
,,,
,,,
,,,
,,,
,,,
,,,
,,,
,,,
,,,
,,,
,,,
,,,
,,,
,,,
,,,
,,,
,,,
,,,
,,,
,,,
,,,
,,,
,,,
,,,
,,,
,,,
,,,
,,,
,,,
,,,
,,,
,,,
,,,
,,,
,,,
,,,
,,,
,,,
,,,
,,,
,,,
,,,
,,,
,,,
,,,
,,,
,,,
,,,
,,,
,,,
,,,
,,,
,,,
,,,
,,,
,,,
,,,
,,,
,,,
,,,
,,,
,,,
,,,
,,,
,,,
,,,
,,,
,,,
,,,
,,,
,,,
,,,
,,,
,,,
,,,
,,,
,,,
,,,
,,,
,,,
,,,
,,,
,,,
,,,
,,,
,,,
,,,
,,,
,,,
,,,
,,,
,,,
,,,
,,,
,,,
,,,
,,,
,,,
,,,
,,,
,,,
,,,
,,,
,,,
,,,
,,,
,,,
,,,
,,,
,,,
,,,
,,,
,,,
,,,
,,,
,,,
,,,
,,,
,,,
,,,
,,,
,,,
,,,
,,,
,,,
,,,
,,,
,,,
,,,
,,,
,,,
,,,
,,,
,,,
,,,
,,,
,,,
,,,
,,,
,,,
,,,
,,,
,,,
,,,
,,,
,,,
,,,
,,,
,,,
,,,
,,,
,,,
,,,
,,,
,,,
,,,
,,,
,,,
,,,
,,,
,,,
,,,
,,,
,,,
,,,
,,,
,,,
,,,
,,,
,,,
,,,
,,,
,,,
,,,
,,,
,,,
,,,
,,,
,,,
,,,
,,,
,,,
,,,
,,,
,,,
,,,
,,,
,,,
,,,
,,,
,,,
,,,
,,,
,,,
,,,
,,,
,,,
,,,
,,,
,,,
,,,
,,,
,,,
,,,
,,,
,,,
,,,
,,,
,,,
,,,
,,,
,,,
,,,
,,,
,,,
,,,
,,,
,,,
,,,
,,,
,,,
,,,
,,,
,,,
,,,
,,,
,,,
,,,
,,,
,,,
,,,
,,,
,,,
,,,
,,,
,,,
,,,
,,,
,,,
,,,
,,,
,,,
,,,
,,,
,,,
,,,
,,,
,,,
,,,
,,,
,,,
,,,
,,,
,,,
,,,
,,,
,,,
,,,
,,,
,,,
,,,
,,,
,,,
,,,
,,,
,,,
,,,
,,,
,,,
,,,
,,,
,,,
,,,
,,,
,,,
,,,
,,,
,,,
,,,
,,,
,,,
,,,
,,,
,,,
,,,
,,,
,,,
,,,
,,,
,,,
,,,
,,,
,,,
,,,
,,,
,,,
,,,
,,,
,,,
,,,
,,,
,,,
,,,
,,,
,,,
,,,
,,,
,,,
,,,
,,,
,,,
,,,
,,,
,,,
,,,
,,,
,,,
,,,
,,,
,,,
,,,
,,,
,,,
,,,
,,,
,,,
,,,
,,,
,,,
,,,
,,,
,,,
,,,
,,,
,,,
,,,
,,,
,,,
,,,
,,,
,,,
,,,
,,,
,,,
,,,
,,,
,,,
,,,
,,,
,,,
,,,
,,,
,,,
,,,
,,,
,,,
,,,
,,,
,,,
,,,
,,,
,,,
,,,
,,,
,,,
,,,
,,,
,,,
,,,
,,,
,,,
,,,
,,,
,,,
,,,
,,,
,,,
,,,
,,,
,,,
,,,
,,,
,,,
,,,
,,,
,,,
,,,
,,,
,,,
,,,
,,,
,,,
,,,
,,,
,,,
,,,
,,,
,,,
,,,
,,,
,,,
,,,
,,,
,,,
,,,
,,,
,,,
,,,
,,,
,,,
,,,
,,,
,,,
,,,
,,,
,,,
,,,
,,,
,,,
,,,
,,,
,,,
,,,
,,,
,,,
,,,
,,,
,,,
,,,
,,,
,,,
,,,
,,,
,,,
,,,
,,,
,,,
,,,
,,,
,,,
,,,
,,,
,,,
,,,
,,,
,,,
,,,
,,,
,,,
,,,
,,,
,,,
,,,
,,,
,,,
,,,
,,,
,,,
,,,
,,,
,,,
,,,
,,,
,,,
,,,
,,,
,,,
,,,
,,,
,,,
,,,
,,,
,,,
,,,
,,,
,,,
,,,
,,,
,,,
,,,
,,,
,,,
,,,
,,,
,,,
,,,
,,,
,,,
,,,
,,,
,,,
,,,
,,,
,,,
,,,
,,,
,,,
,,,
,,,
,,,
,,,
,,,
,,,
,,,
,,,
,,,
,,,
,,,
,,,
,,,
,,,
,,,
,,,
,,,
,,,
,,,
,,,
,,,
,,,
,,,
,,,
,,,
,,,
,,,
,,,
,,,
,,,
,,,
,,,
,,,
,,,
,,,
,,,
,,,
,,,
,,,
,,,
,,,
,,,
,,,
,,,
,,,
,,,
,,,
,,,
,,,
,,,
,,,
,,,
,,,
,,,
,,,
,,,
,,,
,,,
,,,
,,,
,,,
,,,
,,,
,,,
,,,
,,,
,,,
,,,
,,,
,,,
,,,
,,,
,,,
,,,
,,,
,,,
,,,
,,,
,,,
,,,
,,,
,,,
,,,
,,,
,,,
,,,
,,,
,,,
,,,
,,,
,,,
,,,
,,,
,,,
,,,
,,,
,,,
,,,
,,,
,,,
,,,
,,,
,,,
,,,
,,,
,,,
,,,
,,,
,,,
,,,
,,,
,,,
,,,
,,,
,,,
,,,
,,,
,,,
,,,
,,,
,,,
,,,
,,,
,,,
,,,
,,,
,,,
,,,
,,,
,,,
,,,
,,,
,,,
,,,
,,,
,,,
,,,
,,,
,,,
,,,
,,,
,,,
,,,
,,,
,,,
,,,
,,,
,,,
,,,
,,,
,,,
,,,
,,,
,,,
,,,
,,,
,,,
,,,
,,,
,,,
,,,
,,,
,,,
,,,
,,,
,,,
,,,
,,,
,,,
,,,
,,,
,,,
,,,
,,,
,,,
,,,
,,,
,,,
,,,
,,,
,,,
,,,
,,,
,,,
,,,
,,,
,,,
,,,
,,,
,,,
,,,
,,,
,,,
,,,
,,,
,,,
,,,
,,,
,,,
,,,
,,,
,,,
,,,
,,,
,,,
,,,
,,,
,,,
,,,
,,,
,,,
,,,
,,,
,,,
,,,
,,,
,,,
,,,
,,,
,,,
,,,
,,,
,,,
,,,
,,,
,,,
,,,
,,,
,,,
,,,
,,,
,,,
,,,
,,,
,,,
,,,
,,,
,,,
,,,
,,,
,,,
,,,
,,,
,,,
,,,
,,,
,,,
,,,
,,,
,,,
,,,
,,,
,,,
,,,
,,,
,,,
,,,
,,,
,,,
,,,
,,,
,,,
,,,
,,,
,,,
,,,
,,,
,,,
,,,
,,,
,,,
,,,
,,,
,,,
,,,
,,,
,,,
,,,
,,,
,,,
,,,
,,,
,,,
,,,
,,,
,,,
,,,
,,,
,,,
,,,
,,,
,,,
,,,
,,,
,,,
,,,
,,,
,,,
,,,
,,,
,,,
,,,
,,,
,,,
,,,
,,,
,,,
,,,
,,,
,,,
,,,
,,,
,,,
,,,
,,,
,,,
,,,
,,,
,,,
,,,
,,,
,,,
,,,
,,,
,,,
,,,
,,,
,,,
,,,
,,,
,,,
,,,
,,,
,,,
,,,
,,,
,,,
,,,
,,,
,,,
,,,
,,,
,,,
,,,
,,,
,,,
,,,
,,,
,,,
,,,
,,,
,,,
,,,
,,,
,,,
,,,
,,,
,,,
,,,
,,,
,,,
,,,
,,,
,,,
,,,
,,,
,,,
,,,
,,,
,,,
,,,
,,,
,,,
,,,
,,,
,,,
,,,
,,,
,,,
,,,
,,,
,,,
,,,
,,,
,,,
,,,
,,,
,,,
,,,
,,,
,,,
,,,
,,,
,,,
,,,
,,,
,,,
,,,
,,,
,,,
,,,
,,,
,,,
,,,
,,,
,,,
,,,
,,,
,,,
,,,
,,,
,,,
,,,
,,,
,,,
,,,
,,,
,,,
,,,
,,,
,,,
,,,
,,,
,,,
,,,
,,,
,,,
,,,
,,,
,,,
,,,
,,,
,,,
,,,
,,,
,,,
,,,
,,,
,,,
,,,
,,,
,,,
,,,
,,,
,,,
,,,
,,,
,,,
,,,
,,,
,,,
,,,
,,,
,,,
,,,
,,,
,,,
,,,
,,,
,,,
,,,
,,,
,,,
,,,
,,,
,,,
,,,
,,,
,,,
,,,
,,,
,,,
,,,
,,,
,,,
,,,
,,,
,,,
,,,
,,,
,,,
,,,
,,,
,,,
,,,
,,,
,,,
,,,
,,,
,,,
,,,
,,,
,,,
,,,
,,,
,,,
,,,
,,,
,,,
,,,
,,,
,,,
,,,
,,,
,,,
,,,
,,,
,,,
,,,
,,,
,,,
,,,
,,,
,,,
,,,
,,,
,,,
,,,
,,,
,,,
,,,
,,,
,,,
,,,
,,,
,,,
,,,
,,,
,,,
,,,
,,,
,,,
,,,
,,,
,,,
,,,
,,,
,,,
,,,
,,,
,,,
,,,
,,,
,,,
,,,
,,,
,,,
,,,
,,,
,,,
,,,
,,,
,,,
,,,
,,,
,,,
,,,
,,,
,,,
,,,
,,,
,,,
,,,
,,,
,,,
,,,
,,,
,,,
,,,
,,,
,,,
,,,
,,,
,,,
,,,
,,,
,,,
,,,
,,,
,,,
,,,
,,,
,,,
,,,
,,,
,,,
,,,
,,,
,,,
,,,
,,,
,,,
,,,
,,,
,,,
,,,
,,,
,,,
,,,
,,,
,,,
,,,
,,,
,,,
,,,
,,,
,,,
,,,
,,,
,,,
,,,
,,,
,,,
,,,
,,,
,,,
,,,
,,,
,,,
,,,
,,,
,,,
,,,
,,,
,,,
,,,
,,,
,,,
,,,
,,,
,,,
,,,
,,,
,,,
,,,
,,,
,,,
,,,
,,,
,,,
,,,
,,,
,,,
,,,
,,,
,,,
,,,
,,,
,,,
,,,
,,,
,,,
,,,
,,,
,,,
,,,
,,,
,,,
,,,
,,,
,,,
,,,
,,,
,,,
,,,
,,,
,,,
,,,
,,,
,,,
,,,
,,,
,,,
,,,
,,,
,,,
,,,
,,,
,,,
,,,
,,,
,,,
,,,
,,,
,,,
,,,
,,,
,,,
,,,
,,,
,,,
,,,
,,,
,,,
,,,
,,,
,,,
,,,
,,,
,,,
,,,
,,,
,,,
,,,
,,,
,,,
,,,
,,,
,,,
,,,
,,,
,,,
,,,
,,,
,,,
,,,
,,,
,,,
,,,
,,,
,,,
,,,
,,,
,,,
,,,
,,,
,,,
,,,
,,,
,,,
,,,
,,,
,,,
,,,
,,,
,,,
,,,
,,,
,,,
,,,
,,,
,,,
,,,
,,,
,,,
,,,
,,,
,,,
,,,
,,,
,,,
,,,
,,,
,,,
,,,
,,,
,,,
,,,
,,,
,,,
,,,
,,,
,,,
,,,
,,,
,,,
,,,
,,,
,,,
,,,
,,,
,,,
,,,
,,,
,,,
,,,
,,,
,,,
,,,
,,,
,,,
,,,
,,,
,,,
,,,
,,,
,,,
,,,
,,,
,,,
,,,
,,,
,,,
,,,
,,,
,,,
,,,
,,,
,,,
,,,
,,,
,,,
,,,
,,,
,,,
,,,
,,,
,,,
,,,
,,,
,,,
,,,
,,,
,,,
,,,
,,,
,,,
,,,
,,,
,,,
,,,
,,,
,,,
,,,
,,,
,,,
,,,
,,,
,,,
,,,
,,,
,,,
,,,
,,,
,,,
,,,
,,,
,,,
,,,
,,,
,,,
,,,
,,,
,,,
,,,
,,,
,,,
,,,
,,,
,,,
,,,
,,,
,,,
,,,
,,,
,,,
,,,
,,,
,,,
,,,
,,,
,,,
,,,
,,,
,,,
,,,
,,,
,,,
,,,
,,,
,,,
,,,
,,,
,,,
,,,
,,,
,,,
,,,
,,,
,,,
,,,
,,,
,,,
,,,
,,,
,,,
,,,
,,,
,,,
,,,
,,,
,,,
,,,
,,,
,,,
,,,
,,,
,,,
,,,
,,,
,,,
,,,
,,,
,,,
,,,
,,,
,,,
,,,
,,,
,,,
,,,
,,,
,,,
,,,
,,,
,,,
,,,
,,,
,,,
,,,
,,,
,,,
,,,
,,,
,,,
,,,
,,,
,,,
,,,
,,,
,,,
,,,
,,,
,,,
,,,
,,,
,,,
,,,
,,,
,,,
,,,
,,,
,,,
,,,
,,,
,,,
,,,
,,,
,,,
,,,
,,,
,,,
,,,
,,,
,,,
,,,
,,,
,,,
,,,
,,,
,,,
,,,
,,,
,,,
,,,
,,,
,,,
,,,
,,,
,,,
,,,
,,,
,,,
,,,
,,,
,,,
,,,
,,,
,,,
,,,
,,,
,,,
,,,
,,,
,,,
,,,
,,,
,,,
,,,
,,,
,,,
,,,
,,,
,,,
,,,
,,,
,,,
,,,
,,,
,,,
,,,
,,,
,,,
,,,
,,,
,,,
,,,
,,,
,,,
,,,
,,,
,,,
,,,
,,,
,,,
,,,
,,,
,,,
,,,
,,,
,,,
,,,
,,,
,,,
,,,
,,,
,,,
,,,
,,,
,,,
,,,
,,,
,,,
,,,
,,,
,,,
,,,
,,,
,,,
,,,
,,,
,,,
,,,
,,,
,,,
,,,
,,,
,,,
,,,
,,,
,,,
,,,
,,,
,,,
,,,
,,,
,,,
,,,
,,,
,,,
,,,
,,,
,,,
,,,
,,,
,,,
,,,
,,,
,,,
,,,
,,,
,,,
,,,
,,,
,,,
,,,
,,,
,,,
,,,
,,,
,,,
,,,
,,,
,,,
,,,
,,,
,,,
,,,
,,,
,,,
,,,
,,,
,,,
,,,
,,,
,,,
,,,
,,,
,,,
,,,
,,,
,,,
,,,
,,,
,,,
,,,
,,,
,,,
,,,
,,,
,,,
,,,
,,,
,,,
,,,
,,,
,,,
,,,
,,,
,,,
,,,
,,,
,,,
,,,
,,,
,,,
,,,
,,,
,,,
,,,
,,,
,,,
,,,
,,,
,,,
,,,
,,,
,,,
,,,
,,,
,,,
,,,
,,,
,,,
,,,
,,,
,,,
,,,
,,,
,,,
,,,
,,,
,,,
,,,
,,,
,,,
,,,
,,,
,,,
,,,
,,,
,,,
,,,
,,,
,,,
,,,
,,,
,,,
,,,
,,,
,,,
,,,
,,,
,,,
,,,
,,,
,,,
,,,
,,,
,,,
,,,
,,,
,,,
,,,
,,,
,,,
,,,
,,,
,,,
,,,
,,,
,,,
,,,
,,,
,,,
,,,
,,,
,,,
,,,
,,,
,,,
,,,
,,,
,,,
,,,
,,,
,,,
,,,
,,,
,,,
,,,
,,,
,,,
,,,
,,,
,,,
,,,
,,,
,,,
,,,
,,,
,,,
,,,
,,,
,,,
,,,
,,,
,,,
,,,
,,,
,,,
,,,
,,,
,,,
,,,
,,,
,,,
,,,
,,,
,,,
,,,
,,,
,,,
,,,
,,,
,,,
,,,
,,,
,,,
,,,
,,,
,,,
,,,
,,,
,,,
,,,
,,,
,,,
,,,
,,,
,,,
,,,
,,,
,,,
,,,
,,,
,,,
,,,
,,,
,,,
,,,
,,,
,,,
,,,
,,,
,,,
,,,
,,,
,,,
,,,
,,,
,,,
,,,
,,,
,,,
,,,
,,,
,,,
,,,
,,,
,,,
,,,
,,,
,,,
,,,
,,,
,,,
,,,
,,,
,,,
,,,
,,,
,,,
,,,
,,,
,,,
,,,
,,,
,,,
,,,
,,,
,,,
,,,
,,,
,,,
,,,
,,,
,,,
,,,
,,,
,,,
,,,
,,,
,,,
,,,
,,,
,,,
,,,
,,,
,,,
,,,
,,,
,,,
,,,
,,,
,,,
,,,
,,,
,,,
,,,
,,,
,,,
,,,
,,,
,,,
,,,
,,,
,,,
,,,
,,,
,,,
,,,
,,,
,,,
,,,
,,,
,,,
,,,
,,,
,,,
,,,
,,,
,,,
,,,
,,,
,,,
,,,
,,,
,,,
,,,
,,,
,,,
,,,
,,,
,,,
,,,
,,,
,,,
,,,
,,,
,,,
,,,
,,,
,,,
,,,
,,,
,,,
,,,
,,,
,,,
,,,
,,,
,,,
,,,
,,,
,,,
,,,
,,,
,,,
,,,
,,,
,,,
,,,
,,,
,,,
,,,
,,,
,,,
,,,
,,,
,,,
,,,
,,,
,,,
,,,
,,,
,,,
,,,
,,,
,,,
,,,
,,,
,,,
,,,
,,,
,,,
,,,
,,,
,,,
,,,
,,,
,,,
,,,
,,,
,,,
,,,
,,,
,,,
,,,
,,,
,,,
,,,
,,,
,,,
,,,
,,,
,,,
,,,
,,,
,,,
,,,
,,,
,,,
,,,
,,,
,,,
,,,
,,,
,,,
,,,
,,,
,,,
,,,
,,,
,,,
,,,
,,,
,,,
,,,
,,,
,,,
,,,
,,,
,,,
,,,
,,,
,,,
,,,
,,,
,,,
,,,
,,,
,,,
,,,
,,,
,,,
,,,
,,,
,,,
,,,
,,,
,,,
,,,
,,,
,,,
,,,
,,,
,,,
,,,
,,,
,,,
,,,
,,,
,,,
,,,
,,,
,,,
,,,
,,,
,,,
,,,
,,,
,,,
,,,
,,,
,,,
,,,
,,,
,,,
,,,
,,,
,,,
,,,
,,,
,,,
,,,
,,,
,,,
,,,
,,,
,,,
,,,
,,,
,,,
,,,
,,,
,,,
,,,
,,,
,,,
,,,
,,,
,,,
,,,
,,,
,,,
,,,
,,,
,,,
,,,
,,,
,,,
,,,
,,,
,,,
,,,
,,,
,,,
,,,
,,,
,,,
,,,
,,,
,,,
,,,
,,,
,,,
,,,
,,,
,,,
,,,
,,,
,,,
,,,
,,,
,,,
,,,
,,,
,,,
,,,
,,,
,,,
,,,
,,,
,,,
,,,
,,,
,,,
,,,
,,,
,,,
,,,
,,,
,,,
,,,
,,,
,,,
,,,
,,,
,,,
,,,
,,,
,,,
,,,
,,,
,,,
,,,
,,,
,,,
,,,
,,,
,,,
,,,
,,,
,,,
,,,
,,,
,,,
,,,
,,,
,,,
,,,
,,,
,,,
,,,
,,,
,,,
,,,
,,,
,,,
,,,
,,,
,,,
,,,
,,,
,,,
,,,
,,,
,,,
,,,
,,,
,,,
,,,
,,,
,,,
,,,
,,,
,,,
,,,
,,,
,,,
,,,
,,,
,,,
,,,
,,,
,,,
,,,
,,,
,,,
,,,
,,,
,,,
,,,
,,,
,,,
,,,
,,,
,,,
,,,
,,,
,,,
,,,
,,,
,,,
,,,
,,,
,,,
,,,
,,,
,,,
,,,
,,,
,,,
,,,
,,,
,,,
,,,
,,,
,,,
,,,
,,,
,,,
,,,
,,,
,,,
,,,
,,,
,,,
,,,
,,,
,,,
,,,
,,,
,,,
,,,
,,,
,,,
,,,
,,,
,,,
,,,
,,,
,,,
,,,
,,,
,,,
,,,
,,,
,,,
,,,
,,,
,,,
,,,
,,,
,,,
,,,
,,,
,,,
,,,
,,,
,,,
,,,
,,,
,,,
,,,
,,,
,,,
,,,
,,,
,,,
,,,
,,,
,,,
,,,
,,,
,,,
,,,
,,,
,,,
,,,
,,,
,,,
,,,
,,,
,,,
,,,
,,,
,,,
,,,
,,,
,,,
,,,
,,,
,,,
,,,
,,,
,,,
,,,
,,,
,,,
,,,
,,,
,,,
,,,
,,,
,,,
,,,
,,,
,,,
,,,
,,,
,,,
,,,
,,,
,,,
,,,
,,,
,,,
,,,
,,,
,,,
,,,
,,,
,,,
,,,
,,,
,,,
,,,
,,,
,,,
,,,
,,,
,,,
,,,
,,,
,,,
,,,
,,,
,,,
,,,
,,,
,,,
,,,
,,,
,,,
,,,
,,,
,,,
,,,
,,,
,,,
,,,
,,,
,,,
,,,
,,,
,,,
,,,
,,,
,,,
,,,
,,,
,,,
,,,
,,,
,,,
,,,
,,,
,,,
,,,
,,,
,,,
,,,
,,,
,,,
,,,
,,,
,,,
,,,
,,,
,,,
,,,
,,,
,,,
,,,
,,,
,,,
,,,
,,,
,,,
,,,
,,,
,,,
,,,
,,,
,,,
,,,
,,,
,,,
,,,
,,,
,,,
,,,
,,,
,,,
,,,
,,,
,,,
,,,
,,,
,,,
,,,
,,,
,,,
,,,
,,,
,,,
,,,
,,,
,,,
,,,
,,,
,,,
,,,
,,,
,,,
,,,
,,,
,,,
,,,
,,,
,,,
,,,
,,,
,,,
,,,
,,,
,,,
,,,
,,,
,,,
,,,
,,,
,,,
,,,
,,,
,,,
,,,
,,,
,,,
,,,
,,,
,,,
,,,
,,,
,,,
,,,
,,,
,,,
,,,
,,,
,,,
,,,
,,,
,,,
,,,
,,,
,,,
,,,
,,,
,,,
,,,
,,,
,,,
,,,
,,,
,,,
,,,
,,,
,,,
,,,
,,,
,,,
,,,
,,,
,,,
,,,
,,,
,,,
,,,
,,,
,,,
,,,
,,,
,,,
,,,
,,,
,,,
,,,
,,,
,,,
,,,
,,,
,,,
,,,
,,,
,,,
,,,
,,,
,,,
,,,
,,,
,,,
,,,
,,,
,,,
,,,
,,,
,,,
,,,
,,,
,,,
,,,
,,,
,,,
,,,
,,,
,,,
,,,
,,,
,,,
,,,
,,,
,,,
,,,
,,,
,,,
,,,
,,,
,,,
,,,
,,,
,,,
,,,
,,,
,,,
,,,
,,,
,,,
,,,
,,,
,,,
,,,
,,,
,,,
,,,
,,,
,,,
,,,
,,,
,,,
,,,
,,,
,,,
,,,
,,,
,,,
,,,
,,,
,,,
,,,
,,,
,,,
,,,
,,,
,,,
,,,
,,,
,,,
,,,
,,,
,,,
,,,
,,,
,,,
,,,
,,,
,,,
,,,
,,,
,,,
,,,
,,,
,,,
,,,
,,,
,,,
,,,
,,,
,,,
,,,
,,,
,,,
,,,
,,,
,,,
,,,
,,,
,,,
,,,
,,,
,,,
,,,
,,,
,,,
,,,
,,,
,,,
,,,
,,,
,,,
,,,
,,,
,,,
,,,
,,,
,,,
,,,
,,,
,,,
,,,
,,,
,,,
,,,
,,,
,,,
,,,
,,,
,,,
,,,
,,,
,,,
,,,
,,,
,,,
,,,
,,,
,,,
,,,
,,,
,,,
,,,
,,,
,,,
,,,
,,,
,,,
,,,
,,,
,,,
,,,
,,,
,,,
,,,
,,,
,,,
,,,
,,,
,,,
,,,
,,,
,,,
,,,
,,,
,,,
,,,
,,,
,,,
,,,
,,,
,,,
,,,
,,,
,,,
,,,
,,,
,,,
,,,
,,,
,,,
,,,
,,,
,,,
,,,
,,,
,,,
,,,
,,,
,,,
,,,
,,,
,,,
,,,
,,,
,,,
,,,
,,,
,,,
,,,
,,,
,,,
,,,
,,,
,,,
,,,
,,,
,,,
,,,
,,,
,,,
,,,
,,,
,,,
,,,
,,,
,,,
,,,
,,,
,,,
,,,
,,,
,,,
,,,
,,,
,,,
,,,
,,,
,,,
,,,
,,,
,,,
,,,
,,,
,,,
,,,
,,,
,,,
,,,
,,,
,,,
,,,
,,,
,,,
,,,
,,,
,,,
,,,
,,,
,,,
,,,
,,,
,,,
,,,
,,,
,,,
,,,
,,,
,,,
,,,
,,,
,,,
,,,
,,,
,,,
,,,
,,,
,,,
,,,
,,,
,,,
,,,
,,,
,,,
,,,
,,,
,,,
,,,
,,,
,,,
,,,
,,,
,,,
,,,
,,,
,,,
,,,
,,,
,,,
,,,
,,,
,,,
,,,
,,,
,,,
,,,
,,,
,,,
,,,
,,,
,,,
,,,
,,,
,,,
,,,
,,,
,,,
,,,
,,,
,,,
,,,
,,,
,,,
,,,
,,,
,,,
,,,
,,,
,,,
,,,
,,,
,,,
,,,
,,,
,,,
,,,
,,,
,,,
,,,
,,,
,,,
,,,
,,,
,,,
,,,
,,,
,,,
,,,
,,,
,,,
,,,
,,,
,,,
,,,
,,,
,,,
,,,
,,,
,,,
,,,
,,,
,,,
,,,
,,,
,,,
,,,
,,,
,,,
,,,
,,,
,,,
,,,
,,,
,,,
,,,
,,,
,,,
,,,
,,,
,,,
,,,
,,,
,,,
,,,
,,,
,,,
,,,
,,,
,,,
,,,
,,,
,,,
,,,
,,,
,,,
,,,
,,,
,,,
,,,
,,,
,,,
,,,
,,,
,,,
,,,
,,,
,,,
,,,
,,,
,,,
,,,
,,,
,,,
,,,
,,,
,,,
,,,
,,,
,,,
,,,
,,,
,,,
,,,
,,,
,,,
,,,
,,,
,,,
,,,
,,,
,,,
,,,
,,,
,,,
,,,
,,,
,,,
,,,
,,,
,,,
,,,
,,,
,,,
,,,
,,,
,,,
,,,
,,,
,,,
,,,
,,,
,,,
,,,
,,,
,,,
,,,
,,,
,,,
,,,
,,,
,,,
,,,
,,,
,,,
,,,
,,,
,,,
,,,
,,,
,,,
,,,
,,,
,,,
,,,
,,,
,,,
,,,
,,,
,,,
,,,
,,,
,,,
,,,
,,,
,,,
,,,
,,,
,,,
,,,
,,,
,,,
,,,
,,,
,,,
,,,
,,,
,,,
,,,
,,,
,,,
,,,
,,,
,,,
,,,
,,,
,,,
,,,
,,,
,,,
,,,
,,,
,,,
,,,
,,,
,,,
,,,
,,,
,,,
,,,
,,,
,,,
,,,
,,,
,,,
,,,
,,,
,,,
,,,
,,,
,,,
,,,
,,,
,,,
,,,
,,,
,,,
,,,
,,,
,,,
,,,
,,,
,,,
,,,
,,,
,,,
,,,
,,,
,,,
,,,
,,,
,,,
,,,
,,,
,,,
,,,
,,,
,,,
,,,
,,,
,,,
,,,
,,,
,,,
,,,
,,,
,,,
,,,
,,,
,,,
,,,
,,,
,,,
,,,
,,,
,,,
,,,
,,,
,,,
,,,
,,,
,,,
,,,
,,,
,,,
,,,
,,,
,,,
,,,
,,,
,,,
,,,
,,,
,,,
,,,
,,,
,,,
,,,
,,,
,,,
,,,
,,,
,,,
,,,
,,,
,,,
,,,
,,,
,,,
,,,
,,,
,,,
,,,
,,,
,,,
,,,
,,,
,,,
,,,
,,,
,,,
,,,
,,,
,,,
,,,
,,,
,,,
,,,
,,,
,,,
,,,
,,,
,,,
,,,
,,,
,,,
,,,
,,,
,,,
,,,
,,,
,,,
,,,
,,,
,,,
,,,
,,,
,,,
,,,
,,,
,,,
,,,
,,,
,,,
,,,
,,,
,,,
,,,
,,,
,,,
,,,
,,,
,,,
,,,
,,,
,,,
,,,
,,,
,,,
,,,
,,,
,,,
,,,
,,,
,,,
,,,
,,,
,,,
,,,
,,,
,,,
,,,
,,,
,,,
,,,
,,,
,,,
,,,
,,,
,,,
,,,
,,,
,,,
,,,
,,,
,,,
,,,
,,,
,,,
,,,
,,,
,,,
,,,
,,,
,,,
,,,
,,,
,,,
,,,
,,,
,,,
,,,
,,,
,,,
,,,
,,,
,,,
,,,
,,,
,,,
,,,
,,,
,,,
,,,
,,,
,,,
,,,
,,,
,,,
,,,
,,,
,,,
,,,
,,,
,,,
,,,
,,,
,,,
,,,
,,,
,,,
,,,
,,,
,,,
,,,
,,,
,,,
,,,
,,,
,,,
,,,
,,,
,,,
,,,
,,,
,,,
,,,
,,,
,,,
,,,
,,,
,,,
,,,
,,,
,,,
,,,
,,,
,,,
,,,
,,,
,,,
,,,
,,,
,,,
,,,
,,,
,,,
,,,
,,,
,,,
,,,
,,,
,,,
,,,
,,,
,,,
,,,
,,,
,,,
,,,
,,,
,,,
,,,
,,,
,,,
,,,
,,,
,,,
,,,
,,,
,,,
,,,
,,,
,,,
,,,
,,,
,,,
,,,
,,,
,,,
,,,
,,,
,,,
,,,
,,,
,,,
,,,
,,,
,,,
,,,
,,,
,,,
,,,
,,,
,,,
,,,
,,,
,,,
,,,
,,,
,,,
,,,
,,,
,,,
,,,
,,,
,,,
,,,
,,,
,,,
,,,
,,,
,,,
,,,
,,,
,,,
,,,
,,,
,,,
,,,
,,,
,,,
,,,
,,,
,,,
,,,
,,,
,,,
,,,
,,,
,,,
,,,
,,,
,,,
,,,
,,,
,,,
,,,
,,,
,,,
,,,
,,,
,,,
,,,
,,,
,,,
,,,
,,,
,,,
,,,
,,,
,,,
,,,
,,,
,,,
,,,
,,,
,,,
,,,
,,,
,,,
,,,
,,,
,,,
,,,
,,,
,,,
,,,
,,,
,,,
,,,
,,,
,,,
,,,
,,,
,,,
,,,
,,,
,,,
,,,
,,,
,,,
,,,
,,,
,,,
,,,
,,,
,,,
,,,
,,,
,,,
,,,
,,,
,,,
,,,
,,,
,,,
,,,
,,,
,,,
,,,
,,,
,,,
,,,
,,,
,,,
,,,
,,,
,,,
,,,
,,,
,,,
,,,
,,,
,,,
,,,
,,,
,,,
,,,
,,,
,,,
,,,
,,,
,,,
,,,
,,,
,,,
,,,
,,,
,,,
,,,
,,,
,,,
,,,
,,,
,,,
,,,
,,,
,,,
,,,
,,,
,,,
,,,
,,,
,,,
,,,
,,,
,,,
,,,
,,,
,,,
,,,
,,,
,,,
,,,
,,,
,,,
,,,
,,,
,,,
,,,
,,,
,,,
,,,
,,,
,,,
,,,
,,,
,,,
,,,
,,,
,,,
,,,
,,,
,,,
,,,
,,,
,,,
,,,
,,,
